province,phase,period_start,well_milled_price,regular_milled_price
Abra,1st,2024-01-01,50.5,41.0
Agusan Del Norte,1st,2024-01-01,52.8,45.5
Agusan Del Sur,1st,2024-01-01,54.67,49.5
Aklan,1st,2024-01-01,59.25,44.5
Albay,1st,2024-01-01,55.19,52.9
Antique,1st,2024-01-01,53.5,50.0
Apayao,1st,2024-01-01,58.0,56.0
Aurora,1st,2024-01-01,52.84,55.71
Basilan,1st,2024-01-01,56.77,51.18
Bataan,1st,2024-01-01,64.94,46.49
Batanes,1st,2024-01-01,72.0,
Batangas,1st,2024-01-01,62.2,64.0
Benguet,1st,2024-01-01,50.88,41.0
Biliran,1st,2024-01-01,58.13,55.84
Bohol,1st,2024-01-01,54.95,51.0
Bukidnon,1st,2024-01-01,54.5,52.0
Bulacan,1st,2024-01-01,58.08,51.0
Cagayan,1st,2024-01-01,53.67,44.13
Camarines Norte,1st,2024-01-01,61.67,50.0
Camarines Sur,1st,2024-01-01,55.75,55.39
Camiguin,1st,2024-01-01,56.63,53.5
Capiz,1st,2024-01-01,45.0,41.0
Catanduanes,1st,2024-01-01,54.84,50.3
Cavite,1st,2024-01-01,51.0,46.96
Cebu,1st,2024-01-01,60.08,53.84
City Of Isabela,1st,2024-01-01,59.72,50.35
Davao De Oro,1st,2024-01-01,,53.0
Davao Del Norte,1st,2024-01-01,57.83,47.23
Davao Del Sur,1st,2024-01-01,59.5,57.5
Davao Occidental,1st,2024-01-01,55.92,53.25
Davao Oriental,1st,2024-01-01,56.0,52.75
Dinagat Islands,1st,2024-01-01,57.88,49.0
Eastern Samar,1st,2024-01-01,51.33,50.0
Guimaras,1st,2024-01-01,48.0,45.0
Ifugao,1st,2024-01-01,57.48,49.5
Ilocos Norte,1st,2024-01-01,48.27,45.5
Ilocos Sur,1st,2024-01-01,45.5,45.4
Iloilo,1st,2024-01-01,53.94,35.5
Isabela,1st,2024-01-01,48.67,41.27
Kalinga,1st,2024-01-01,47.5,45.5
La Union,1st,2024-01-01,55.0,50.0
Laguna,1st,2024-01-01,53.5,46.88
Lanao Del Sur,1st,2024-01-01,58.07,53.5
Lanao del Norte,1st,2024-01-01,51.5,47.17
Leyte,1st,2024-01-01,67.98,51.75
Maguindanao,1st,2024-01-01,47.0,45.25
Marinduque,1st,2024-01-01,50.5,43.0
Masbate,1st,2024-01-01,55.82,51.66
Misamis Occidental,1st,2024-01-01,,
Misamis Oriental,1st,2024-01-01,58.3,50.52
Mountain Province,1st,2024-01-01,58.0,52.5
NCR,1st,2024-01-01,51.38,43.93
Negros Occidental,1st,2024-01-01,56.0,47.0
Negros Oriental,1st,2024-01-01,57.98,51.59
North Cotabato,1st,2024-01-01,54.5,53.05
Northern Samar,1st,2024-01-01,54.75,47.0
Nueva Ecija,1st,2024-01-01,54.42,52.5
Nueva Vizcaya,1st,2024-01-01,51.5,47.5
Occidental Mindoro,1st,2024-01-01,44.5,40.25
Oriental Mindoro,1st,2024-01-01,52.17,47.5
Palawan,1st,2024-01-01,51.88,46.29
Pampanga,1st,2024-01-01,54.9,52.6
Pangasinan,1st,2024-01-01,54.9,48.5
Quezon,1st,2024-01-01,46.0,41.5
Quirino,1st,2024-01-01,55.0,50.5
Rizal,1st,2024-01-01,53.59,51.0
Romblon,1st,2024-01-01,57.0,50.16
Sarangani,1st,2024-01-01,56.34,54.75
Siquijor,1st,2024-01-01,61.0,54.33
Sorsogon,1st,2024-01-01,58.18,51.5
South Cotabato,1st,2024-01-01,53.5,41.9
Southern Leyte,1st,2024-01-01,61.17,57.82
Sultan Kudarat,1st,2024-01-01,51.84,49.0
Sulu,1st,2024-01-01,,
Surigao Del Norte,1st,2024-01-01,54.25,44.25
Surigao Del Sur,1st,2024-01-01,56.8,54.5
Tarlac,1st,2024-01-01,64.2,52.5
Tawi-Tawi,1st,2024-01-01,62.59,58.0
Western Samar,1st,2024-01-01,56.46,52.92
Zambales,1st,2024-01-01,70.13,62.69
Zamboanga Del Norte,1st,2024-01-01,58.21,51.8
Zamboanga Del Sur,1st,2024-01-01,55.35,52.8
Zamboanga Sibugay,1st,2024-01-01,56.67,53.67
Abra,2nd,2024-01-16,50.5,41.0
Agusan Del Norte,2nd,2024-01-16,53.59,48.0
Agusan Del Sur,2nd,2024-01-16,54.84,49.0
Aklan,2nd,2024-01-16,59.25,44.5
Albay,2nd,2024-01-16,55.36,53.25
Antique,2nd,2024-01-16,53.5,50.0
Apayao,2nd,2024-01-16,57.0,55.5
Aurora,2nd,2024-01-16,53.75,55.71
Basilan,2nd,2024-01-16,56.75,55.5
Bataan,2nd,2024-01-16,67.09,46.46
Batanes,2nd,2024-01-16,72.0,
Batangas,2nd,2024-01-16,62.3,64.0
Benguet,2nd,2024-01-16,50.88,41.0
Biliran,2nd,2024-01-16,58.13,55.75
Bohol,2nd,2024-01-16,54.95,51.0
Bukidnon,2nd,2024-01-16,53.33,51.0
Bulacan,2nd,2024-01-16,61.41,51.5
Cagayan,2nd,2024-01-16,54.38,46.93
Camarines Norte,2nd,2024-01-16,57.5,43.21
Camarines Sur,2nd,2024-01-16,56.63,56.28
Camiguin,2nd,2024-01-16,56.63,54.0
Capiz,2nd,2024-01-16,45.0,41.0
Catanduanes,2nd,2024-01-16,53.05,48.8
Cavite,2nd,2024-01-16,54.06,50.53
Cebu,2nd,2024-01-16,60.08,53.88
City Of Isabela,2nd,2024-01-16,59.58,50.4
Davao De Oro,2nd,2024-01-16,,53.17
Davao Del Norte,2nd,2024-01-16,58.33,47.73
Davao Del Sur,2nd,2024-01-16,59.25,56.13
Davao Occidental,2nd,2024-01-16,55.25,52.92
Davao Oriental,2nd,2024-01-16,59.17,53.25
Dinagat Islands,2nd,2024-01-16,57.72,50.25
Eastern Samar,2nd,2024-01-16,51.11,50.0
Guimaras,2nd,2024-01-16,49.5,45.0
Ifugao,2nd,2024-01-16,57.48,49.5
Ilocos Norte,2nd,2024-01-16,51.9,48.0
Ilocos Sur,2nd,2024-01-16,52.25,46.0
Iloilo,2nd,2024-01-16,59.08,35.5
Isabela,2nd,2024-01-16,48.84,41.27
Kalinga,2nd,2024-01-16,46.0,47.5
La Union,2nd,2024-01-16,55.0,50.0
Laguna,2nd,2024-01-16,54.09,46.88
Lanao Del Sur,2nd,2024-01-16,57.32,53.5
Lanao del Norte,2nd,2024-01-16,52.0,48.0
Leyte,2nd,2024-01-16,67.81,52.0
Maguindanao,2nd,2024-01-16,47.0,45.25
Marinduque,2nd,2024-01-16,44.75,43.0
Masbate,2nd,2024-01-16,54.5,52.91
Misamis Occidental,2nd,2024-01-16,,
Misamis Oriental,2nd,2024-01-16,60.1,51.42
Mountain Province,2nd,2024-01-16,58.0,52.5
NCR,2nd,2024-01-16,51.76,43.97
Negros Occidental,2nd,2024-01-16,56.0,47.0
Negros Oriental,2nd,2024-01-16,58.98,53.34
North Cotabato,2nd,2024-01-16,55.38,53.13
Northern Samar,2nd,2024-01-16,55.54,47.67
Nueva Ecija,2nd,2024-01-16,54.25,53.0
Nueva Vizcaya,2nd,2024-01-16,51.84,47.5
Occidental Mindoro,2nd,2024-01-16,45.0,42.88
Oriental Mindoro,2nd,2024-01-16,51.5,48.75
Palawan,2nd,2024-01-16,52.25,48.29
Pampanga,2nd,2024-01-16,54.9,52.6
Pangasinan,2nd,2024-01-16,53.25,48.5
Quezon,2nd,2024-01-16,46.0,40.5
Quirino,2nd,2024-01-16,55.59,50.0
Rizal,2nd,2024-01-16,53.5,51.0
Romblon,2nd,2024-01-16,53.5,49.25
Sarangani,2nd,2024-01-16,56.09,55.0
Siquijor,2nd,2024-01-16,61.0,54.33
Sorsogon,2nd,2024-01-16,58.18,51.75
South Cotabato,2nd,2024-01-16,53.5,41.9
Southern Leyte,2nd,2024-01-16,61.17,57.82
Sultan Kudarat,2nd,2024-01-16,51.5,46.0
Sulu,2nd,2024-01-16,,
Surigao Del Norte,2nd,2024-01-16,51.65,44.0
Surigao Del Sur,2nd,2024-01-16,56.3,55.3
Tarlac,2nd,2024-01-16,56.0,52.5
Tawi-Tawi,2nd,2024-01-16,62.5,57.5
Western Samar,2nd,2024-01-16,57.71,55.67
Zambales,2nd,2024-01-16,70.13,62.69
Zamboanga Del Norte,2nd,2024-01-16,59.0,53.13
Zamboanga Del Sur,2nd,2024-01-16,55.35,52.8
Zamboanga Sibugay,2nd,2024-01-16,56.67,53.67
Abra,1st,2024-02-01,50.84,42.5
Agusan Del Norte,1st,2024-02-01,53.17,47.67
Agusan Del Sur,1st,2024-02-01,54.5,50.5
Aklan,1st,2024-02-01,62.0,44.5
Albay,1st,2024-02-01,55.71,53.63
Antique,1st,2024-02-01,56.0,52.0
Apayao,1st,2024-02-01,58.0,56.0
Aurora,1st,2024-02-01,54.67,53.88
Basilan,1st,2024-02-01,56.73,56.49
Bataan,1st,2024-02-01,67.22,46.6
Batanes,1st,2024-02-01,72.0,
Batangas,1st,2024-02-01,62.13,64.0
Benguet,1st,2024-02-01,51.38,41.0
Biliran,1st,2024-02-01,58.44,55.75
Bohol,1st,2024-02-01,55.4,52.4
Bukidnon,1st,2024-02-01,53.0,45.0
Bulacan,1st,2024-02-01,58.9,51.5
Cagayan,1st,2024-02-01,54.5,46.5
Camarines Norte,1st,2024-02-01,58.0,52.0
Camarines Sur,1st,2024-02-01,54.63,54.32
Camiguin,1st,2024-02-01,58.0,53.88
Capiz,1st,2024-02-01,45.25,41.5
Catanduanes,1st,2024-02-01,56.5,50.3
Cavite,1st,2024-02-01,51.13,47.79
Cebu,1st,2024-02-01,60.08,53.88
City Of Isabela,1st,2024-02-01,59.88,50.6
Davao De Oro,1st,2024-02-01,,53.5
Davao Del Norte,1st,2024-02-01,58.1,47.5
Davao Del Sur,1st,2024-02-01,58.25,56.0
Davao Occidental,1st,2024-02-01,56.17,53.25
Davao Oriental,1st,2024-02-01,56.63,50.25
Dinagat Islands,1st,2024-02-01,58.5,55.25
Eastern Samar,1st,2024-02-01,51.94,51.63
Guimaras,1st,2024-02-01,48.0,45.5
Ifugao,1st,2024-02-01,58.5,51.0
Ilocos Norte,1st,2024-02-01,52.54,50.0
Ilocos Sur,1st,2024-02-01,51.63,46.0
Iloilo,1st,2024-02-01,60.15,35.5
Isabela,1st,2024-02-01,49.34,41.71
Kalinga,1st,2024-02-01,54.0,51.0
La Union,1st,2024-02-01,54.5,51.0
Laguna,1st,2024-02-01,54.38,47.5
Lanao Del Sur,1st,2024-02-01,58.5,56.75
Lanao del Norte,1st,2024-02-01,52.33,48.17
Leyte,1st,2024-02-01,65.93,51.75
Maguindanao,1st,2024-02-01,48.25,46.75
Marinduque,1st,2024-02-01,49.5,38.0
Masbate,1st,2024-02-01,55.67,53.5
Misamis Occidental,1st,2024-02-01,54.5,51.0
Misamis Oriental,1st,2024-02-01,63.32,50.67
Mountain Province,1st,2024-02-01,58.0,52.5
NCR,1st,2024-02-01,52.37,44.18
Negros Occidental,1st,2024-02-01,56.0,47.0
Negros Oriental,1st,2024-02-01,59.6,54.09
North Cotabato,1st,2024-02-01,55.38,53.13
Northern Samar,1st,2024-02-01,56.42,46.84
Nueva Ecija,1st,2024-02-01,55.25,52.5
Nueva Vizcaya,1st,2024-02-01,50.75,47.5
Occidental Mindoro,1st,2024-02-01,46.5,42.71
Oriental Mindoro,1st,2024-02-01,54.0,50.5
Palawan,1st,2024-02-01,53.54,48.47
Pampanga,1st,2024-02-01,54.7,52.4
Pangasinan,1st,2024-02-01,55.5,48.5
Quezon,1st,2024-02-01,46.0,40.5
Quirino,1st,2024-02-01,55.38,50.75
Rizal,1st,2024-02-01,53.5,51.0
Romblon,1st,2024-02-01,60.17,54.75
Sarangani,1st,2024-02-01,56.67,54.09
Siquijor,1st,2024-02-01,61.43,53.73
Sorsogon,1st,2024-02-01,58.35,54.25
South Cotabato,1st,2024-02-01,53.95,41.9
Southern Leyte,1st,2024-02-01,61.34,57.49
Sultan Kudarat,1st,2024-02-01,52.75,47.75
Sulu,1st,2024-02-01,,
Surigao Del Norte,1st,2024-02-01,51.95,46.25
Surigao Del Sur,1st,2024-02-01,57.6,55.4
Tarlac,1st,2024-02-01,56.0,52.5
Tawi-Tawi,1st,2024-02-01,62.5,57.5
Western Samar,1st,2024-02-01,57.63,55.34
Zambales,1st,2024-02-01,70.13,62.69
Zamboanga Del Norte,1st,2024-02-01,59.55,53.0
Zamboanga Del Sur,1st,2024-02-01,55.9,52.5
Zamboanga Sibugay,1st,2024-02-01,56.67,53.33
Abra,2nd,2024-02-16,50.84,42.5
Agusan Del Norte,2nd,2024-02-16,53.45,44.67
Agusan Del Sur,2nd,2024-02-16,55.13,51.5
Aklan,2nd,2024-02-16,62.0,44.5
Albay,2nd,2024-02-16,56.04,54.13
Antique,2nd,2024-02-16,56.0,52.0
Apayao,2nd,2024-02-16,58.0,56.0
Aurora,2nd,2024-02-16,55.25,55.0
Basilan,2nd,2024-02-16,56.13,55.5
Bataan,2nd,2024-02-16,,46.67
Batanes,2nd,2024-02-16,72.0,
Batangas,2nd,2024-02-16,61.9,66.0
Benguet,2nd,2024-02-16,51.38,41.0
Biliran,2nd,2024-02-16,58.44,55.75
Bohol,2nd,2024-02-16,55.6,52.4
Bukidnon,2nd,2024-02-16,53.0,45.0
Bulacan,2nd,2024-02-16,59.6,49.5
Cagayan,2nd,2024-02-16,54.92,44.5
Camarines Norte,2nd,2024-02-16,58.0,52.0
Camarines Sur,2nd,2024-02-16,54.63,54.32
Camiguin,2nd,2024-02-16,57.59,53.88
Capiz,2nd,2024-02-16,45.5,42.0
Catanduanes,2nd,2024-02-16,53.18,48.8
Cavite,2nd,2024-02-16,52.38,48.91
Cebu,2nd,2024-02-16,60.08,53.63
City Of Isabela,2nd,2024-02-16,,50.38
Davao De Oro,2nd,2024-02-16,,53.75
Davao Del Norte,2nd,2024-02-16,60.35,48.5
Davao Del Sur,2nd,2024-02-16,59.25,58.0
Davao Occidental,2nd,2024-02-16,56.67,53.0
Davao Oriental,2nd,2024-02-16,58.63,54.5
Dinagat Islands,2nd,2024-02-16,58.25,55.42
Eastern Samar,2nd,2024-02-16,51.94,51.63
Guimaras,2nd,2024-02-16,55.5,52.0
Ifugao,2nd,2024-02-16,58.5,51.0
Ilocos Norte,2nd,2024-02-16,52.54,50.0
Ilocos Sur,2nd,2024-02-16,48.5,46.5
Iloilo,2nd,2024-02-16,58.9,35.5
Isabela,2nd,2024-02-16,50.68,42.76
Kalinga,2nd,2024-02-16,54.0,49.0
La Union,2nd,2024-02-16,54.5,51.0
Laguna,2nd,2024-02-16,54.38,47.5
Lanao Del Sur,2nd,2024-02-16,58.5,56.94
Lanao del Norte,2nd,2024-02-16,52.33,48.17
Leyte,2nd,2024-02-16,65.93,51.75
Maguindanao,2nd,2024-02-16,48.25,46.75
Marinduque,2nd,2024-02-16,53.0,40.5
Masbate,2nd,2024-02-16,52.75,52.5
Misamis Occidental,2nd,2024-02-16,54.5,51.0
Misamis Oriental,2nd,2024-02-16,63.32,50.67
Mountain Province,2nd,2024-02-16,58.0,55.0
NCR,2nd,2024-02-16,52.36,44.13
Negros Occidental,2nd,2024-02-16,58.5,51.0
Negros Oriental,2nd,2024-02-16,59.7,54.09
North Cotabato,2nd,2024-02-16,55.38,53.13
Northern Samar,2nd,2024-02-16,56.03,45.92
Nueva Ecija,2nd,2024-02-16,54.25,52.5
Nueva Vizcaya,2nd,2024-02-16,51.75,48.5
Occidental Mindoro,2nd,2024-02-16,50.0,42.71
Oriental Mindoro,2nd,2024-02-16,51.67,50.63
Palawan,2nd,2024-02-16,52.97,48.47
Pampanga,2nd,2024-02-16,54.8,51.6
Pangasinan,2nd,2024-02-16,55.5,48.5
Quezon,2nd,2024-02-16,46.0,40.5
Quirino,2nd,2024-02-16,55.38,49.75
Rizal,2nd,2024-02-16,53.75,51.0
Romblon,2nd,2024-02-16,60.17,54.75
Sarangani,2nd,2024-02-16,56.42,54.17
Siquijor,2nd,2024-02-16,61.7,54.18
Sorsogon,2nd,2024-02-16,57.4,54.5
South Cotabato,2nd,2024-02-16,54.45,42.9
Southern Leyte,2nd,2024-02-16,61.34,57.49
Sultan Kudarat,2nd,2024-02-16,52.75,51.25
Sulu,2nd,2024-02-16,,
Surigao Del Norte,2nd,2024-02-16,56.0,50.25
Surigao Del Sur,2nd,2024-02-16,58.2,56.0
Tarlac,2nd,2024-02-16,53.5,52.0
Tawi-Tawi,2nd,2024-02-16,62.5,57.5
Western Samar,2nd,2024-02-16,54.88,52.63
Zambales,2nd,2024-02-16,70.13,62.69
Zamboanga Del Norte,2nd,2024-02-16,59.55,53.0
Zamboanga Del Sur,2nd,2024-02-16,55.3,52.3
Zamboanga Sibugay,2nd,2024-02-16,56.67,53.25
Abra,1st,2024-03-01,57.5,52.5
Agusan Del Norte,1st,2024-03-01,54.1,45.5
Agusan Del Sur,1st,2024-03-01,54.92,51.17
Aklan,1st,2024-03-01,63.5,47.5
Albay,1st,2024-03-01,56.13,54.25
Antique,1st,2024-03-01,59.0,55.0
Apayao,1st,2024-03-01,54.5,54.0
Aurora,1st,2024-03-01,56.5,51.0
Basilan,1st,2024-03-01,56.42,54.75
Bataan,1st,2024-03-01,66.47,46.21
Batanes,1st,2024-03-01,72.0,
Batangas,1st,2024-03-01,63.9,66.0
Benguet,1st,2024-03-01,51.38,41.0
Biliran,1st,2024-03-01,59.0,56.17
Bohol,1st,2024-03-01,55.3,52.9
Bukidnon,1st,2024-03-01,56.0,45.0
Bulacan,1st,2024-03-01,61.22,49.5
Cagayan,1st,2024-03-01,51.89,41.53
Camarines Norte,1st,2024-03-01,58.13,52.0
Camarines Sur,1st,2024-03-01,55.91,55.61
Camiguin,1st,2024-03-01,,54.84
Capiz,1st,2024-03-01,45.75,42.5
Catanduanes,1st,2024-03-01,56.25,51.55
Cavite,1st,2024-03-01,52.73,49.23
Cebu,1st,2024-03-01,60.08,53.75
City Of Isabela,1st,2024-03-01,59.53,51.1
Davao De Oro,1st,2024-03-01,,53.67
Davao Del Norte,1st,2024-03-01,60.35,48.73
Davao Del Sur,1st,2024-03-01,59.25,56.25
Davao Occidental,1st,2024-03-01,56.67,53.5
Davao Oriental,1st,2024-03-01,56.0,54.5
Dinagat Islands,1st,2024-03-01,58.17,56.33
Eastern Samar,1st,2024-03-01,51.69,51.13
Guimaras,1st,2024-03-01,55.0,52.5
Ifugao,1st,2024-03-01,58.58,51.0
Ilocos Norte,1st,2024-03-01,52.54,50.0
Ilocos Sur,1st,2024-03-01,51.5,48.5
Iloilo,1st,2024-03-01,60.95,35.5
Isabela,1st,2024-03-01,50.46,46.61
Kalinga,1st,2024-03-01,55.5,50.0
La Union,1st,2024-03-01,53.0,51.0
Laguna,1st,2024-03-01,54.38,48.75
Lanao Del Sur,1st,2024-03-01,59.0,57.0
Lanao del Norte,1st,2024-03-01,52.67,48.59
Leyte,1st,2024-03-01,65.81,51.0
Maguindanao,1st,2024-03-01,49.5,47.5
Marinduque,1st,2024-03-01,53.84,40.5
Masbate,1st,2024-03-01,54.5,53.0
Misamis Occidental,1st,2024-03-01,53.5,50.5
Misamis Oriental,1st,2024-03-01,60.32,51.68
Mountain Province,1st,2024-03-01,60.0,56.0
NCR,1st,2024-03-01,52.63,44.23
Negros Occidental,1st,2024-03-01,64.5,51.0
Negros Oriental,1st,2024-03-01,58.98,52.54
North Cotabato,1st,2024-03-01,55.38,53.5
Northern Samar,1st,2024-03-01,55.46,45.9
Nueva Ecija,1st,2024-03-01,54.0,51.51
Nueva Vizcaya,1st,2024-03-01,51.0,48.5
Occidental Mindoro,1st,2024-03-01,57.5,55.04
Oriental Mindoro,1st,2024-03-01,51.67,50.17
Palawan,1st,2024-03-01,51.84,47.64
Pampanga,1st,2024-03-01,54.6,50.7
Pangasinan,1st,2024-03-01,54.5,48.5
Quezon,1st,2024-03-01,48.0,44.0
Quirino,1st,2024-03-01,53.67,44.5
Rizal,1st,2024-03-01,53.75,50.0
Romblon,1st,2024-03-01,63.67,60.13
Sarangani,1st,2024-03-01,56.42,54.17
Siquijor,1st,2024-03-01,61.15,55.54
Sorsogon,1st,2024-03-01,58.5,55.75
South Cotabato,1st,2024-03-01,54.95,43.9
Southern Leyte,1st,2024-03-01,60.95,57.24
Sultan Kudarat,1st,2024-03-01,52.75,51.13
Sulu,1st,2024-03-01,,
Surigao Del Norte,1st,2024-03-01,56.15,50.5
Surigao Del Sur,1st,2024-03-01,58.3,56.1
Tarlac,1st,2024-03-01,53.5,52.0
Tawi-Tawi,1st,2024-03-01,61.5,56.0
Western Samar,1st,2024-03-01,57.0,54.71
Zambales,1st,2024-03-01,70.71,65.69
Zamboanga Del Norte,1st,2024-03-01,60.33,52.75
Zamboanga Del Sur,1st,2024-03-01,56.0,52.4
Zamboanga Sibugay,1st,2024-03-01,56.67,53.33
Abra,2nd,2024-03-16,56.5,50.0
Agusan Del Norte,2nd,2024-03-16,54.33,45.5
Agusan Del Sur,2nd,2024-03-16,54.88,51.0
Aklan,2nd,2024-03-16,63.5,47.0
Albay,2nd,2024-03-16,59.05,57.18
Antique,2nd,2024-03-16,58.0,52.0
Apayao,2nd,2024-03-16,55.0,52.0
Aurora,2nd,2024-03-16,56.5,51.0
Basilan,2nd,2024-03-16,56.0,54.5
Bataan,2nd,2024-03-16,66.47,45.79
Batanes,2nd,2024-03-16,72.0,
Batangas,2nd,2024-03-16,61.9,66.0
Benguet,2nd,2024-03-16,51.38,41.0
Biliran,2nd,2024-03-16,59.0,56.17
Bohol,2nd,2024-03-16,55.3,53.0
Bukidnon,2nd,2024-03-16,54.67,45.0
Bulacan,2nd,2024-03-16,60.8,49.5
Cagayan,2nd,2024-03-16,51.89,41.53
Camarines Norte,2nd,2024-03-16,58.38,52.0
Camarines Sur,2nd,2024-03-16,56.16,55.86
Camiguin,2nd,2024-03-16,56.96,52.75
Capiz,2nd,2024-03-16,46.0,43.67
Catanduanes,2nd,2024-03-16,57.5,53.25
Cavite,2nd,2024-03-16,52.23,48.76
Cebu,2nd,2024-03-16,60.08,53.75
City Of Isabela,2nd,2024-03-16,59.53,51.1
Davao De Oro,2nd,2024-03-16,,53.59
Davao Del Norte,2nd,2024-03-16,59.85,48.73
Davao Del Sur,2nd,2024-03-16,59.0,57.75
Davao Occidental,2nd,2024-03-16,56.5,52.88
Davao Oriental,2nd,2024-03-16,55.63,52.25
Dinagat Islands,2nd,2024-03-16,58.25,55.5
Eastern Samar,2nd,2024-03-16,51.82,51.4
Guimaras,2nd,2024-03-16,56.0,52.5
Ifugao,2nd,2024-03-16,58.58,51.0
Ilocos Norte,2nd,2024-03-16,52.54,50.0
Ilocos Sur,2nd,2024-03-16,51.5,48.5
Iloilo,2nd,2024-03-16,61.38,35.5
Isabela,2nd,2024-03-16,50.3,46.47
Kalinga,2nd,2024-03-16,56.0,50.5
La Union,2nd,2024-03-16,53.0,51.0
Laguna,2nd,2024-03-16,54.38,48.75
Lanao Del Sur,2nd,2024-03-16,59.0,57.0
Lanao del Norte,2nd,2024-03-16,52.84,48.59
Leyte,2nd,2024-03-16,65.81,51.0
Maguindanao,2nd,2024-03-16,51.5,49.0
Marinduque,2nd,2024-03-16,54.7,42.0
Masbate,2nd,2024-03-16,55.75,53.25
Misamis Occidental,2nd,2024-03-16,53.5,50.0
Misamis Oriental,2nd,2024-03-16,60.32,54.67
Mountain Province,2nd,2024-03-16,60.0,56.0
NCR,2nd,2024-03-16,52.63,44.55
Negros Occidental,2nd,2024-03-16,64.5,51.0
Negros Oriental,2nd,2024-03-16,60.7,53.84
North Cotabato,2nd,2024-03-16,55.38,53.34
Northern Samar,2nd,2024-03-16,54.55,44.75
Nueva Ecija,2nd,2024-03-16,53.0,51.02
Nueva Vizcaya,2nd,2024-03-16,51.0,48.5
Occidental Mindoro,2nd,2024-03-16,57.0,56.09
Oriental Mindoro,2nd,2024-03-16,54.42,50.67
Palawan,2nd,2024-03-16,52.46,47.64
Pampanga,2nd,2024-03-16,54.4,50.5
Pangasinan,2nd,2024-03-16,54.5,48.5
Quezon,2nd,2024-03-16,50.0,45.0
Quirino,2nd,2024-03-16,52.67,48.0
Rizal,2nd,2024-03-16,53.75,50.5
Romblon,2nd,2024-03-16,63.34,60.13
Sarangani,2nd,2024-03-16,56.25,54.75
Siquijor,2nd,2024-03-16,61.05,54.65
Sorsogon,2nd,2024-03-16,58.0,55.75
South Cotabato,2nd,2024-03-16,54.45,43.9
Southern Leyte,2nd,2024-03-16,60.95,57.24
Sultan Kudarat,2nd,2024-03-16,52.75,50.63
Sulu,2nd,2024-03-16,,
Surigao Del Norte,2nd,2024-03-16,54.36,48.75
Surigao Del Sur,2nd,2024-03-16,57.3,55.0
Tarlac,2nd,2024-03-16,55.5,51.67
Tawi-Tawi,2nd,2024-03-16,61.5,55.5
Western Samar,2nd,2024-03-16,57.17,53.25
Zambales,2nd,2024-03-16,70.71,65.69
Zamboanga Del Norte,2nd,2024-03-16,60.58,52.75
Zamboanga Del Sur,2nd,2024-03-16,56.2,52.8
Zamboanga Sibugay,2nd,2024-03-16,56.67,53.33
Abra,1st,2024-04-01,56.0,50.0
Agusan Del Norte,1st,2024-04-01,54.1,45.5
Agusan Del Sur,1st,2024-04-01,54.38,51.0
Aklan,1st,2024-04-01,62.5,51.5
Albay,1st,2024-04-01,54.94,54.38
Antique,1st,2024-04-01,58.0,52.0
Apayao,1st,2024-04-01,51.5,50.5
Aurora,1st,2024-04-01,56.5,52.0
Basilan,1st,2024-04-01,56.09,56.81
Bataan,1st,2024-04-01,66.14,45.68
Batanes,1st,2024-04-01,76.0,
Batangas,1st,2024-04-01,63.9,66.0
Benguet,1st,2024-04-01,51.88,41.0
Biliran,1st,2024-04-01,57.13,54.42
Bohol,1st,2024-04-01,54.7,54.6
Bukidnon,1st,2024-04-01,55.75,52.0
Bulacan,1st,2024-04-01,58.84,50.0
Cagayan,1st,2024-04-01,53.45,41.27
Camarines Norte,1st,2024-04-01,56.88,50.0
Camarines Sur,1st,2024-04-01,56.16,55.86
Camiguin,1st,2024-04-01,57.09,53.09
Capiz,1st,2024-04-01,48.5,45.0
Catanduanes,1st,2024-04-01,56.25,51.55
Cavite,1st,2024-04-01,52.75,49.71
Cebu,1st,2024-04-01,59.2,53.75
City Of Isabela,1st,2024-04-01,59.89,51.52
Davao De Oro,1st,2024-04-01,,53.38
Davao Del Norte,1st,2024-04-01,59.95,48.73
Davao Del Sur,1st,2024-04-01,59.75,56.75
Davao Occidental,1st,2024-04-01,56.67,53.75
Davao Oriental,1st,2024-04-01,55.5,51.5
Dinagat Islands,1st,2024-04-01,57.75,54.12
Eastern Samar,1st,2024-04-01,52.94,51.17
Guimaras,1st,2024-04-01,55.25,53.0
Ifugao,1st,2024-04-01,58.98,51.0
Ilocos Norte,1st,2024-04-01,55.04,52.0
Ilocos Sur,1st,2024-04-01,54.0,50.17
Iloilo,1st,2024-04-01,63.0,36.0
Isabela,1st,2024-04-01,50.3,46.47
Kalinga,1st,2024-04-01,56.0,51.0
La Union,1st,2024-04-01,54.0,51.0
Laguna,1st,2024-04-01,54.38,49.0
Lanao Del Sur,1st,2024-04-01,59.34,57.5
Lanao del Norte,1st,2024-04-01,52.84,48.5
Leyte,1st,2024-04-01,65.68,51.84
Maguindanao,1st,2024-04-01,50.75,48.5
Marinduque,1st,2024-04-01,54.75,42.0
Masbate,1st,2024-04-01,58.75,53.25
Misamis Occidental,1st,2024-04-01,53.0,49.5
Misamis Oriental,1st,2024-04-01,60.32,54.67
Mountain Province,1st,2024-04-01,60.0,55.0
NCR,1st,2024-04-01,52.9,45.03
Negros Occidental,1st,2024-04-01,65.0,52.0
Negros Oriental,1st,2024-04-01,59.7,54.09
North Cotabato,1st,2024-04-01,55.38,53.13
Northern Samar,1st,2024-04-01,54.34,44.32
Nueva Ecija,1st,2024-04-01,53.25,51.26
Nueva Vizcaya,1st,2024-04-01,50.75,48.5
Occidental Mindoro,1st,2024-04-01,61.5,56.42
Oriental Mindoro,1st,2024-04-01,52.84,46.5
Palawan,1st,2024-04-01,52.29,47.14
Pampanga,1st,2024-04-01,54.6,50.5
Pangasinan,1st,2024-04-01,53.5,48.5
Quezon,1st,2024-04-01,52.0,48.0
Quirino,1st,2024-04-01,52.67,50.0
Rizal,1st,2024-04-01,54.0,50.84
Romblon,1st,2024-04-01,62.5,59.13
Sarangani,1st,2024-04-01,56.42,54.75
Siquijor,1st,2024-04-01,60.2,55.75
Sorsogon,1st,2024-04-01,56.0,53.52
South Cotabato,1st,2024-04-01,54.45,43.9
Southern Leyte,1st,2024-04-01,60.95,57.03
Sultan Kudarat,1st,2024-04-01,52.38,50.75
Sulu,1st,2024-04-01,,
Surigao Del Norte,1st,2024-04-01,54.87,49.5
Surigao Del Sur,1st,2024-04-01,55.55,53.5
Tarlac,1st,2024-04-01,55.5,51.67
Tawi-Tawi,1st,2024-04-01,61.5,56.0
Western Samar,1st,2024-04-01,57.13,54.25
Zambales,1st,2024-04-01,70.38,68.44
Zamboanga Del Norte,1st,2024-04-01,59.26,53.5
Zamboanga Del Sur,1st,2024-04-01,55.7,50.63
Zamboanga Sibugay,1st,2024-04-01,56.67,52.5
Abra,2nd,2024-04-16,56.0,50.0
Agusan Del Norte,2nd,2024-04-16,54.1,45.5
Agusan Del Sur,2nd,2024-04-16,54.17,50.25
Aklan,2nd,2024-04-16,63.0,52.0
Albay,2nd,2024-04-16,58.75,54.25
Antique,2nd,2024-04-16,58.0,52.0
Apayao,2nd,2024-04-16,51.5,50.5
Aurora,2nd,2024-04-16,56.3,53.0
Basilan,2nd,2024-04-16,56.59,55.67
Bataan,2nd,2024-04-16,65.94,45.5
Batanes,2nd,2024-04-16,76.0,
Batangas,2nd,2024-04-16,63.9,66.0
Benguet,2nd,2024-04-16,51.88,41.0
Biliran,2nd,2024-04-16,57.13,54.42
Bohol,2nd,2024-04-16,55.2,55.7
Bukidnon,2nd,2024-04-16,55.33,52.0
Bulacan,2nd,2024-04-16,60.01,50.0
Cagayan,2nd,2024-04-16,51.13,44.75
Camarines Norte,2nd,2024-04-16,57.42,51.0
Camarines Sur,2nd,2024-04-16,55.49,55.2
Camiguin,2nd,2024-04-16,56.29,52.42
Capiz,2nd,2024-04-16,50.0,45.5
Catanduanes,2nd,2024-04-16,52.95,50.98
Cavite,2nd,2024-04-16,52.73,49.69
Cebu,2nd,2024-04-16,58.5,53.25
City Of Isabela,2nd,2024-04-16,59.89,51.55
Davao De Oro,2nd,2024-04-16,,53.15
Davao Del Norte,2nd,2024-04-16,59.45,48.73
Davao Del Sur,2nd,2024-04-16,59.0,58.0
Davao Occidental,2nd,2024-04-16,55.34,52.75
Davao Oriental,2nd,2024-04-16,55.13,51.34
Dinagat Islands,2nd,2024-04-16,55.83,53.45
Eastern Samar,2nd,2024-04-16,52.94,51.43
Guimaras,2nd,2024-04-16,55.0,52.5
Ifugao,2nd,2024-04-16,58.98,51.0
Ilocos Norte,2nd,2024-04-16,55.04,52.0
Ilocos Sur,2nd,2024-04-16,54.0,50.17
Iloilo,2nd,2024-04-16,62.25,37.5
Isabela,2nd,2024-04-16,50.3,46.47
Kalinga,2nd,2024-04-16,56.0,51.0
La Union,2nd,2024-04-16,54.0,51.0
Laguna,2nd,2024-04-16,54.38,49.0
Lanao Del Sur,2nd,2024-04-16,60.0,57.25
Lanao del Norte,2nd,2024-04-16,52.84,48.5
Leyte,2nd,2024-04-16,65.68,51.84
Maguindanao,2nd,2024-04-16,48.75,47.5
Marinduque,2nd,2024-04-16,55.5,41.5
Masbate,2nd,2024-04-16,57.67,54.75
Misamis Occidental,2nd,2024-04-16,53.0,49.5
Misamis Oriental,2nd,2024-04-16,60.32,54.68
Mountain Province,2nd,2024-04-16,60.0,55.0
NCR,2nd,2024-04-16,52.94,45.12
Negros Occidental,2nd,2024-04-16,65.0,51.5
Negros Oriental,2nd,2024-04-16,59.7,54.09
North Cotabato,2nd,2024-04-16,54.88,53.3
Northern Samar,2nd,2024-04-16,54.27,44.3
Nueva Ecija,2nd,2024-04-16,53.75,50.5
Nueva Vizcaya,2nd,2024-04-16,50.5,48.5
Occidental Mindoro,2nd,2024-04-16,60.38,57.5
Oriental Mindoro,2nd,2024-04-16,51.59,45.47
Palawan,2nd,2024-04-16,52.14,47.14
Pampanga,2nd,2024-04-16,54.5,50.5
Pangasinan,2nd,2024-04-16,54.3,48.5
Quezon,2nd,2024-04-16,52.0,48.0
Quirino,2nd,2024-04-16,52.83,49.5
Rizal,2nd,2024-04-16,54.0,50.84
Romblon,2nd,2024-04-16,61.67,58.63
Sarangani,2nd,2024-04-16,55.85,54.0
Siquijor,2nd,2024-04-16,61.1,55.55
Sorsogon,2nd,2024-04-16,55.93,52.7
South Cotabato,2nd,2024-04-16,53.5,43.9
Southern Leyte,2nd,2024-04-16,61.25,57.27
Sultan Kudarat,2nd,2024-04-16,52.0,50.5
Sulu,2nd,2024-04-16,,
Surigao Del Norte,2nd,2024-04-16,53.95,51.63
Surigao Del Sur,2nd,2024-04-16,55.0,52.84
Tarlac,2nd,2024-04-16,55.0,51.67
Tawi-Tawi,2nd,2024-04-16,65.0,55.5
Western Samar,2nd,2024-04-16,57.13,52.38
Zambales,2nd,2024-04-16,70.38,68.44
Zamboanga Del Norte,2nd,2024-04-16,59.26,53.5
Zamboanga Del Sur,2nd,2024-04-16,55.5,52.75
Zamboanga Sibugay,2nd,2024-04-16,56.67,52.5
Abra,1st,2024-05-01,56.0,50.0
Agusan Del Norte,1st,2024-05-01,53.79,45.49
Agusan Del Sur,1st,2024-05-01,54.09,50.5
Aklan,1st,2024-05-01,63.0,52.0
Albay,1st,2024-05-01,53.88,54.88
Antique,1st,2024-05-01,58.17,52.5
Apayao,1st,2024-05-01,49.5,49.68
Aurora,1st,2024-05-01,55.21,54.0
Basilan,1st,2024-05-01,55.75,55.67
Bataan,1st,2024-05-01,65.84,45.35
Batanes,1st,2024-05-01,76.0,
Batangas,1st,2024-05-01,65.7,66.0
Benguet,1st,2024-05-01,51.75,41.0
Biliran,1st,2024-05-01,56.42,53.09
Bohol,1st,2024-05-01,56.2,54.1
Bukidnon,1st,2024-05-01,54.67,52.0
Bulacan,1st,2024-05-01,57.92,50.0
Cagayan,1st,2024-05-01,51.13,44.75
Camarines Norte,1st,2024-05-01,58.17,52.0
Camarines Sur,1st,2024-05-01,51.67,51.15
Camiguin,1st,2024-05-01,56.38,52.25
Capiz,1st,2024-05-01,50.0,47.34
Catanduanes,1st,2024-05-01,55.0,53.0
Cavite,1st,2024-05-01,51.93,48.96
Cebu,1st,2024-05-01,58.5,53.25
City Of Isabela,1st,2024-05-01,60.08,51.68
Davao De Oro,1st,2024-05-01,,52.75
Davao Del Norte,1st,2024-05-01,59.18,49.73
Davao Del Sur,1st,2024-05-01,54.25,52.0
Davao Occidental,1st,2024-05-01,55.34,52.75
Davao Oriental,1st,2024-05-01,53.5,51.0
Dinagat Islands,1st,2024-05-01,56.7,52.6
Eastern Samar,1st,2024-05-01,51.28,50.33
Guimaras,1st,2024-05-01,55.0,52.5
Ifugao,1st,2024-05-01,56.9,50.0
Ilocos Norte,1st,2024-05-01,53.1,50.0
Ilocos Sur,1st,2024-05-01,53.5,48.5
Iloilo,1st,2024-05-01,62.25,40.0
Isabela,1st,2024-05-01,50.13,46.31
Kalinga,1st,2024-05-01,56.5,51.5
La Union,1st,2024-05-01,54.0,51.0
Laguna,1st,2024-05-01,53.96,49.0
Lanao Del Sur,1st,2024-05-01,60.34,58.25
Lanao del Norte,1st,2024-05-01,52.33,48.33
Leyte,1st,2024-05-01,67.41,51.25
Maguindanao,1st,2024-05-01,48.75,47.5
Marinduque,1st,2024-05-01,56.0,53.0
Masbate,1st,2024-05-01,53.84,52.25
Misamis Occidental,1st,2024-05-01,52.5,48.5
Misamis Oriental,1st,2024-05-01,60.32,54.68
Mountain Province,1st,2024-05-01,65.0,56.5
NCR,1st,2024-05-01,53.23,46.06
Negros Occidental,1st,2024-05-01,64.5,51.0
Negros Oriental,1st,2024-05-01,56.79,53.54
North Cotabato,1st,2024-05-01,54.88,53.0
Northern Samar,1st,2024-05-01,53.83,44.49
Nueva Ecija,1st,2024-05-01,53.25,49.5
Nueva Vizcaya,1st,2024-05-01,48.25,47.0
Occidental Mindoro,1st,2024-05-01,60.25,58.17
Oriental Mindoro,1st,2024-05-01,49.92,44.5
Palawan,1st,2024-05-01,51.0,46.89
Pampanga,1st,2024-05-01,54.3,50.4
Pangasinan,1st,2024-05-01,53.5,48.5
Quezon,1st,2024-05-01,53.5,50.0
Quirino,1st,2024-05-01,52.5,47.75
Rizal,1st,2024-05-01,54.0,50.84
Romblon,1st,2024-05-01,61.83,58.5
Sarangani,1st,2024-05-01,56.0,53.5
Siquijor,1st,2024-05-01,60.6,54.45
Sorsogon,1st,2024-05-01,56.18,50.7
South Cotabato,1st,2024-05-01,53.5,43.9
Southern Leyte,1st,2024-05-01,60.88,56.64
Sultan Kudarat,1st,2024-05-01,52.0,50.0
Sulu,1st,2024-05-01,,
Surigao Del Norte,1st,2024-05-01,53.88,50.38
Surigao Del Sur,1st,2024-05-01,55.4,52.3
Tarlac,1st,2024-05-01,55.0,51.67
Tawi-Tawi,1st,2024-05-01,65.0,54.17
Western Samar,1st,2024-05-01,55.13,51.17
Zambales,1st,2024-05-01,70.38,68.44
Zamboanga Del Norte,1st,2024-05-01,57.74,52.5
Zamboanga Del Sur,1st,2024-05-01,54.75,52.0
Zamboanga Sibugay,1st,2024-05-01,56.25,51.25
Abra,2nd,2024-05-16,56.0,50.0
Agusan Del Norte,2nd,2024-05-16,54.29,45.49
Agusan Del Sur,2nd,2024-05-16,54.25,51.09
Aklan,2nd,2024-05-16,63.0,52.0
Albay,2nd,2024-05-16,53.38,53.38
Antique,2nd,2024-05-16,58.25,52.5
Apayao,2nd,2024-05-16,49.98,49.7
Aurora,2nd,2024-05-16,53.5,50.0
Basilan,2nd,2024-05-16,56.42,55.67
Bataan,2nd,2024-05-16,65.94,45.21
Batanes,2nd,2024-05-16,76.0,
Batangas,2nd,2024-05-16,67.45,66.0
Benguet,2nd,2024-05-16,51.63,43.25
Biliran,2nd,2024-05-16,56.42,53.09
Bohol,2nd,2024-05-16,56.5,53.6
Bukidnon,2nd,2024-05-16,55.0,52.0
Bulacan,2nd,2024-05-16,57.57,51.5
Cagayan,2nd,2024-05-16,50.79,44.75
Camarines Norte,2nd,2024-05-16,55.8,50.0
Camarines Sur,2nd,2024-05-16,52.57,52.06
Camiguin,2nd,2024-05-16,55.75,51.59
Capiz,2nd,2024-05-16,51.0,49.0
Catanduanes,2nd,2024-05-16,51.75,50.03
Cavite,2nd,2024-05-16,52.39,49.41
Cebu,2nd,2024-05-16,58.5,53.25
City Of Isabela,2nd,2024-05-16,60.25,52.06
Davao De Oro,2nd,2024-05-16,,53.38
Davao Del Norte,2nd,2024-05-16,59.2,49.73
Davao Del Sur,2nd,2024-05-16,56.25,54.75
Davao Occidental,2nd,2024-05-16,55.34,52.75
Davao Oriental,2nd,2024-05-16,56.5,52.0
Dinagat Islands,2nd,2024-05-16,55.67,53.5
Eastern Samar,2nd,2024-05-16,51.28,53.57
Guimaras,2nd,2024-05-16,55.0,53.0
Ifugao,2nd,2024-05-16,56.9,50.0
Ilocos Norte,2nd,2024-05-16,53.1,50.0
Ilocos Sur,2nd,2024-05-16,52.92,47.34
Iloilo,2nd,2024-05-16,61.75,40.0
Isabela,2nd,2024-05-16,50.08,45.96
Kalinga,2nd,2024-05-16,55.0,50.5
La Union,2nd,2024-05-16,54.0,51.0
Laguna,2nd,2024-05-16,53.96,49.0
Lanao Del Sur,2nd,2024-05-16,60.34,58.25
Lanao del Norte,2nd,2024-05-16,52.33,48.33
Leyte,2nd,2024-05-16,67.41,51.25
Maguindanao,2nd,2024-05-16,48.75,47.5
Marinduque,2nd,2024-05-16,56.63,52.25
Masbate,2nd,2024-05-16,56.5,52.25
Misamis Occidental,2nd,2024-05-16,52.5,48.5
Misamis Oriental,2nd,2024-05-16,59.47,55.96
Mountain Province,2nd,2024-05-16,65.0,56.5
NCR,2nd,2024-05-16,53.27,46.19
Negros Occidental,2nd,2024-05-16,65.0,51.5
Negros Oriental,2nd,2024-05-16,57.92,53.21
North Cotabato,2nd,2024-05-16,54.88,52.3
Northern Samar,2nd,2024-05-16,53.83,44.49
Nueva Ecija,2nd,2024-05-16,54.0,50.34
Nueva Vizcaya,2nd,2024-05-16,48.25,47.0
Occidental Mindoro,2nd,2024-05-16,60.88,57.88
Oriental Mindoro,2nd,2024-05-16,50.09,44.5
Palawan,2nd,2024-05-16,52.0,47.64
Pampanga,2nd,2024-05-16,54.5,50.9
Pangasinan,2nd,2024-05-16,53.5,48.5
Quezon,2nd,2024-05-16,53.5,50.0
Quirino,2nd,2024-05-16,52.67,47.75
Rizal,2nd,2024-05-16,54.0,50.84
Romblon,2nd,2024-05-16,61.83,58.5
Sarangani,2nd,2024-05-16,55.88,53.13
Siquijor,2nd,2024-05-16,59.8,55.15
Sorsogon,2nd,2024-05-16,55.1,49.55
South Cotabato,2nd,2024-05-16,53.85,43.9
Southern Leyte,2nd,2024-05-16,60.88,56.64
Sultan Kudarat,2nd,2024-05-16,52.5,50.75
Sulu,2nd,2024-05-16,,
Surigao Del Norte,2nd,2024-05-16,53.59,49.0
Surigao Del Sur,2nd,2024-05-16,56.0,53.3
Tarlac,2nd,2024-05-16,55.0,51.67
Tawi-Tawi,2nd,2024-05-16,60.0,54.17
Western Samar,2nd,2024-05-16,56.0,49.88
Zambales,2nd,2024-05-16,70.38,68.44
Zamboanga Del Norte,2nd,2024-05-16,57.74,52.0
Zamboanga Del Sur,2nd,2024-05-16,54.25,51.71
Zamboanga Sibugay,2nd,2024-05-16,56.25,51.25
Abra,1st,2024-06-01,56.0,47.0
Agusan Del Norte,1st,2024-06-01,54.29,50.67
Agusan Del Sur,1st,2024-06-01,54.38,51.75
Aklan,1st,2024-06-01,63.0,52.0
Albay,1st,2024-06-01,53.0,53.75
Antique,1st,2024-06-01,58.0,53.0
Apayao,1st,2024-06-01,49.9,48.38
Aurora,1st,2024-06-01,53.0,50.0
Basilan,1st,2024-06-01,55.5,55.0
Bataan,1st,2024-06-01,65.95,45.52
Batanes,1st,2024-06-01,76.0,
Batangas,1st,2024-06-01,68.77,66.0
Benguet,1st,2024-06-01,50.75,43.25
Biliran,1st,2024-06-01,56.25,52.92
Bohol,1st,2024-06-01,56.5,54.1
Bukidnon,1st,2024-06-01,53.33,50.0
Bulacan,1st,2024-06-01,58.7,51.5
Cagayan,1st,2024-06-01,50.44,44.25
Camarines Norte,1st,2024-06-01,56.3,48.0
Camarines Sur,1st,2024-06-01,53.75,53.2
Camiguin,1st,2024-06-01,55.0,52.25
Capiz,1st,2024-06-01,52.0,50.0
Catanduanes,1st,2024-06-01,55.0,53.0
Cavite,1st,2024-06-01,52.55,49.41
Cebu,1st,2024-06-01,58.2,53.25
City Of Isabela,1st,2024-06-01,59.89,51.83
Davao De Oro,1st,2024-06-01,,52.17
Davao Del Norte,1st,2024-06-01,59.18,49.48
Davao Del Sur,1st,2024-06-01,55.5,53.25
Davao Occidental,1st,2024-06-01,55.09,53.4
Davao Oriental,1st,2024-06-01,57.5,51.67
Dinagat Islands,1st,2024-06-01,55.92,53.98
Eastern Samar,1st,2024-06-01,51.19,53.57
Guimaras,1st,2024-06-01,55.0,52.0
Ifugao,1st,2024-06-01,56.7,50.0
Ilocos Norte,1st,2024-06-01,53.1,50.0
Ilocos Sur,1st,2024-06-01,51.5,48.25
Iloilo,1st,2024-06-01,63.27,39.75
Isabela,1st,2024-06-01,49.78,44.3
Kalinga,1st,2024-06-01,56.5,52.0
La Union,1st,2024-06-01,54.0,51.0
Laguna,1st,2024-06-01,54.38,50.5
Lanao Del Sur,1st,2024-06-01,59.34,57.63
Lanao del Norte,1st,2024-06-01,52.33,48.33
Leyte,1st,2024-06-01,67.43,50.59
Maguindanao,1st,2024-06-01,48.75,47.5
Marinduque,1st,2024-06-01,56.0,53.0
Masbate,1st,2024-06-01,56.25,54.0
Misamis Occidental,1st,2024-06-01,53.5,50.0
Misamis Oriental,1st,2024-06-01,59.47,55.96
Mountain Province,1st,2024-06-01,65.0,56.5
NCR,1st,2024-06-01,53.29,46.29
Negros Occidental,1st,2024-06-01,65.0,52.42
Negros Oriental,1st,2024-06-01,56.92,53.0
North Cotabato,1st,2024-06-01,55.38,53.2
Northern Samar,1st,2024-06-01,53.46,45.67
Nueva Ecija,1st,2024-06-01,53.34,49.84
Nueva Vizcaya,1st,2024-06-01,48.0,47.0
Occidental Mindoro,1st,2024-06-01,59.18,55.05
Oriental Mindoro,1st,2024-06-01,49.92,42.5
Palawan,1st,2024-06-01,52.15,46.68
Pampanga,1st,2024-06-01,54.5,50.9
Pangasinan,1st,2024-06-01,50.6,48.5
Quezon,1st,2024-06-01,53.5,50.0
Quirino,1st,2024-06-01,53.34,49.0
Rizal,1st,2024-06-01,54.0,50.17
Romblon,1st,2024-06-01,62.5,59.5
Sarangani,1st,2024-06-01,55.88,54.0
Siquijor,1st,2024-06-01,59.63,54.82
Sorsogon,1st,2024-06-01,55.1,49.55
South Cotabato,1st,2024-06-01,54.0,43.9
Southern Leyte,1st,2024-06-01,60.69,56.77
Sultan Kudarat,1st,2024-06-01,52.67,51.17
Sulu,1st,2024-06-01,,
Surigao Del Norte,1st,2024-06-01,53.5,50.0
Surigao Del Sur,1st,2024-06-01,55.3,52.2
Tarlac,1st,2024-06-01,55.0,51.0
Tawi-Tawi,1st,2024-06-01,60.0,53.42
Western Samar,1st,2024-06-01,56.38,52.88
Zambales,1st,2024-06-01,69.54,67.19
Zamboanga Del Norte,1st,2024-06-01,57.7,54.65
Zamboanga Del Sur,1st,2024-06-01,54.63,52.4
Zamboanga Sibugay,1st,2024-06-01,56.25,51.0
Abra,2nd,2024-06-16,56.0,47.0
Agusan Del Norte,2nd,2024-06-16,53.68,50.46
Agusan Del Sur,2nd,2024-06-16,54.88,51.17
Aklan,2nd,2024-06-16,63.0,52.0
Albay,2nd,2024-06-16,53.38,53.38
Antique,2nd,2024-06-16,57.5,53.0
Apayao,2nd,2024-06-16,49.9,48.38
Aurora,2nd,2024-06-16,52.5,50.0
Basilan,2nd,2024-06-16,56.63,55.0
Bataan,2nd,2024-06-16,61.43,42.67
Batanes,2nd,2024-06-16,76.0,
Batangas,2nd,2024-06-16,68.57,66.0
Benguet,2nd,2024-06-16,50.75,43.25
Biliran,2nd,2024-06-16,56.25,52.92
Bohol,2nd,2024-06-16,56.1,53.4
Bukidnon,2nd,2024-06-16,55.0,50.0
Bulacan,2nd,2024-06-16,54.63,52.0
Cagayan,2nd,2024-06-16,51.5,44.25
Camarines Norte,2nd,2024-06-16,56.62,48.0
Camarines Sur,2nd,2024-06-16,51.0,50.43
Camiguin,2nd,2024-06-16,54.75,52.09
Capiz,2nd,2024-06-16,52.5,50.34
Catanduanes,2nd,2024-06-16,54.5,51.5
Cavite,2nd,2024-06-16,52.64,49.41
Cebu,2nd,2024-06-16,58.2,53.25
City Of Isabela,2nd,2024-06-16,59.89,51.83
Davao De Oro,2nd,2024-06-16,,52.13
Davao Del Norte,2nd,2024-06-16,59.18,49.73
Davao Del Sur,2nd,2024-06-16,58.13,53.5
Davao Occidental,2nd,2024-06-16,55.34,52.64
Davao Oriental,2nd,2024-06-16,58.67,52.34
Dinagat Islands,2nd,2024-06-16,55.92,53.47
Eastern Samar,2nd,2024-06-16,51.44,48.0
Guimaras,2nd,2024-06-16,55.0,52.0
Ifugao,2nd,2024-06-16,56.7,50.0
Ilocos Norte,2nd,2024-06-16,53.1,50.0
Ilocos Sur,2nd,2024-06-16,52.17,47.5
Iloilo,2nd,2024-06-16,60.59,40.0
Isabela,2nd,2024-06-16,49.51,44.05
Kalinga,2nd,2024-06-16,56.5,52.0
La Union,2nd,2024-06-16,54.0,51.0
Laguna,2nd,2024-06-16,54.38,49.0
Lanao Del Sur,2nd,2024-06-16,59.34,57.63
Lanao del Norte,2nd,2024-06-16,52.33,48.33
Leyte,2nd,2024-06-16,67.43,50.75
Maguindanao,2nd,2024-06-16,48.75,47.5
Marinduque,2nd,2024-06-16,56.5,47.83
Masbate,2nd,2024-06-16,56.5,54.0
Misamis Occidental,2nd,2024-06-16,53.5,50.0
Misamis Oriental,2nd,2024-06-16,59.32,54.46
Mountain Province,2nd,2024-06-16,60.0,55.0
NCR,2nd,2024-06-16,53.17,46.15
Negros Occidental,2nd,2024-06-16,65.5,52.92
Negros Oriental,2nd,2024-06-16,56.92,53.0
North Cotabato,2nd,2024-06-16,55.38,53.2
Northern Samar,2nd,2024-06-16,52.8,45.21
Nueva Ecija,2nd,2024-06-16,53.34,49.84
Nueva Vizcaya,2nd,2024-06-16,48.0,46.5
Occidental Mindoro,2nd,2024-06-16,62.38,56.75
Oriental Mindoro,2nd,2024-06-16,52.17,43.0
Palawan,2nd,2024-06-16,52.18,48.43
Pampanga,2nd,2024-06-16,54.5,50.9
Pangasinan,2nd,2024-06-16,50.6,47.38
Quezon,2nd,2024-06-16,53.5,50.0
Quirino,2nd,2024-06-16,53.34,49.0
Rizal,2nd,2024-06-16,54.0,50.17
Romblon,2nd,2024-06-16,60.0,58.75
Sarangani,2nd,2024-06-16,54.92,53.5
Siquijor,2nd,2024-06-16,56.8,56.98
Sorsogon,2nd,2024-06-16,55.1,49.39
South Cotabato,2nd,2024-06-16,52.85,43.9
Southern Leyte,2nd,2024-06-16,60.69,56.77
Sultan Kudarat,2nd,2024-06-16,52.75,51.34
Sulu,2nd,2024-06-16,,
Surigao Del Norte,2nd,2024-06-16,54.0,50.5
Surigao Del Sur,2nd,2024-06-16,55.45,52.75
Tarlac,2nd,2024-06-16,55.0,51.67
Tawi-Tawi,2nd,2024-06-16,60.0,53.42
Western Samar,2nd,2024-06-16,56.0,52.1
Zambales,2nd,2024-06-16,69.54,67.19
Zamboanga Del Norte,2nd,2024-06-16,57.7,54.65
Zamboanga Del Sur,2nd,2024-06-16,54.63,51.68
Zamboanga Sibugay,2nd,2024-06-16,56.25,51.0
Abra,1st,2024-07-01,56.0,47.0
Agusan Del Norte,1st,2024-07-01,54.29,50.67
Agusan Del Sur,1st,2024-07-01,54.38,51.75
Aklan,1st,2024-07-01,63.0,52.0
Albay,1st,2024-07-01,53.0,53.75
Antique,1st,2024-07-01,58.0,53.0
Apayao,1st,2024-07-01,49.9,48.38
Aurora,1st,2024-07-01,53.0,50.0
Basilan,1st,2024-07-01,55.5,55.0
Bataan,1st,2024-07-01,65.95,45.52
Batanes,1st,2024-07-01,76.0,
Batangas,1st,2024-07-01,68.77,66.0
Benguet,1st,2024-07-01,50.75,43.25
Biliran,1st,2024-07-01,56.25,52.92
Bohol,1st,2024-07-01,56.5,54.1
Bukidnon,1st,2024-07-01,53.33,50.0
Bulacan,1st,2024-07-01,58.7,51.5
Cagayan,1st,2024-07-01,50.44,44.25
Camarines Norte,1st,2024-07-01,56.3,48.0
Camarines Sur,1st,2024-07-01,53.75,53.2
Camiguin,1st,2024-07-01,55.0,52.25
Capiz,1st,2024-07-01,52.0,50.0
Catanduanes,1st,2024-07-01,55.0,53.0
Cavite,1st,2024-07-01,52.55,49.41
Cebu,1st,2024-07-01,58.2,53.25
City Of Isabela,1st,2024-07-01,59.89,51.83
Davao De Oro,1st,2024-07-01,,52.17
Davao Del Norte,1st,2024-07-01,59.18,49.48
Davao Del Sur,1st,2024-07-01,55.5,53.25
Davao Occidental,1st,2024-07-01,55.09,53.4
Davao Oriental,1st,2024-07-01,57.5,51.67
Dinagat Islands,1st,2024-07-01,55.92,53.98
Eastern Samar,1st,2024-07-01,51.19,53.57
Guimaras,1st,2024-07-01,55.0,52.0
Ifugao,1st,2024-07-01,56.7,50.0
Ilocos Norte,1st,2024-07-01,53.1,50.0
Ilocos Sur,1st,2024-07-01,51.5,48.25
Iloilo,1st,2024-07-01,63.27,39.75
Isabela,1st,2024-07-01,49.78,44.3
Kalinga,1st,2024-07-01,56.5,52.0
La Union,1st,2024-07-01,54.0,51.0
Laguna,1st,2024-07-01,54.38,50.5
Lanao Del Sur,1st,2024-07-01,59.34,57.63
Lanao del Norte,1st,2024-07-01,52.33,48.33
Leyte,1st,2024-07-01,67.43,50.59
Maguindanao,1st,2024-07-01,48.75,47.5
Marinduque,1st,2024-07-01,56.0,53.0
Masbate,1st,2024-07-01,56.25,54.0
Misamis Occidental,1st,2024-07-01,53.5,50.0
Misamis Oriental,1st,2024-07-01,59.47,55.96
Mountain Province,1st,2024-07-01,65.0,56.5
NCR,1st,2024-07-01,53.29,46.29
Negros Occidental,1st,2024-07-01,65.0,52.42
Negros Oriental,1st,2024-07-01,56.92,53.0
North Cotabato,1st,2024-07-01,55.38,53.2
Northern Samar,1st,2024-07-01,53.46,45.67
Nueva Ecija,1st,2024-07-01,53.34,49.84
Nueva Vizcaya,1st,2024-07-01,48.0,47.0
Occidental Mindoro,1st,2024-07-01,59.18,55.05
Oriental Mindoro,1st,2024-07-01,49.92,42.5
Palawan,1st,2024-07-01,52.15,46.68
Pampanga,1st,2024-07-01,54.5,50.9
Pangasinan,1st,2024-07-01,50.6,48.5
Quezon,1st,2024-07-01,53.5,50.0
Quirino,1st,2024-07-01,53.34,49.0
Rizal,1st,2024-07-01,54.0,50.17
Romblon,1st,2024-07-01,62.5,59.5
Sarangani,1st,2024-07-01,55.88,54.0
Siquijor,1st,2024-07-01,59.63,54.82
Sorsogon,1st,2024-07-01,55.1,49.55
South Cotabato,1st,2024-07-01,54.0,43.9
Southern Leyte,1st,2024-07-01,60.69,56.77
Sultan Kudarat,1st,2024-07-01,52.67,51.17
Sulu,1st,2024-07-01,,
Surigao Del Norte,1st,2024-07-01,53.5,50.0
Surigao Del Sur,1st,2024-07-01,55.3,52.2
Tarlac,1st,2024-07-01,55.0,51.0
Tawi-Tawi,1st,2024-07-01,60.0,53.42
Western Samar,1st,2024-07-01,56.38,52.88
Zambales,1st,2024-07-01,69.54,67.19
Zamboanga Del Norte,1st,2024-07-01,57.7,54.65
Zamboanga Del Sur,1st,2024-07-01,54.63,52.4
Zamboanga Sibugay,1st,2024-07-01,56.25,51.0
Abra,2nd,2024-07-16,56.0,47.0
Agusan Del Norte,2nd,2024-07-16,53.68,50.46
Agusan Del Sur,2nd,2024-07-16,54.88,51.17
Aklan,2nd,2024-07-16,63.0,52.0
Albay,2nd,2024-07-16,53.38,53.38
Antique,2nd,2024-07-16,57.5,53.0
Apayao,2nd,2024-07-16,49.9,48.38
Aurora,2nd,2024-07-16,52.5,50.0
Basilan,2nd,2024-07-16,56.63,55.0
Bataan,2nd,2024-07-16,61.43,42.67
Batanes,2nd,2024-07-16,76.0,
Batangas,2nd,2024-07-16,68.57,66.0
Benguet,2nd,2024-07-16,50.75,43.25
Biliran,2nd,2024-07-16,56.25,52.92
Bohol,2nd,2024-07-16,56.1,53.4
Bukidnon,2nd,2024-07-16,55.0,50.0
Bulacan,2nd,2024-07-16,54.63,52.0
Cagayan,2nd,2024-07-16,51.5,44.25
Camarines Norte,2nd,2024-07-16,56.62,48.0
Camarines Sur,2nd,2024-07-16,51.0,50.43
Camiguin,2nd,2024-07-16,54.75,52.09
Capiz,2nd,2024-07-16,52.5,50.34
Catanduanes,2nd,2024-07-16,54.5,51.5
Cavite,2nd,2024-07-16,52.64,49.41
Cebu,2nd,2024-07-16,58.2,53.25
City Of Isabela,2nd,2024-07-16,59.89,51.83
Davao De Oro,2nd,2024-07-16,,52.13
Davao Del Norte,2nd,2024-07-16,59.18,49.73
Davao Del Sur,2nd,2024-07-16,58.13,53.5
Davao Occidental,2nd,2024-07-16,55.34,52.64
Davao Oriental,2nd,2024-07-16,58.67,52.34
Dinagat Islands,2nd,2024-07-16,55.92,53.47
Eastern Samar,2nd,2024-07-16,51.44,48.0
Guimaras,2nd,2024-07-16,55.0,52.0
Ifugao,2nd,2024-07-16,56.7,50.0
Ilocos Norte,2nd,2024-07-16,53.1,50.0
Ilocos Sur,2nd,2024-07-16,52.17,47.5
Iloilo,2nd,2024-07-16,60.59,40.0
Isabela,2nd,2024-07-16,49.51,44.05
Kalinga,2nd,2024-07-16,56.5,52.0
La Union,2nd,2024-07-16,54.0,51.0
Laguna,2nd,2024-07-16,54.38,49.0
Lanao Del Sur,2nd,2024-07-16,59.34,57.63
Lanao del Norte,2nd,2024-07-16,52.33,48.33
Leyte,2nd,2024-07-16,67.43,50.75
Maguindanao,2nd,2024-07-16,48.75,47.5
Marinduque,2nd,2024-07-16,56.5,47.83
Masbate,2nd,2024-07-16,56.5,54.0
Misamis Occidental,2nd,2024-07-16,53.5,50.0
Misamis Oriental,2nd,2024-07-16,59.32,54.46
Mountain Province,2nd,2024-07-16,60.0,55.0
NCR,2nd,2024-07-16,53.17,46.15
Negros Occidental,2nd,2024-07-16,65.5,52.92
Negros Oriental,2nd,2024-07-16,56.92,53.0
North Cotabato,2nd,2024-07-16,55.38,53.2
Northern Samar,2nd,2024-07-16,52.8,45.21
Nueva Ecija,2nd,2024-07-16,53.34,49.84
Nueva Vizcaya,2nd,2024-07-16,48.0,46.5
Occidental Mindoro,2nd,2024-07-16,62.38,56.75
Oriental Mindoro,2nd,2024-07-16,52.17,43.0
Palawan,2nd,2024-07-16,52.18,48.43
Pampanga,2nd,2024-07-16,54.5,50.9
Pangasinan,2nd,2024-07-16,50.6,47.38
Quezon,2nd,2024-07-16,53.5,50.0
Quirino,2nd,2024-07-16,53.34,49.0
Rizal,2nd,2024-07-16,54.0,50.17
Romblon,2nd,2024-07-16,60.0,58.75
Sarangani,2nd,2024-07-16,54.92,53.5
Siquijor,2nd,2024-07-16,56.8,56.98
Sorsogon,2nd,2024-07-16,55.1,49.39
South Cotabato,2nd,2024-07-16,52.85,43.9
Southern Leyte,2nd,2024-07-16,60.69,56.77
Sultan Kudarat,2nd,2024-07-16,52.75,51.34
Sulu,2nd,2024-07-16,,
Surigao Del Norte,2nd,2024-07-16,54.0,50.5
Surigao Del Sur,2nd,2024-07-16,55.45,52.75
Tarlac,2nd,2024-07-16,55.0,51.67
Tawi-Tawi,2nd,2024-07-16,60.0,53.42
Western Samar,2nd,2024-07-16,56.0,52.1
Zambales,2nd,2024-07-16,69.54,67.19
Zamboanga Del Norte,2nd,2024-07-16,57.7,54.65
Zamboanga Del Sur,2nd,2024-07-16,54.63,51.68
Zamboanga Sibugay,2nd,2024-07-16,56.25,51.0
Abra,1st,2024-08-01,55.5,47.5
Agusan Del Norte,1st,2024-08-01,53.0,49.62
Agusan Del Sur,1st,2024-08-01,55.5,52.63
Aklan,1st,2024-08-01,63.0,51.0
Albay,1st,2024-08-01,54.88,52.57
Antique,1st,2024-08-01,57.0,53.5
Apayao,1st,2024-08-01,50.0,49.1
Aurora,1st,2024-08-01,52.5,46.5
Basilan,1st,2024-08-01,53.84,53.16
Bataan,1st,2024-08-01,66.79,46.12
Batanes,1st,2024-08-01,75.5,
Batangas,1st,2024-08-01,66.2,64.0
Benguet,1st,2024-08-01,50.75,42.0
Biliran,1st,2024-08-01,53.38,49.96
Bohol,1st,2024-08-01,56.4,53.0
Bukidnon,1st,2024-08-01,52.0,48.5
Bulacan,1st,2024-08-01,58.68,49.5
Cagayan,1st,2024-08-01,49.88,44.5
Camarines Norte,1st,2024-08-01,56.09,46.5
Camarines Sur,1st,2024-08-01,51.96,51.41
Camiguin,1st,2024-08-01,55.63,52.25
Capiz,1st,2024-08-01,52.5,50.67
Catanduanes,1st,2024-08-01,50.75,48.9
Cavite,1st,2024-08-01,52.18,48.81
Cebu,1st,2024-08-01,56.8,53.25
City Of Isabela,1st,2024-08-01,60.18,51.94
Davao De Oro,1st,2024-08-01,,52.34
Davao Del Norte,1st,2024-08-01,59.41,50.48
Davao Del Sur,1st,2024-08-01,59.38,54.25
Davao Occidental,1st,2024-08-01,57.25,53.5
Davao Oriental,1st,2024-08-01,56.25,54.25
Dinagat Islands,1st,2024-08-01,57.25,54.4
Eastern Samar,1st,2024-08-01,55.51,48.0
Guimaras,1st,2024-08-01,56.0,54.5
Ifugao,1st,2024-08-01,54.5,48.0
Ilocos Norte,1st,2024-08-01,52.14,50.0
Ilocos Sur,1st,2024-08-01,51.0,45.0
Iloilo,1st,2024-08-01,62.63,40.0
Isabela,1st,2024-08-01,49.68,44.21
Kalinga,1st,2024-08-01,55.5,51.0
La Union,1st,2024-08-01,52.5,49.59
Laguna,1st,2024-08-01,54.38,48.42
Lanao Del Sur,1st,2024-08-01,58.67,55.25
Lanao del Norte,1st,2024-08-01,52.5,48.0
Leyte,1st,2024-08-01,67.79,50.17
Maguindanao,1st,2024-08-01,49.5,48.5
Marinduque,1st,2024-08-01,56.54,51.8
Masbate,1st,2024-08-01,54.75,53.25
Misamis Occidental,1st,2024-08-01,52.5,47.5
Misamis Oriental,1st,2024-08-01,59.34,54.49
Mountain Province,1st,2024-08-01,63.5,56.5
NCR,1st,2024-08-01,53.12,45.75
Negros Occidental,1st,2024-08-01,64.5,50.18
Negros Oriental,1st,2024-08-01,56.79,51.5
North Cotabato,1st,2024-08-01,55.28,53.5
Northern Samar,1st,2024-08-01,52.08,45.45
Nueva Ecija,1st,2024-08-01,51.34,47.75
Nueva Vizcaya,1st,2024-08-01,47.0,45.0
Occidental Mindoro,1st,2024-08-01,57.84,53.5
Oriental Mindoro,1st,2024-08-01,52.25,42.5
Palawan,1st,2024-08-01,53.23,50.26
Pampanga,1st,2024-08-01,53.0,50.3
Pangasinan,1st,2024-08-01,55.8,51.32
Quezon,1st,2024-08-01,53.5,48.0
Quirino,1st,2024-08-01,51.0,46.5
Rizal,1st,2024-08-01,54.0,49.5
Romblon,1st,2024-08-01,57.33,58.13
Sarangani,1st,2024-08-01,56.13,55.0
Siquijor,1st,2024-08-01,58.1,53.1
Sorsogon,1st,2024-08-01,54.6,49.3
South Cotabato,1st,2024-08-01,54.5,44.4
Southern Leyte,1st,2024-08-01,59.32,55.48
Sultan Kudarat,1st,2024-08-01,55.17,53.5
Sulu,1st,2024-08-01,,
Surigao Del Norte,1st,2024-08-01,52.13,44.7
Surigao Del Sur,1st,2024-08-01,55.45,52.7
Tarlac,1st,2024-08-01,55.0,51.67
Tawi-Tawi,1st,2024-08-01,60.0,51.5
Western Samar,1st,2024-08-01,53.25,48.7
Zambales,1st,2024-08-01,69.54,67.19
Zamboanga Del Norte,1st,2024-08-01,57.45,55.07
Zamboanga Del Sur,1st,2024-08-01,54.63,52.23
Zamboanga Sibugay,1st,2024-08-01,55.67,51.33
Abra,2nd,2024-08-16,55.5,47.5
Agusan Del Norte,2nd,2024-08-16,53.0,49.62
Agusan Del Sur,2nd,2024-08-16,55.0,51.96
Aklan,2nd,2024-08-16,63.0,51.0
Albay,2nd,2024-08-16,55.1,52.63
Antique,2nd,2024-08-16,57.0,53.0
Apayao,2nd,2024-08-16,49.58,48.56
Aurora,2nd,2024-08-16,51.4,44.0
Basilan,2nd,2024-08-16,54.67,53.0
Bataan,2nd,2024-08-16,66.14,44.75
Batanes,2nd,2024-08-16,73.0,
Batangas,2nd,2024-08-16,65.14,72.5
Benguet,2nd,2024-08-16,50.75,42.5
Biliran,2nd,2024-08-16,53.38,49.96
Bohol,2nd,2024-08-16,57.5,53.0
Bukidnon,2nd,2024-08-16,52.0,48.5
Bulacan,2nd,2024-08-16,58.26,50.34
Cagayan,2nd,2024-08-16,48.5,43.75
Camarines Norte,2nd,2024-08-16,56.06,46.5
Camarines Sur,2nd,2024-08-16,51.96,51.41
Camiguin,2nd,2024-08-16,56.0,52.13
Capiz,2nd,2024-08-16,52.5,50.67
Catanduanes,2nd,2024-08-16,50.5,48.9
Cavite,2nd,2024-08-16,52.18,48.81
Cebu,2nd,2024-08-16,56.8,53.25
City Of Isabela,2nd,2024-08-16,60.18,51.94
Davao De Oro,2nd,2024-08-16,,52.09
Davao Del Norte,2nd,2024-08-16,57.5,49.98
Davao Del Sur,2nd,2024-08-16,57.0,53.25
Davao Occidental,2nd,2024-08-16,55.84,53.17
Davao Oriental,2nd,2024-08-16,58.13,52.67
Dinagat Islands,2nd,2024-08-16,57.0,50.8
Eastern Samar,2nd,2024-08-16,55.51,48.0
Guimaras,2nd,2024-08-16,55.25,55.0
Ifugao,2nd,2024-08-16,54.5,48.0
Ilocos Norte,2nd,2024-08-16,52.14,50.0
Ilocos Sur,2nd,2024-08-16,51.0,45.0
Iloilo,2nd,2024-08-16,62.88,40.5
Isabela,2nd,2024-08-16,49.68,44.21
Kalinga,2nd,2024-08-16,56.0,52.0
La Union,2nd,2024-08-16,52.5,49.59
Laguna,2nd,2024-08-16,54.38,48.42
Lanao Del Sur,2nd,2024-08-16,58.67,55.25
Lanao del Norte,2nd,2024-08-16,52.5,48.0
Leyte,2nd,2024-08-16,67.82,50.17
Maguindanao,2nd,2024-08-16,48.5,47.5
Marinduque,2nd,2024-08-16,56.54,51.8
Masbate,2nd,2024-08-16,56.0,51.9
Misamis Occidental,2nd,2024-08-16,52.5,47.5
Misamis Oriental,2nd,2024-08-16,59.34,54.49
Mountain Province,2nd,2024-08-16,63.5,56.5
NCR,2nd,2024-08-16,52.96,45.72
Negros Occidental,2nd,2024-08-16,64.5,50.18
Negros Oriental,2nd,2024-08-16,57.42,51.5
North Cotabato,2nd,2024-08-16,55.28,53.13
Northern Samar,2nd,2024-08-16,52.24,46.09
Nueva Ecija,2nd,2024-08-16,51.34,46.75
Nueva Vizcaya,2nd,2024-08-16,47.0,45.0
Occidental Mindoro,2nd,2024-08-16,57.5,56.0
Oriental Mindoro,2nd,2024-08-16,49.88,42.5
Palawan,2nd,2024-08-16,54.02,50.85
Pampanga,2nd,2024-08-16,53.0,50.3
Pangasinan,2nd,2024-08-16,55.8,50.02
Quezon,2nd,2024-08-16,53.5,48.0
Quirino,2nd,2024-08-16,51.0,46.5
Rizal,2nd,2024-08-16,53.92,49.5
Romblon,2nd,2024-08-16,57.17,57.63
Sarangani,2nd,2024-08-16,56.25,52.75
Siquijor,2nd,2024-08-16,57.35,53.7
Sorsogon,2nd,2024-08-16,54.3,49.0
South Cotabato,2nd,2024-08-16,54.8,44.4
Southern Leyte,2nd,2024-08-16,58.84,55.23
Sultan Kudarat,2nd,2024-08-16,55.17,53.5
Sulu,2nd,2024-08-16,,
Surigao Del Norte,2nd,2024-08-16,51.75,48.2
Surigao Del Sur,2nd,2024-08-16,55.0,51.9
Tarlac,2nd,2024-08-16,55.0,51.67
Tawi-Tawi,2nd,2024-08-16,60.0,51.09
Western Samar,2nd,2024-08-16,53.35,49.8
Zambales,2nd,2024-08-16,69.54,67.19
Zamboanga Del Norte,2nd,2024-08-16,57.45,55.07
Zamboanga Del Sur,2nd,2024-08-16,54.5,51.75
Zamboanga Sibugay,2nd,2024-08-16,55.67,51.33
Abra,1st,2024-09-01,56.0,50.0
Agusan Del Norte,1st,2024-09-01,52.95,49.29
Agusan Del Sur,1st,2024-09-01,54.75,50.29
Aklan,1st,2024-09-01,63.0,51.5
Albay,1st,2024-09-01,56.0,53.7
Antique,1st,2024-09-01,55.5,51.0
Apayao,1st,2024-09-01,49.58,48.36
Aurora,1st,2024-09-01,51.92,44.0
Basilan,1st,2024-09-01,54.0,52.5
Bataan,1st,2024-09-01,66.92,45.03
Batanes,1st,2024-09-01,73.0,
Batangas,1st,2024-09-01,64.96,69.0
Benguet,1st,2024-09-01,50.75,42.5
Biliran,1st,2024-09-01,53.0,49.0
Bohol,1st,2024-09-01,56.0,52.4
Bukidnon,1st,2024-09-01,52.35,48.67
Bulacan,1st,2024-09-01,56.89,50.0
Cagayan,1st,2024-09-01,48.55,44.75
Camarines Norte,1st,2024-09-01,56.06,46.5
Camarines Sur,1st,2024-09-01,52.88,52.36
Camiguin,1st,2024-09-01,55.75,53.34
Capiz,1st,2024-09-01,52.5,50.67
Catanduanes,1st,2024-09-01,52.42,49.19
Cavite,1st,2024-09-01,52.18,48.81
Cebu,1st,2024-09-01,56.4,52.5
City Of Isabela,1st,2024-09-01,60.43,51.94
Davao De Oro,1st,2024-09-01,,52.96
Davao Del Norte,1st,2024-09-01,58.0,49.98
Davao Del Sur,1st,2024-09-01,58.25,54.25
Davao Occidental,1st,2024-09-01,56.67,52.64
Davao Oriental,1st,2024-09-01,58.0,52.75
Dinagat Islands,1st,2024-09-01,56.84,51.0
Eastern Samar,1st,2024-09-01,59.0,48.0
Guimaras,1st,2024-09-01,55.5,54.75
Ifugao,1st,2024-09-01,55.1,45.0
Ilocos Norte,1st,2024-09-01,52.54,50.0
Ilocos Sur,1st,2024-09-01,50.75,44.5
Iloilo,1st,2024-09-01,62.88,40.5
Isabela,1st,2024-09-01,47.93,43.46
Kalinga,1st,2024-09-01,56.0,51.5
La Union,1st,2024-09-01,52.5,49.59
Laguna,1st,2024-09-01,54.38,48.42
Lanao Del Sur,1st,2024-09-01,58.5,55.0
Lanao del Norte,1st,2024-09-01,52.84,48.0
Leyte,1st,2024-09-01,67.43,50.75
Maguindanao,1st,2024-09-01,47.75,46.75
Marinduque,1st,2024-09-01,56.54,50.67
Masbate,1st,2024-09-01,56.0,51.7
Misamis Occidental,1st,2024-09-01,54.38,50.0
Misamis Oriental,1st,2024-09-01,59.64,54.49
Mountain Province,1st,2024-09-01,65.0,58.0
NCR,1st,2024-09-01,52.87,45.78
Negros Occidental,1st,2024-09-01,65.0,51.1
Negros Oriental,1st,2024-09-01,58.0,52.33
North Cotabato,1st,2024-09-01,55.28,53.47
Northern Samar,1st,2024-09-01,51.38,44.88
Nueva Ecija,1st,2024-09-01,51.0,46.75
Nueva Vizcaya,1st,2024-09-01,47.0,45.0
Occidental Mindoro,1st,2024-09-01,54.5,50.34
Oriental Mindoro,1st,2024-09-01,50.0,42.67
Palawan,1st,2024-09-01,53.93,51.44
Pampanga,1st,2024-09-01,53.0,50.3
Pangasinan,1st,2024-09-01,54.8,49.71
Quezon,1st,2024-09-01,53.5,46.0
Quirino,1st,2024-09-01,51.0,45.84
Rizal,1st,2024-09-01,54.33,49.5
Romblon,1st,2024-09-01,56.84,57.38
Sarangani,1st,2024-09-01,54.55,50.67
Siquijor,1st,2024-09-01,57.9,53.25
Sorsogon,1st,2024-09-01,54.3,50.8
South Cotabato,1st,2024-09-01,54.8,44.4
Southern Leyte,1st,2024-09-01,58.5,53.36
Sultan Kudarat,1st,2024-09-01,53.67,53.0
Sulu,1st,2024-09-01,,
Surigao Del Norte,1st,2024-09-01,50.63,46.89
Surigao Del Sur,1st,2024-09-01,55.05,51.7
Tarlac,1st,2024-09-01,53.0,50.0
Tawi-Tawi,1st,2024-09-01,60.0,50.67
Western Samar,1st,2024-09-01,53.0,49.8
Zambales,1st,2024-09-01,69.54,67.19
Zamboanga Del Norte,1st,2024-09-01,58.2,56.07
Zamboanga Del Sur,1st,2024-09-01,54.33,50.9
Zamboanga Sibugay,1st,2024-09-01,54.5,51.25
Abra,2nd,2024-09-16,56.0,50.0
Agusan Del Norte,2nd,2024-09-16,51.85,49.29
Agusan Del Sur,2nd,2024-09-16,54.5,50.63
Aklan,2nd,2024-09-16,63.0,51.0
Albay,2nd,2024-09-16,55.1,53.58
Antique,2nd,2024-09-16,55.5,51.0
Apayao,2nd,2024-09-16,49.18,47.78
Aurora,2nd,2024-09-16,51.9,44.0
Basilan,2nd,2024-09-16,54.0,52.5
Bataan,2nd,2024-09-16,65.97,45.03
Batanes,2nd,2024-09-16,73.0,
Batangas,2nd,2024-09-16,62.5,69.0
Benguet,2nd,2024-09-16,50.75,42.5
Biliran,2nd,2024-09-16,53.0,49.0
Bohol,2nd,2024-09-16,55.8,52.6
Bukidnon,2nd,2024-09-16,52.35,48.67
Bulacan,2nd,2024-09-16,56.21,50.75
Cagayan,2nd,2024-09-16,48.3,44.75
Camarines Norte,2nd,2024-09-16,55.97,46.5
Camarines Sur,2nd,2024-09-16,52.91,53.0
Camiguin,2nd,2024-09-16,55.75,53.5
Capiz,2nd,2024-09-16,52.75,50.67
Catanduanes,2nd,2024-09-16,52.42,49.19
Cavite,2nd,2024-09-16,50.38,48.35
Cebu,2nd,2024-09-16,56.4,52.5
City Of Isabela,2nd,2024-09-16,60.53,52.37
Davao De Oro,2nd,2024-09-16,,53.0
Davao Del Norte,2nd,2024-09-16,57.5,49.98
Davao Del Sur,2nd,2024-09-16,57.5,54.25
Davao Occidental,2nd,2024-09-16,56.67,51.25
Davao Oriental,2nd,2024-09-16,63.42,53.84
Dinagat Islands,2nd,2024-09-16,56.0,53.17
Eastern Samar,2nd,2024-09-16,59.0,48.0
Guimaras,2nd,2024-09-16,55.25,55.0
Ifugao,2nd,2024-09-16,55.1,45.0
Ilocos Norte,2nd,2024-09-16,52.54,50.0
Ilocos Sur,2nd,2024-09-16,51.0,43.0
Iloilo,2nd,2024-09-16,62.25,40.0
Isabela,2nd,2024-09-16,47.68,43.46
Kalinga,2nd,2024-09-16,56.0,51.5
La Union,2nd,2024-09-16,50.0,47.22
Laguna,2nd,2024-09-16,54.38,48.42
Lanao Del Sur,2nd,2024-09-16,58.5,55.0
Lanao del Norte,2nd,2024-09-16,52.84,48.0
Leyte,2nd,2024-09-16,67.43,50.75
Maguindanao,2nd,2024-09-16,47.75,46.75
Marinduque,2nd,2024-09-16,56.54,51.25
Masbate,2nd,2024-09-16,56.0,51.7
Misamis Occidental,2nd,2024-09-16,53.88,45.5
Misamis Oriental,2nd,2024-09-16,59.64,54.18
Mountain Province,2nd,2024-09-16,65.0,58.0
NCR,2nd,2024-09-16,52.92,46.12
Negros Occidental,2nd,2024-09-16,65.0,51.6
Negros Oriental,2nd,2024-09-16,56.67,52.0
North Cotabato,2nd,2024-09-16,55.28,53.47
Northern Samar,2nd,2024-09-16,51.75,45.5
Nueva Ecija,2nd,2024-09-16,52.0,47.88
Nueva Vizcaya,2nd,2024-09-16,47.25,45.0
Occidental Mindoro,2nd,2024-09-16,53.5,50.5
Oriental Mindoro,2nd,2024-09-16,51.0,43.5
Palawan,2nd,2024-09-16,53.81,50.77
Pampanga,2nd,2024-09-16,53.8,50.4
Pangasinan,2nd,2024-09-16,54.3,49.27
Quezon,2nd,2024-09-16,53.5,46.0
Quirino,2nd,2024-09-16,51.0,44.75
Rizal,2nd,2024-09-16,53.75,49.5
Romblon,2nd,2024-09-16,57.17,57.63
Sarangani,2nd,2024-09-16,54.17,49.38
Siquijor,2nd,2024-09-16,57.4,53.75
Sorsogon,2nd,2024-09-16,54.1,51.2
South Cotabato,2nd,2024-09-16,54.8,44.4
Southern Leyte,2nd,2024-09-16,59.13,53.87
Sultan Kudarat,2nd,2024-09-16,54.5,52.75
Sulu,2nd,2024-09-16,,
Surigao Del Norte,2nd,2024-09-16,50.88,47.14
Surigao Del Sur,2nd,2024-09-16,55.4,52.3
Tarlac,2nd,2024-09-16,53.0,50.0
Tawi-Tawi,2nd,2024-09-16,60.0,51.0
Western Samar,2nd,2024-09-16,54.58,50.67
Zambales,2nd,2024-09-16,69.54,67.19
Zamboanga Del Norte,2nd,2024-09-16,58.2,56.07
Zamboanga Del Sur,2nd,2024-09-16,53.83,50.8
Zamboanga Sibugay,2nd,2024-09-16,54.5,51.25
Abra,1st,2024-10-01,56.0,50.0
Agusan Del Norte,1st,2024-10-01,52.9,49.43
Agusan Del Sur,1st,2024-10-01,55.0,51.01
Aklan,1st,2024-10-01,62.0,51.0
Albay,1st,2024-10-01,56.3,53.67
Antique,1st,2024-10-01,55.25,49.0
Apayao,1st,2024-10-01,48.6,46.8
Aurora,1st,2024-10-01,52.75,44.0
Basilan,1st,2024-10-01,53.0,52.5
Bataan,1st,2024-10-01,63.5,45.03
Batanes,1st,2024-10-01,70.13,
Batangas,1st,2024-10-01,63.4,66.5
Benguet,1st,2024-10-01,52.88,41.5
Biliran,1st,2024-10-01,53.0,49.0
Bohol,1st,2024-10-01,56.1,53.4
Bukidnon,1st,2024-10-01,54.5,53.17
Bulacan,1st,2024-10-01,56.39,52.0
Cagayan,1st,2024-10-01,48.3,44.63
Camarines Norte,1st,2024-10-01,53.23,44.0
Camarines Sur,1st,2024-10-01,51.69,51.63
Camiguin,1st,2024-10-01,55.68,53.43
Capiz,1st,2024-10-01,52.75,50.67
Catanduanes,1st,2024-10-01,48.5,46.7
Cavite,1st,2024-10-01,51.87,48.86
Cebu,1st,2024-10-01,55.7,52.0
City Of Isabela,1st,2024-10-01,60.65,52.41
Davao De Oro,1st,2024-10-01,,52.63
Davao Del Norte,1st,2024-10-01,57.5,49.98
Davao Del Sur,1st,2024-10-01,57.5,53.5
Davao Occidental,1st,2024-10-01,56.33,49.84
Davao Oriental,1st,2024-10-01,67.34,54.42
Dinagat Islands,1st,2024-10-01,55.85,52.68
Eastern Samar,1st,2024-10-01,61.0,48.0
Guimaras,1st,2024-10-01,56.0,55.0
Ifugao,1st,2024-10-01,55.45,48.0
Ilocos Norte,1st,2024-10-01,52.44,50.0
Ilocos Sur,1st,2024-10-01,52.63,43.0
Iloilo,1st,2024-10-01,62.13,39.75
Isabela,1st,2024-10-01,51.0,46.5
Kalinga,1st,2024-10-01,56.0,52.0
La Union,1st,2024-10-01,50.0,49.59
Laguna,1st,2024-10-01,54.38,48.42
Lanao Del Sur,1st,2024-10-01,59.34,56.5
Lanao del Norte,1st,2024-10-01,52.67,48.34
Leyte,1st,2024-10-01,67.62,50.3
Maguindanao,1st,2024-10-01,46.25,45.25
Marinduque,1st,2024-10-01,56.54,50.5
Masbate,1st,2024-10-01,56.25,52.5
Misamis Occidental,1st,2024-10-01,53.88,44.25
Misamis Oriental,1st,2024-10-01,59.34,54.17
Mountain Province,1st,2024-10-01,65.0,58.0
NCR,1st,2024-10-01,52.83,45.88
Negros Occidental,1st,2024-10-01,66.0,58.0
Negros Oriental,1st,2024-10-01,57.09,52.67
North Cotabato,1st,2024-10-01,55.38,53.2
Northern Samar,1st,2024-10-01,51.23,45.4
Nueva Ecija,1st,2024-10-01,51.5,47.25
Nueva Vizcaya,1st,2024-10-01,47.0,45.0
Occidental Mindoro,1st,2024-10-01,52.83,47.5
Oriental Mindoro,1st,2024-10-01,50.17,44.17
Palawan,1st,2024-10-01,52.35,49.28
Pampanga,1st,2024-10-01,53.4,49.0
Pangasinan,1st,2024-10-01,53.2,48.26
Quezon,1st,2024-10-01,53.5,46.0
Quirino,1st,2024-10-01,51.0,45.75
Rizal,1st,2024-10-01,54.0,49.13
Romblon,1st,2024-10-01,56.17,57.0
Sarangani,1st,2024-10-01,53.9,49.67
Siquijor,1st,2024-10-01,57.37,53.3
Sorsogon,1st,2024-10-01,55.1,50.07
South Cotabato,1st,2024-10-01,54.38,44.4
Southern Leyte,1st,2024-10-01,58.69,54.52
Sultan Kudarat,1st,2024-10-01,55.25,52.25
Sulu,1st,2024-10-01,,
Surigao Del Norte,1st,2024-10-01,49.89,45.38
Surigao Del Sur,1st,2024-10-01,54.9,52.15
Tarlac,1st,2024-10-01,53.33,53.33
Tawi-Tawi,1st,2024-10-01,60.0,51.33
Western Samar,1st,2024-10-01,55.1,51.5
Zambales,1st,2024-10-01,69.54,67.19
Zamboanga Del Norte,1st,2024-10-01,57.56,55.0
Zamboanga Del Sur,1st,2024-10-01,52.95,49.71
Zamboanga Sibugay,1st,2024-10-01,54.0,52.0
Abra,2nd,2024-10-16,56.0,51.0
Agusan Del Norte,2nd,2024-10-16,53.2,49.43
Agusan Del Sur,2nd,2024-10-16,55.25,51.01
Aklan,2nd,2024-10-16,62.0,47.75
Albay,2nd,2024-10-16,56.26,53.5
Antique,2nd,2024-10-16,55.5,50.0
Apayao,2nd,2024-10-16,47.0,46.6
Aurora,2nd,2024-10-16,53.17,51.5
Basilan,2nd,2024-10-16,53.0,52.5
Bataan,2nd,2024-10-16,65.97,45.03
Batanes,2nd,2024-10-16,69.63,
Batangas,2nd,2024-10-16,59.5,71.8
Benguet,2nd,2024-10-16,52.25,42.0
Biliran,2nd,2024-10-16,53.0,49.0
Bohol,2nd,2024-10-16,56.2,53.3
Bukidnon,2nd,2024-10-16,53.75,49.5
Bulacan,2nd,2024-10-16,55.47,47.5
Cagayan,2nd,2024-10-16,48.02,44.75
Camarines Norte,2nd,2024-10-16,54.69,44.0
Camarines Sur,2nd,2024-10-16,53.59,52.0
Camiguin,2nd,2024-10-16,56.25,52.82
Capiz,2nd,2024-10-16,52.75,50.67
Catanduanes,2nd,2024-10-16,52.42,49.19
Cavite,2nd,2024-10-16,52.74,49.16
Cebu,2nd,2024-10-16,55.6,51.75
City Of Isabela,2nd,2024-10-16,60.65,52.41
Davao De Oro,2nd,2024-10-16,,52.13
Davao Del Norte,2nd,2024-10-16,56.73,49.48
Davao Del Sur,2nd,2024-10-16,56.34,53.0
Davao Occidental,2nd,2024-10-16,55.09,48.34
Davao Oriental,2nd,2024-10-16,56.0,51.0
Dinagat Islands,2nd,2024-10-16,55.79,52.1
Eastern Samar,2nd,2024-10-16,61.0,48.0
Guimaras,2nd,2024-10-16,55.5,55.0
Ifugao,2nd,2024-10-16,55.45,48.0
Ilocos Norte,2nd,2024-10-16,52.44,50.0
Ilocos Sur,2nd,2024-10-16,53.75,43.0
Iloilo,2nd,2024-10-16,60.69,38.0
Isabela,2nd,2024-10-16,47.83,43.59
Kalinga,2nd,2024-10-16,56.0,52.0
La Union,2nd,2024-10-16,50.0,47.22
Laguna,2nd,2024-10-16,54.38,48.0
Lanao Del Sur,2nd,2024-10-16,59.5,56.75
Lanao del Norte,2nd,2024-10-16,52.67,48.34
Leyte,2nd,2024-10-16,67.72,50.3
Maguindanao,2nd,2024-10-16,46.25,45.25
Marinduque,2nd,2024-10-16,56.54,50.86
Masbate,2nd,2024-10-16,55.6,50.2
Misamis Occidental,2nd,2024-10-16,53.6,47.5
Misamis Oriental,2nd,2024-10-16,59.34,54.17
Mountain Province,2nd,2024-10-16,65.0,56.5
NCR,2nd,2024-10-16,52.89,45.57
Negros Occidental,2nd,2024-10-16,66.0,58.0
Negros Oriental,2nd,2024-10-16,57.09,52.0
North Cotabato,2nd,2024-10-16,55.38,53.55
Northern Samar,2nd,2024-10-16,50.9,45.75
Nueva Ecija,2nd,2024-10-16,50.0,44.75
Nueva Vizcaya,2nd,2024-10-16,46.5,44.5
Occidental Mindoro,2nd,2024-10-16,51.17,48.0
Oriental Mindoro,2nd,2024-10-16,50.0,46.5
Palawan,2nd,2024-10-16,53.03,49.21
Pampanga,2nd,2024-10-16,53.3,48.9
Pangasinan,2nd,2024-10-16,53.2,48.26
Quezon,2nd,2024-10-16,53.5,46.0
Quirino,2nd,2024-10-16,49.13,44.75
Rizal,2nd,2024-10-16,54.0,49.13
Romblon,2nd,2024-10-16,56.17,57.0
Sarangani,2nd,2024-10-16,53.5,49.25
Siquijor,2nd,2024-10-16,57.2,53.45
Sorsogon,2nd,2024-10-16,55.1,49.68
South Cotabato,2nd,2024-10-16,53.75,44.4
Southern Leyte,2nd,2024-10-16,59.25,54.75
Sultan Kudarat,2nd,2024-10-16,54.0,51.92
Sulu,2nd,2024-10-16,,
Surigao Del Norte,2nd,2024-10-16,50.34,45.18
Surigao Del Sur,2nd,2024-10-16,54.5,52.05
Tarlac,2nd,2024-10-16,54.0,47.67
Tawi-Tawi,2nd,2024-10-16,60.0,50.33
Western Samar,2nd,2024-10-16,54.23,50.25
Zambales,2nd,2024-10-16,69.54,67.19
Zamboanga Del Norte,2nd,2024-10-16,57.06,55.0
Zamboanga Del Sur,2nd,2024-10-16,53.33,48.5
Zamboanga Sibugay,2nd,2024-10-16,54.0,52.0
Abra,1st,2024-11-01,56.0,51.0
Agusan Del Norte,1st,2024-11-01,51.9,49.46
Agusan Del Sur,1st,2024-11-01,54.5,51.1
Aklan,1st,2024-11-01,60.0,44.25
Albay,1st,2024-11-01,54.45,52.29
Antique,1st,2024-11-01,53.0,45.0
Apayao,1st,2024-11-01,47.18,45.98
Aurora,1st,2024-11-01,51.38,44.25
Basilan,1st,2024-11-01,52.67,52.5
Bataan,1st,2024-11-01,63.47,45.24
Batanes,1st,2024-11-01,69.63,
Batangas,1st,2024-11-01,59.5,66.5
Benguet,1st,2024-11-01,52.25,42.0
Biliran,1st,2024-11-01,53.42,49.33
Bohol,1st,2024-11-01,55.8,52.6
Bukidnon,1st,2024-11-01,52.5,47.25
Bulacan,1st,2024-11-01,55.4,45.5
Cagayan,1st,2024-11-01,46.63,42.38
Camarines Norte,1st,2024-11-01,53.11,48.0
Camarines Sur,1st,2024-11-01,52.92,51.33
Camiguin,1st,2024-11-01,56.0,51.11
Capiz,1st,2024-11-01,52.75,50.5
Catanduanes,1st,2024-11-01,47.8,46.7
Cavite,1st,2024-11-01,52.64,48.81
Cebu,1st,2024-11-01,55.6,51.5
City Of Isabela,1st,2024-11-01,60.94,52.68
Davao De Oro,1st,2024-11-01,,51.38
Davao Del Norte,1st,2024-11-01,56.73,49.23
Davao Del Sur,1st,2024-11-01,55.25,52.17
Davao Occidental,1st,2024-11-01,54.83,47.6
Davao Oriental,1st,2024-11-01,62.0,48.5
Dinagat Islands,1st,2024-11-01,55.17,50.5
Eastern Samar,1st,2024-11-01,63.0,48.0
Guimaras,1st,2024-11-01,55.0,53.5
Ifugao,1st,2024-11-01,54.4,48.0
Ilocos Norte,1st,2024-11-01,50.27,48.0
Ilocos Sur,1st,2024-11-01,50.49,46.5
Iloilo,1st,2024-11-01,61.13,38.5
Isabela,1st,2024-11-01,47.83,43.59
Kalinga,1st,2024-11-01,55.0,50.0
La Union,1st,2024-11-01,50.0,49.59
Laguna,1st,2024-11-01,53.71,48.42
Lanao Del Sur,1st,2024-11-01,60.17,57.75
Lanao del Norte,1st,2024-11-01,52.83,47.84
Leyte,1st,2024-11-01,67.37,50.3
Maguindanao,1st,2024-11-01,45.0,44.25
Marinduque,1st,2024-11-01,56.54,49.8
Masbate,1st,2024-11-01,53.25,48.8
Misamis Occidental,1st,2024-11-01,53.48,47.5
Misamis Oriental,1st,2024-11-01,61.47,54.83
Mountain Province,1st,2024-11-01,62.5,56.5
NCR,1st,2024-11-01,52.59,45.11
Negros Occidental,1st,2024-11-01,65.0,57.0
Negros Oriental,1st,2024-11-01,57.92,51.67
North Cotabato,1st,2024-11-01,55.0,52.36
Northern Samar,1st,2024-11-01,51.44,46.0
Nueva Ecija,1st,2024-11-01,50.5,44.17
Nueva Vizcaya,1st,2024-11-01,47.0,45.0
Occidental Mindoro,1st,2024-11-01,49.84,45.34
Oriental Mindoro,1st,2024-11-01,49.38,43.5
Palawan,1st,2024-11-01,50.9,46.53
Pampanga,1st,2024-11-01,51.6,47.6
Pangasinan,1st,2024-11-01,51.5,48.26
Quezon,1st,2024-11-01,52.5,46.0
Quirino,1st,2024-11-01,50.5,45.5
Rizal,1st,2024-11-01,54.0,48.88
Romblon,1st,2024-11-01,55.33,57.34
Sarangani,1st,2024-11-01,52.7,47.25
Siquijor,1st,2024-11-01,57.0,52.95
Sorsogon,1st,2024-11-01,55.1,50.37
South Cotabato,1st,2024-11-01,50.75,41.9
Southern Leyte,1st,2024-11-01,59.21,54.71
Sultan Kudarat,1st,2024-11-01,53.67,49.5
Sulu,1st,2024-11-01,,
Surigao Del Norte,1st,2024-11-01,49.53,42.17
Surigao Del Sur,1st,2024-11-01,54.6,51.5
Tarlac,1st,2024-11-01,54.0,47.67
Tawi-Tawi,1st,2024-11-01,60.0,50.8
Western Samar,1st,2024-11-01,54.13,50.18
Zambales,1st,2024-11-01,69.54,67.19
Zamboanga Del Norte,1st,2024-11-01,56.04,54.75
Zamboanga Del Sur,1st,2024-11-01,52.92,49.9
Zamboanga Sibugay,1st,2024-11-01,54.0,49.75
Abra,2nd,2024-11-16,56.0,51.0
Agusan Del Norte,2nd,2024-11-16,51.9,49.46
Agusan Del Sur,2nd,2024-11-16,54.5,50.25
Aklan,2nd,2024-11-16,60.0,43.5
Albay,2nd,2024-11-16,55.04,53.58
Antique,2nd,2024-11-16,52.5,44.0
Apayao,2nd,2024-11-16,46.78,43.1
Aurora,2nd,2024-11-16,51.38,51.5
Basilan,2nd,2024-11-16,52.67,51.75
Bataan,2nd,2024-11-16,65.94,45.24
Batanes,2nd,2024-11-16,69.0,
Batangas,2nd,2024-11-16,58.17,72.55
Benguet,2nd,2024-11-16,52.25,42.0
Biliran,2nd,2024-11-16,53.42,49.33
Bohol,2nd,2024-11-16,55.8,52.9
Bukidnon,2nd,2024-11-16,50.0,46.5
Bulacan,2nd,2024-11-16,55.52,45.5
Cagayan,2nd,2024-11-16,46.63,42.25
Camarines Norte,2nd,2024-11-16,54.54,46.5
Camarines Sur,2nd,2024-11-16,52.59,52.16
Camiguin,2nd,2024-11-16,56.25,53.32
Capiz,2nd,2024-11-16,52.75,50.5
Catanduanes,2nd,2024-11-16,52.0,49.19
Cavite,2nd,2024-11-16,51.37,47.1
Cebu,2nd,2024-11-16,55.6,50.63
City Of Isabela,2nd,2024-11-16,60.94,52.68
Davao De Oro,2nd,2024-11-16,,48.5
Davao Del Norte,2nd,2024-11-16,56.79,49.23
Davao Del Sur,2nd,2024-11-16,55.67,51.59
Davao Occidental,2nd,2024-11-16,54.67,47.38
Davao Oriental,2nd,2024-11-16,63.42,50.0
Dinagat Islands,2nd,2024-11-16,55.17,50.42
Eastern Samar,2nd,2024-11-16,63.0,48.0
Guimaras,2nd,2024-11-16,55.0,53.5
Ifugao,2nd,2024-11-16,54.4,48.0
Ilocos Norte,2nd,2024-11-16,49.74,47.0
Ilocos Sur,2nd,2024-11-16,57.0,50.0
Iloilo,2nd,2024-11-16,61.63,39.0
Isabela,2nd,2024-11-16,47.83,43.59
Kalinga,2nd,2024-11-16,55.0,50.0
La Union,2nd,2024-11-16,50.0,47.22
Laguna,2nd,2024-11-16,53.71,48.42
Lanao Del Sur,2nd,2024-11-16,60.0,57.75
Lanao del Norte,2nd,2024-11-16,52.83,47.84
Leyte,2nd,2024-11-16,67.52,50.3
Maguindanao,2nd,2024-11-16,46.25,45.25
Marinduque,2nd,2024-11-16,56.2,47.0
Masbate,2nd,2024-11-16,55.84,50.5
Misamis Occidental,2nd,2024-11-16,52.6,47.5
Misamis Oriental,2nd,2024-11-16,61.47,54.83
Mountain Province,2nd,2024-11-16,62.5,56.5
NCR,2nd,2024-11-16,52.5,44.99
Negros Occidental,2nd,2024-11-16,65.5,57.0
Negros Oriental,2nd,2024-11-16,57.67,51.67
North Cotabato,2nd,2024-11-16,54.58,52.15
Northern Samar,2nd,2024-11-16,51.63,46.25
Nueva Ecija,2nd,2024-11-16,48.88,43.5
Nueva Vizcaya,2nd,2024-11-16,45.0,43.5
Occidental Mindoro,2nd,2024-11-16,49.17,45.84
Oriental Mindoro,2nd,2024-11-16,49.5,43.5
Palawan,2nd,2024-11-16,46.96,44.28
Pampanga,2nd,2024-11-16,51.6,47.6
Pangasinan,2nd,2024-11-16,51.5,47.46
Quezon,2nd,2024-11-16,52.5,46.0
Quirino,2nd,2024-11-16,47.38,42.0
Rizal,2nd,2024-11-16,54.0,48.88
Romblon,2nd,2024-11-16,54.67,57.21
Sarangani,2nd,2024-11-16,52.75,47.5
Siquijor,2nd,2024-11-16,57.1,52.63
Sorsogon,2nd,2024-11-16,54.65,48.57
South Cotabato,2nd,2024-11-16,50.75,41.9
Southern Leyte,2nd,2024-11-16,59.21,54.71
Sultan Kudarat,2nd,2024-11-16,53.25,49.63
Sulu,2nd,2024-11-16,,
Surigao Del Norte,2nd,2024-11-16,48.92,40.2
Surigao Del Sur,2nd,2024-11-16,54.6,51.65
Tarlac,2nd,2024-11-16,54.0,47.67
Tawi-Tawi,2nd,2024-11-16,60.0,50.8
Western Samar,2nd,2024-11-16,53.7,50.1
Zambales,2nd,2024-11-16,69.0,66.28
Zamboanga Del Norte,2nd,2024-11-16,56.04,54.84
Zamboanga Del Sur,2nd,2024-11-16,51.88,48.5
Zamboanga Sibugay,2nd,2024-11-16,54.0,49.75
Abra,1st,2024-12-01,56.0,51.0
Agusan Del Norte,1st,2024-12-01,52.1,49.34
Agusan Del Sur,1st,2024-12-01,54.75,51.0
Aklan,1st,2024-12-01,60.0,43.5
Albay,1st,2024-12-01,56.33,52.92
Antique,1st,2024-12-01,52.5,44.0
Apayao,1st,2024-12-01,46.78,43.4
Aurora,1st,2024-12-01,49.15,51.5
Basilan,1st,2024-12-01,51.75,50.25
Bataan,1st,2024-12-01,63.47,45.24
Batanes,1st,2024-12-01,68.93,
Batangas,1st,2024-12-01,58.17,69.0
Benguet,1st,2024-12-01,52.25,42.0
Biliran,1st,2024-12-01,53.54,49.75
Bohol,1st,2024-12-01,55.6,52.4
Bukidnon,1st,2024-12-01,51.75,46.5
Bulacan,1st,2024-12-01,56.06,47.25
Cagayan,1st,2024-12-01,46.16,41.63
Camarines Norte,1st,2024-12-01,53.63,42.5
Camarines Sur,1st,2024-12-01,51.87,50.44
Camiguin,1st,2024-12-01,57.0,53.0
Capiz,1st,2024-12-01,53.0,50.5
Catanduanes,1st,2024-12-01,47.8,46.7
Cavite,1st,2024-12-01,52.55,47.76
Cebu,1st,2024-12-01,55.6,50.0
City Of Isabela,1st,2024-12-01,60.94,52.68
Davao De Oro,1st,2024-12-01,,49.38
Davao Del Norte,1st,2024-12-01,55.45,48.48
Davao Del Sur,1st,2024-12-01,53.0,50.25
Davao Occidental,1st,2024-12-01,54.67,47.67
Davao Oriental,1st,2024-12-01,59.67,51.17
Dinagat Islands,1st,2024-12-01,55.5,49.44
Eastern Samar,1st,2024-12-01,65.0,48.0
Guimaras,1st,2024-12-01,55.5,53.5
Ifugao,1st,2024-12-01,55.0,48.0
Ilocos Norte,1st,2024-12-01,50.54,47.0
Ilocos Sur,1st,2024-12-01,50.0,46.5
Iloilo,1st,2024-12-01,59.88,37.5
Isabela,1st,2024-12-01,47.83,44.09
Kalinga,1st,2024-12-01,55.0,50.0
La Union,1st,2024-12-01,50.0,49.59
Laguna,1st,2024-12-01,54.38,47.5
Lanao Del Sur,1st,2024-12-01,59.34,56.75
Lanao del Norte,1st,2024-12-01,52.67,47.33
Leyte,1st,2024-12-01,67.07,49.75
Maguindanao,1st,2024-12-01,45.0,44.25
Marinduque,1st,2024-12-01,56.29,46.33
Masbate,1st,2024-12-01,52.11,45.75
Misamis Occidental,1st,2024-12-01,51.25,48.0
Misamis Oriental,1st,2024-12-01,63.11,60.73
Mountain Province,1st,2024-12-01,62.5,56.5
NCR,1st,2024-12-01,52.56,44.95
Negros Occidental,1st,2024-12-01,66.0,59.0
Negros Oriental,1st,2024-12-01,56.59,50.33
North Cotabato,1st,2024-12-01,54.13,50.6
Northern Samar,1st,2024-12-01,51.85,46.72
Nueva Ecija,1st,2024-12-01,48.38,43.0
Nueva Vizcaya,1st,2024-12-01,45.0,43.5
Occidental Mindoro,1st,2024-12-01,49.67,44.34
Oriental Mindoro,1st,2024-12-01,50.63,44.92
Palawan,1st,2024-12-01,44.25,42.62
Pampanga,1st,2024-12-01,51.4,47.4
Pangasinan,1st,2024-12-01,51.2,46.42
Quezon,1st,2024-12-01,52.5,46.0
Quirino,1st,2024-12-01,44.34,40.75
Rizal,1st,2024-12-01,54.0,48.67
Romblon,1st,2024-12-01,54.67,57.09
Sarangani,1st,2024-12-01,51.64,48.2
Siquijor,1st,2024-12-01,57.6,50.35
Sorsogon,1st,2024-12-01,53.7,48.57
South Cotabato,1st,2024-12-01,48.5,41.9
Southern Leyte,1st,2024-12-01,59.19,54.81
Sultan Kudarat,1st,2024-12-01,51.17,48.42
Sulu,1st,2024-12-01,,
Surigao Del Norte,1st,2024-12-01,48.5,40.7
Surigao Del Sur,1st,2024-12-01,54.6,51.67
Tarlac,1st,2024-12-01,54.0,47.67
Tawi-Tawi,1st,2024-12-01,60.0,51.25
Western Samar,1st,2024-12-01,54.07,47.89
Zambales,1st,2024-12-01,69.0,66.28
Zamboanga Del Norte,1st,2024-12-01,55.84,53.5
Zamboanga Del Sur,1st,2024-12-01,51.88,49.4
Zamboanga Sibugay,1st,2024-12-01,53.5,49.0
Abra,2nd,2024-12-16,56.0,51.0
Agusan Del Norte,2nd,2024-12-16,52.1,49.34
Agusan Del Sur,2nd,2024-12-16,54.75,51.17
Aklan,2nd,2024-12-16,60.0,43.5
Albay,2nd,2024-12-16,56.38,53.0
Antique,2nd,2024-12-16,52.84,44.0
Apayao,2nd,2024-12-16,44.8,46.0
Aurora,2nd,2024-12-16,49.13,45.0
Basilan,2nd,2024-12-16,53.75,50.0
Bataan,2nd,2024-12-16,65.84,45.37
Batanes,2nd,2024-12-16,68.3,
Batangas,2nd,2024-12-16,60.67,69.0
Benguet,2nd,2024-12-16,52.25,42.0
Biliran,2nd,2024-12-16,53.54,49.75
Bohol,2nd,2024-12-16,55.6,52.5
Bukidnon,2nd,2024-12-16,51.75,45.84
Bulacan,2nd,2024-12-16,56.06,47.25
Cagayan,2nd,2024-12-16,46.23,41.5
Camarines Norte,2nd,2024-12-16,54.83,42.5
Camarines Sur,2nd,2024-12-16,52.53,49.91
Camiguin,2nd,2024-12-16,55.5,52.9
Capiz,2nd,2024-12-16,53.0,50.5
Catanduanes,2nd,2024-12-16,51.75,48.73
Cavite,2nd,2024-12-16,52.52,48.09
Cebu,2nd,2024-12-16,55.6,49.63
City Of Isabela,2nd,2024-12-16,60.94,52.68
Davao De Oro,2nd,2024-12-16,,48.92
Davao Del Norte,2nd,2024-12-16,55.45,48.48
Davao Del Sur,2nd,2024-12-16,53.75,50.75
Davao Occidental,2nd,2024-12-16,53.67,45.5
Davao Oriental,2nd,2024-12-16,61.1,49.0
Dinagat Islands,2nd,2024-12-16,55.25,50.82
Eastern Samar,2nd,2024-12-16,65.0,48.0
Guimaras,2nd,2024-12-16,55.5,53.5
Ifugao,2nd,2024-12-16,55.0,48.0
Ilocos Norte,2nd,2024-12-16,50.54,47.0
Ilocos Sur,2nd,2024-12-16,50.0,46.5
Iloilo,2nd,2024-12-16,59.65,38.0
Isabela,2nd,2024-12-16,47.83,44.09
Kalinga,2nd,2024-12-16,55.0,50.0
La Union,2nd,2024-12-16,50.0,47.22
Laguna,2nd,2024-12-16,54.38,47.5
Lanao Del Sur,2nd,2024-12-16,59.34,56.75
Lanao del Norte,2nd,2024-12-16,52.83,47.17
Leyte,2nd,2024-12-16,67.03,49.38
Maguindanao,2nd,2024-12-16,45.0,44.25
Marinduque,2nd,2024-12-16,56.29,46.86
Masbate,2nd,2024-12-16,54.5,53.75
Misamis Occidental,2nd,2024-12-16,51.65,46.17
Misamis Oriental,2nd,2024-12-16,63.11,60.73
Mountain Province,2nd,2024-12-16,63.25,55.0
NCR,2nd,2024-12-16,52.57,44.99
Negros Occidental,2nd,2024-12-16,66.0,59.0
Negros Oriental,2nd,2024-12-16,57.09,50.67
North Cotabato,2nd,2024-12-16,54.13,50.6
Northern Samar,2nd,2024-12-16,51.33,45.94
Nueva Ecija,2nd,2024-12-16,48.63,43.0
Nueva Vizcaya,2nd,2024-12-16,46.0,44.0
Occidental Mindoro,2nd,2024-12-16,49.0,45.0
Oriental Mindoro,2nd,2024-12-16,49.5,42.92
Palawan,2nd,2024-12-16,44.71,42.62
Pampanga,2nd,2024-12-16,51.4,47.4
Pangasinan,2nd,2024-12-16,51.9,46.79
Quezon,2nd,2024-12-16,52.5,44.0
Quirino,2nd,2024-12-16,47.42,42.17
Rizal,2nd,2024-12-16,54.0,50.0
Romblon,2nd,2024-12-16,54.67,57.09
Sarangani,2nd,2024-12-16,50.83,47.75
Siquijor,2nd,2024-12-16,57.7,51.18
Sorsogon,2nd,2024-12-16,53.7,48.57
South Cotabato,2nd,2024-12-16,48.5,41.9
Southern Leyte,2nd,2024-12-16,59.17,54.81
Sultan Kudarat,2nd,2024-12-16,51.5,49.25
Sulu,2nd,2024-12-16,,
Surigao Del Norte,2nd,2024-12-16,49.27,43.02
Surigao Del Sur,2nd,2024-12-16,54.6,51.95
Tarlac,2nd,2024-12-16,60.5,47.67
Tawi-Tawi,2nd,2024-12-16,60.0,49.6
Western Samar,2nd,2024-12-16,54.2,47.88
Zambales,2nd,2024-12-16,69.0,66.28
Zamboanga Del Norte,2nd,2024-12-16,55.84,53.5
Zamboanga Del Sur,2nd,2024-12-16,52.63,49.38
Zamboanga Sibugay,2nd,2024-12-16,53.5,49.0
Abra,1st,2025-01-01,56.0,51.0
Agusan Del Norte,1st,2025-01-01,53.5,50.16
Agusan Del Sur,1st,2025-01-01,54.84,49.88
Aklan,1st,2025-01-01,60.0,44.09
Albay,1st,2025-01-01,56.54,52.92
Antique,1st,2025-01-01,52.75,45.0
Apayao,1st,2025-01-01,44.98,46.18
Aurora,1st,2025-01-01,49.13,48.33
Basilan,1st,2025-01-01,50.0,52.0
Bataan,1st,2025-01-01,63.57,45.42
Batanes,1st,2025-01-01,68.93,
Batangas,1st,2025-01-01,61.5,52.0
Benguet,1st,2025-01-01,50.17,42.0
Biliran,1st,2025-01-01,52.34,48.84
Bohol,1st,2025-01-01,55.9,50.6
Bukidnon,1st,2025-01-01,50.34,47.5
Bulacan,1st,2025-01-01,56.65,48.17
Cagayan,1st,2025-01-01,46.72,42.0
Camarines Norte,1st,2025-01-01,54.19,43.5
Camarines Sur,1st,2025-01-01,52.53,49.82
Camiguin,1st,2025-01-01,55.75,51.75
Capiz,1st,2025-01-01,53.0,50.5
Catanduanes,1st,2025-01-01,52.4,46.7
Cavite,1st,2025-01-01,49.32,46.53
Cebu,1st,2025-01-01,55.6,49.63
City Of Isabela,1st,2025-01-01,61.24,53.03
Davao De Oro,1st,2025-01-01,,47.63
Davao Del Norte,1st,2025-01-01,55.84,48.73
Davao Del Sur,1st,2025-01-01,53.0,50.5
Davao Occidental,1st,2025-01-01,53.67,45.75
Davao Oriental,1st,2025-01-01,61.08,48.84
Dinagat Islands,1st,2025-01-01,54.5,49.75
Eastern Samar,1st,2025-01-01,65.0,48.0
Guimaras,1st,2025-01-01,55.5,53.5
Ifugao,1st,2025-01-01,55.0,48.0
Ilocos Norte,1st,2025-01-01,48.09,44.5
Ilocos Sur,1st,2025-01-01,50.0,46.5
Iloilo,1st,2025-01-01,60.5,39.0
Isabela,1st,2025-01-01,52.0,49.0
Kalinga,1st,2025-01-01,55.0,50.0
La Union,1st,2025-01-01,50.0,46.09
Laguna,1st,2025-01-01,54.38,48.0
Lanao Del Sur,1st,2025-01-01,59.34,57.0
Lanao del Norte,1st,2025-01-01,53.0,47.0
Leyte,1st,2025-01-01,67.03,49.38
Maguindanao,1st,2025-01-01,46.0,45.0
Marinduque,1st,2025-01-01,56.79,46.5
Masbate,1st,2025-01-01,54.67,49.65
Misamis Occidental,1st,2025-01-01,53.0,46.42
Misamis Oriental,1st,2025-01-01,63.11,60.73
Mountain Province,1st,2025-01-01,65.0,55.0
NCR,1st,2025-01-01,52.46,44.68
Negros Occidental,1st,2025-01-01,64.0,46.0
Negros Oriental,1st,2025-01-01,56.59,50.34
North Cotabato,1st,2025-01-01,54.13,50.63
Northern Samar,1st,2025-01-01,51.0,45.25
Nueva Ecija,1st,2025-01-01,48.13,43.0
Nueva Vizcaya,1st,2025-01-01,46.0,44.0
Occidental Mindoro,1st,2025-01-01,49.17,44.5
Oriental Mindoro,1st,2025-01-01,49.38,42.75
Palawan,1st,2025-01-01,49.46,42.62
Pampanga,1st,2025-01-01,51.4,47.4
Pangasinan,1st,2025-01-01,50.8,46.52
Quezon,1st,2025-01-01,52.5,45.0
Quirino,1st,2025-01-01,43.5,38.5
Rizal,1st,2025-01-01,54.0,50.0
Romblon,1st,2025-01-01,54.67,57.09
Sarangani,1st,2025-01-01,49.92,45.67
Siquijor,1st,2025-01-01,57.8,51.93
Sorsogon,1st,2025-01-01,54.65,49.75
South Cotabato,1st,2025-01-01,48.7,41.9
Southern Leyte,1st,2025-01-01,59.19,56.57
Sultan Kudarat,1st,2025-01-01,47.25,45.0
Sulu,1st,2025-01-01,,
Surigao Del Norte,1st,2025-01-01,49.42,43.02
Surigao Del Sur,1st,2025-01-01,53.1,49.85
Tarlac,1st,2025-01-01,60.5,47.67
Tawi-Tawi,1st,2025-01-01,60.0,48.84
Western Samar,1st,2025-01-01,54.07,47.89
Zambales,1st,2025-01-01,69.0,66.11
Zamboanga Del Norte,1st,2025-01-01,55.05,53.5
Zamboanga Del Sur,1st,2025-01-01,52.0,47.84
Zamboanga Sibugay,1st,2025-01-01,53.33,49.25
Abra,2nd,2025-01-16,56.0,51.0
Agusan Del Norte,2nd,2025-01-16,52.88,50.16
Agusan Del Sur,2nd,2025-01-16,55.17,49.88
Aklan,2nd,2025-01-16,60.0,44.09
Albay,2nd,2025-01-16,55.26,52.66
Antique,2nd,2025-01-16,52.5,43.0
Apayao,2nd,2025-01-16,43.0,39.2
Aurora,2nd,2025-01-16,48.25,47.5
Basilan,2nd,2025-01-16,50.5,51.0
Bataan,2nd,2025-01-16,66.04,45.42
Batanes,2nd,2025-01-16,68.93,
Batangas,2nd,2025-01-16,60.67,52.0
Benguet,2nd,2025-01-16,50.17,42.0
Biliran,2nd,2025-01-16,52.34,48.84
Bohol,2nd,2025-01-16,56.1,51.1
Bukidnon,2nd,2025-01-16,50.84,47.54
Bulacan,2nd,2025-01-16,56.4,47.25
Cagayan,2nd,2025-01-16,46.72,42.13
Camarines Norte,2nd,2025-01-16,54.84,43.5
Camarines Sur,2nd,2025-01-16,53.28,50.28
Camiguin,2nd,2025-01-16,55.75,52.0
Capiz,2nd,2025-01-16,53.0,50.5
Catanduanes,2nd,2025-01-16,53.08,47.85
Cavite,2nd,2025-01-16,49.22,46.48
Cebu,2nd,2025-01-16,55.7,49.63
City Of Isabela,2nd,2025-01-16,61.25,53.07
Davao De Oro,2nd,2025-01-16,,48.25
Davao Del Norte,2nd,2025-01-16,55.84,48.73
Davao Del Sur,2nd,2025-01-16,54.0,49.92
Davao Occidental,2nd,2025-01-16,53.84,46.63
Davao Oriental,2nd,2025-01-16,60.1,49.5
Dinagat Islands,2nd,2025-01-16,54.5,48.29
Eastern Samar,2nd,2025-01-16,65.0,48.0
Guimaras,2nd,2025-01-16,56.5,53.5
Ifugao,2nd,2025-01-16,55.0,48.0
Ilocos Norte,2nd,2025-01-16,47.59,44.5
Ilocos Sur,2nd,2025-01-16,48.0,45.0
Iloilo,2nd,2025-01-16,60.4,38.5
Isabela,2nd,2025-01-16,48.33,44.84
Kalinga,2nd,2025-01-16,55.0,50.0
La Union,2nd,2025-01-16,50.0,46.09
Laguna,2nd,2025-01-16,54.75,48.0
Lanao Del Sur,2nd,2025-01-16,59.34,57.0
Lanao del Norte,2nd,2025-01-16,53.0,47.0
Leyte,2nd,2025-01-16,67.03,49.38
Maguindanao,2nd,2025-01-16,46.0,45.0
Marinduque,2nd,2025-01-16,57.04,46.5
Masbate,2nd,2025-01-16,54.17,47.95
Misamis Occidental,2nd,2025-01-16,52.88,46.42
Misamis Oriental,2nd,2025-01-16,63.11,60.73
Mountain Province,2nd,2025-01-16,65.0,56.5
NCR,2nd,2025-01-16,52.17,44.39
Negros Occidental,2nd,2025-01-16,64.0,46.0
Negros Oriental,2nd,2025-01-16,51.6,47.27
North Cotabato,2nd,2025-01-16,53.28,50.13
Northern Samar,2nd,2025-01-16,51.0,44.92
Nueva Ecija,2nd,2025-01-16,48.13,43.0
Nueva Vizcaya,2nd,2025-01-16,46.5,44.0
Occidental Mindoro,2nd,2025-01-16,48.84,44.84
Oriental Mindoro,2nd,2025-01-16,49.34,38.84
Palawan,2nd,2025-01-16,49.46,42.62
Pampanga,2nd,2025-01-16,51.2,47.1
Pangasinan,2nd,2025-01-16,51.3,46.98
Quezon,2nd,2025-01-16,52.5,45.0
Quirino,2nd,2025-01-16,46.0,38.75
Rizal,2nd,2025-01-16,54.0,49.5
Romblon,2nd,2025-01-16,54.67,57.09
Sarangani,2nd,2025-01-16,50.27,46.5
Siquijor,2nd,2025-01-16,57.7,50.7
Sorsogon,2nd,2025-01-16,54.15,48.92
South Cotabato,2nd,2025-01-16,48.45,41.9
Southern Leyte,2nd,2025-01-16,59.11,56.57
Sultan Kudarat,2nd,2025-01-16,47.0,42.25
Sulu,2nd,2025-01-16,,
Surigao Del Norte,2nd,2025-01-16,48.5,42.57
Surigao Del Sur,2nd,2025-01-16,53.9,51.1
Tarlac,2nd,2025-01-16,59.75,47.67
Tawi-Tawi,2nd,2025-01-16,60.0,48.5
Western Samar,2nd,2025-01-16,54.2,47.88
Zambales,2nd,2025-01-16,69.0,66.11
Zamboanga Del Norte,2nd,2025-01-16,55.05,53.5
Zamboanga Del Sur,2nd,2025-01-16,51.79,47.55
Zamboanga Sibugay,2nd,2025-01-16,53.33,49.25
Abra,1st,2025-02-01,56.0,49.0
Agusan Del Norte,1st,2025-02-01,50.5,45.25
Agusan Del Sur,1st,2025-02-01,54.75,50.0
Aklan,1st,2025-02-01,59.0,42.34
Albay,1st,2025-02-01,55.54,51.85
Antique,1st,2025-02-01,52.0,41.75
Apayao,1st,2025-02-01,44.78,42.18
Aurora,1st,2025-02-01,47.67,47.67
Basilan,1st,2025-02-01,50.5,51.0
Bataan,1st,2025-02-01,62.67,44.0
Batanes,1st,2025-02-01,68.3,
Batangas,1st,2025-02-01,62.0,60.5
Benguet,1st,2025-02-01,50.17,42.0
Biliran,1st,2025-02-01,52.84,49.5
Bohol,1st,2025-02-01,54.9,50.4
Bukidnon,1st,2025-02-01,50.0,45.79
Bulacan,1st,2025-02-01,55.77,47.25
Cagayan,1st,2025-02-01,46.48,41.25
Camarines Norte,1st,2025-02-01,50.25,44.0
Camarines Sur,1st,2025-02-01,52.0,49.28
Camiguin,1st,2025-02-01,56.08,52.58
Capiz,1st,2025-02-01,53.0,50.5
Catanduanes,1st,2025-02-01,50.6,46.7
Cavite,1st,2025-02-01,49.24,46.61
Cebu,1st,2025-02-01,55.7,49.5
City Of Isabela,1st,2025-02-01,61.25,53.07
Davao De Oro,1st,2025-02-01,,47.63
Davao Del Norte,1st,2025-02-01,55.45,48.23
Davao Del Sur,1st,2025-02-01,55.81,49.25
Davao Occidental,1st,2025-02-01,52.5,43.25
Davao Oriental,1st,2025-02-01,65.83,51.0
Dinagat Islands,1st,2025-02-01,53.0,47.1
Eastern Samar,1st,2025-02-01,65.0,48.0
Guimaras,1st,2025-02-01,55.0,53.5
Ifugao,1st,2025-02-01,56.9,48.0
Ilocos Norte,1st,2025-02-01,46.92,44.5
Ilocos Sur,1st,2025-02-01,45.57,43.0
Iloilo,1st,2025-02-01,60.4,45.0
Isabela,1st,2025-02-01,48.33,44.84
Kalinga,1st,2025-02-01,54.5,50.0
La Union,1st,2025-02-01,55.0,48.0
Laguna,1st,2025-02-01,54.04,48.0
Lanao Del Sur,1st,2025-02-01,58.84,56.5
Lanao del Norte,1st,2025-02-01,52.0,46.5
Leyte,1st,2025-02-01,65.89,47.75
Maguindanao,1st,2025-02-01,46.0,45.0
Marinduque,1st,2025-02-01,56.12,45.43
Masbate,1st,2025-02-01,52.07,43.92
Misamis Occidental,1st,2025-02-01,50.75,44.5
Misamis Oriental,1st,2025-02-01,62.32,60.42
Mountain Province,1st,2025-02-01,60.0,55.0
NCR,1st,2025-02-01,52.08,44.25
Negros Occidental,1st,2025-02-01,63.5,48.0
Negros Oriental,1st,2025-02-01,55.92,50.34
North Cotabato,1st,2025-02-01,50.5,47.92
Northern Samar,1st,2025-02-01,49.25,42.94
Nueva Ecija,1st,2025-02-01,48.75,42.75
Nueva Vizcaya,1st,2025-02-01,45.0,44.0
Occidental Mindoro,1st,2025-02-01,50.17,44.67
Oriental Mindoro,1st,2025-02-01,49.38,38.84
Palawan,1st,2025-02-01,47.11,42.18
Pampanga,1st,2025-02-01,50.6,44.9
Pangasinan,1st,2025-02-01,51.3,46.98
Quezon,1st,2025-02-01,52.5,45.0
Quirino,1st,2025-02-01,44.17,39.5
Rizal,1st,2025-02-01,54.42,48.67
Romblon,1st,2025-02-01,54.67,57.09
Sarangani,1st,2025-02-01,51.0,45.92
Siquijor,1st,2025-02-01,56.1,50.8
Sorsogon,1st,2025-02-01,53.7,49.27
South Cotabato,1st,2025-02-01,48.7,42.09
Southern Leyte,1st,2025-02-01,58.5,56.58
Sultan Kudarat,1st,2025-02-01,46.75,41.5
Sulu,1st,2025-02-01,,
Surigao Del Norte,1st,2025-02-01,48.81,43.38
Surigao Del Sur,1st,2025-02-01,54.25,51.5
Tarlac,1st,2025-02-01,60.5,46.0
Tawi-Tawi,1st,2025-02-01,60.0,46.42
Western Samar,1st,2025-02-01,53.5,49.13
Zambales,1st,2025-02-01,69.0,62.17
Zamboanga Del Norte,1st,2025-02-01,55.34,52.5
Zamboanga Del Sur,1st,2025-02-01,49.4,44.9
Zamboanga Sibugay,1st,2025-02-01,51.33,46.5
Abra,2nd,2025-02-16,56.0,49.0
Agusan Del Norte,2nd,2025-02-16,50.5,45.25
Agusan Del Sur,2nd,2025-02-16,54.75,50.0
Aklan,2nd,2025-02-16,59.0,42.34
Albay,2nd,2025-02-16,52.94,50.88
Antique,2nd,2025-02-16,52.17,42.5
Apayao,2nd,2025-02-16,42.38,37.58
Aurora,2nd,2025-02-16,46.63,46.5
Basilan,2nd,2025-02-16,50.5,52.0
Bataan,2nd,2025-02-16,65.14,44.0
Batanes,2nd,2025-02-16,67.6,
Batangas,2nd,2025-02-16,62.0,60.5
Benguet,2nd,2025-02-16,50.17,42.0
Biliran,2nd,2025-02-16,52.84,49.5
Bohol,2nd,2025-02-16,55.1,50.7
Bukidnon,2nd,2025-02-16,50.6,46.25
Bulacan,2nd,2025-02-16,55.43,48.17
Cagayan,2nd,2025-02-16,44.75,40.25
Camarines Norte,2nd,2025-02-16,50.75,43.5
Camarines Sur,2nd,2025-02-16,52.3,48.78
Camiguin,2nd,2025-02-16,55.5,52.5
Capiz,2nd,2025-02-16,53.0,50.5
Catanduanes,2nd,2025-02-16,52.43,50.1
Cavite,2nd,2025-02-16,49.16,46.48
Cebu,2nd,2025-02-16,54.8,47.71
City Of Isabela,2nd,2025-02-16,61.5,53.33
Davao De Oro,2nd,2025-02-16,,46.87
Davao Del Norte,2nd,2025-02-16,54.45,47.23
Davao Del Sur,2nd,2025-02-16,52.92,49.34
Davao Occidental,2nd,2025-02-16,53.33,43.29
Davao Oriental,2nd,2025-02-16,57.25,47.18
Dinagat Islands,2nd,2025-02-16,53.0,45.92
Eastern Samar,2nd,2025-02-16,62.5,44.0
Guimaras,2nd,2025-02-16,54.0,47.5
Ifugao,2nd,2025-02-16,54.2,48.0
Ilocos Norte,2nd,2025-02-16,46.5,44.5
Ilocos Sur,2nd,2025-02-16,46.5,43.5
Iloilo,2nd,2025-02-16,61.25,44.0
Isabela,2nd,2025-02-16,47.33,44.84
Kalinga,2nd,2025-02-16,54.5,50.0
La Union,2nd,2025-02-16,55.0,48.0
Laguna,2nd,2025-02-16,53.75,48.0
Lanao Del Sur,2nd,2025-02-16,58.84,56.5
Lanao del Norte,2nd,2025-02-16,52.0,46.5
Leyte,2nd,2025-02-16,65.44,47.84
Maguindanao,2nd,2025-02-16,45.0,44.0
Marinduque,2nd,2025-02-16,55.84,45.14
Masbate,2nd,2025-02-16,55.75,50.84
Misamis Occidental,2nd,2025-02-16,48.75,42.38
Misamis Oriental,2nd,2025-02-16,72.27,55.8
Mountain Province,2nd,2025-02-16,60.0,55.0
NCR,2nd,2025-02-16,51.83,43.71
Negros Occidental,2nd,2025-02-16,63.5,47.0
Negros Oriental,2nd,2025-02-16,56.84,49.33
North Cotabato,2nd,2025-02-16,50.92,47.32
Northern Samar,2nd,2025-02-16,47.34,41.97
Nueva Ecija,2nd,2025-02-16,49.25,42.0
Nueva Vizcaya,2nd,2025-02-16,45.0,44.0
Occidental Mindoro,2nd,2025-02-16,49.5,45.33
Oriental Mindoro,2nd,2025-02-16,49.42,37.67
Palawan,2nd,2025-02-16,49.41,36.5
Pampanga,2nd,2025-02-16,50.6,44.9
Pangasinan,2nd,2025-02-16,51.3,46.98
Quezon,2nd,2025-02-16,51.5,44.75
Quirino,2nd,2025-02-16,45.0,40.0
Rizal,2nd,2025-02-16,54.5,48.67
Romblon,2nd,2025-02-16,54.67,57.09
Sarangani,2nd,2025-02-16,50.29,45.25
Siquijor,2nd,2025-02-16,55.8,49.45
Sorsogon,2nd,2025-02-16,53.85,47.57
South Cotabato,2nd,2025-02-16,48.0,40.06
Southern Leyte,2nd,2025-02-16,58.63,56.8
Sultan Kudarat,2nd,2025-02-16,46.25,40.59
Sulu,2nd,2025-02-16,,
Surigao Del Norte,2nd,2025-02-16,47.35,41.37
Surigao Del Sur,2nd,2025-02-16,53.6,49.15
Tarlac,2nd,2025-02-16,60.17,47.67
Tawi-Tawi,2nd,2025-02-16,60.0,46.42
Western Samar,2nd,2025-02-16,53.19,48.04
Zambales,2nd,2025-02-16,69.0,62.17
Zamboanga Del Norte,2nd,2025-02-16,55.34,52.5
Zamboanga Del Sur,2nd,2025-02-16,46.7,42.3
Zamboanga Sibugay,2nd,2025-02-16,51.33,46.5
Abra,1st,2025-03-01,56.0,49.0
Agusan Del Norte,1st,2025-03-01,45.0,41.04
Agusan Del Sur,1st,2025-03-01,52.75,46.88
Aklan,1st,2025-03-01,58.0,41.59
Albay,1st,2025-03-01,51.63,49.38
Antique,1st,2025-03-01,52.5,44.5
Apayao,1st,2025-03-01,43.4,39.4
Aurora,1st,2025-03-01,46.63,42.67
Basilan,1st,2025-03-01,51.0,50.0
Bataan,1st,2025-03-01,63.0,44.0
Batanes,1st,2025-03-01,67.33,
Batangas,1st,2025-03-01,61.0,56.25
Benguet,1st,2025-03-01,50.17,42.0
Biliran,1st,2025-03-01,52.17,47.0
Bohol,1st,2025-03-01,54.9,50.6
Bukidnon,1st,2025-03-01,50.0,45.79
Bulacan,1st,2025-03-01,54.77,48.5
Cagayan,1st,2025-03-01,43.89,41.25
Camarines Norte,1st,2025-03-01,52.25,45.0
Camarines Sur,1st,2025-03-01,51.25,48.76
Camiguin,1st,2025-03-01,55.59,52.5
Capiz,1st,2025-03-01,49.5,47.34
Catanduanes,1st,2025-03-01,49.77,46.5
Cavite,1st,2025-03-01,46.35,45.19
Cebu,1st,2025-03-01,54.7,47.38
City Of Isabela,1st,2025-03-01,61.63,53.4
Davao De Oro,1st,2025-03-01,,45.4
Davao Del Norte,1st,2025-03-01,54.72,47.23
Davao Del Sur,1st,2025-03-01,55.32,43.28
Davao Occidental,1st,2025-03-01,49.34,43.25
Davao Oriental,1st,2025-03-01,55.75,45.37
Dinagat Islands,1st,2025-03-01,47.17,43.42
Eastern Samar,1st,2025-03-01,62.25,44.0
Guimaras,1st,2025-03-01,53.0,50.25
Ifugao,1st,2025-03-01,55.05,48.0
Ilocos Norte,1st,2025-03-01,44.09,42.0
Ilocos Sur,1st,2025-03-01,48.0,44.0
Iloilo,1st,2025-03-01,61.25,44.0
Isabela,1st,2025-03-01,44.33,44.09
Kalinga,1st,2025-03-01,53.5,49.0
La Union,1st,2025-03-01,46.0,40.15
Laguna,1st,2025-03-01,53.75,48.0
Lanao Del Sur,1st,2025-03-01,57.5,55.75
Lanao del Norte,1st,2025-03-01,51.34,46.17
Leyte,1st,2025-03-01,64.07,47.6
Maguindanao,1st,2025-03-01,46.0,44.5
Marinduque,1st,2025-03-01,54.79,46.0
Masbate,1st,2025-03-01,52.0,46.6
Misamis Occidental,1st,2025-03-01,47.63,41.54
Misamis Oriental,1st,2025-03-01,70.87,54.82
Mountain Province,1st,2025-03-01,62.5,52.5
NCR,1st,2025-03-01,51.11,42.86
Negros Occidental,1st,2025-03-01,63.5,56.5
Negros Oriental,1st,2025-03-01,55.84,48.34
North Cotabato,1st,2025-03-01,50.34,46.94
Northern Samar,1st,2025-03-01,46.57,40.99
Nueva Ecija,1st,2025-03-01,48.63,41.0
Nueva Vizcaya,1st,2025-03-01,44.0,43.0
Occidental Mindoro,1st,2025-03-01,48.17,42.5
Oriental Mindoro,1st,2025-03-01,48.5,37.63
Palawan,1st,2025-03-01,61.45,45.89
Pampanga,1st,2025-03-01,50.1,42.9
Pangasinan,1st,2025-03-01,51.0,46.7
Quezon,1st,2025-03-01,51.0,44.75
Quirino,1st,2025-03-01,44.25,36.75
Rizal,1st,2025-03-01,54.5,47.67
Romblon,1st,2025-03-01,54.5,56.71
Sarangani,1st,2025-03-01,48.21,43.75
Siquijor,1st,2025-03-01,55.4,49.25
Sorsogon,1st,2025-03-01,51.65,44.45
South Cotabato,1st,2025-03-01,46.75,39.1
Southern Leyte,1st,2025-03-01,57.07,54.97
Sultan Kudarat,1st,2025-03-01,45.25,40.42
Sulu,1st,2025-03-01,,
Surigao Del Norte,1st,2025-03-01,46.88,40.92
Surigao Del Sur,1st,2025-03-01,52.25,47.87
Tarlac,1st,2025-03-01,59.67,42.33
Tawi-Tawi,1st,2025-03-01,60.0,46.33
Western Samar,1st,2025-03-01,51.3,47.63
Zambales,1st,2025-03-01,68.75,61.17
Zamboanga Del Norte,1st,2025-03-01,55.29,52.5
Zamboanga Del Sur,1st,2025-03-01,44.7,40.64
Zamboanga Sibugay,1st,2025-03-01,50.5,43.5
Abra,2nd,2025-03-16,56.0,49.0
Agusan Del Norte,2nd,2025-03-16,42.0,41.04
Agusan Del Sur,2nd,2025-03-16,52.75,46.88
Aklan,2nd,2025-03-16,58.0,41.59
Albay,2nd,2025-03-16,51.63,49.38
Antique,2nd,2025-03-16,53.75,41.5
Apayao,2nd,2025-03-16,41.0,38.6
Aurora,2nd,2025-03-16,44.88,46.5
Basilan,2nd,2025-03-16,51.5,50.0
Bataan,2nd,2025-03-16,65.14,44.0
Batanes,2nd,2025-03-16,67.33,
Batangas,2nd,2025-03-16,60.84,47.67
Benguet,2nd,2025-03-16,50.17,42.0
Biliran,2nd,2025-03-16,52.17,47.0
Bohol,2nd,2025-03-16,54.5,50.7
Bukidnon,2nd,2025-03-16,50.5,46.25
Bulacan,2nd,2025-03-16,53.77,49.25
Cagayan,2nd,2025-03-16,43.21,43.25
Camarines Norte,2nd,2025-03-16,50.5,43.5
Camarines Sur,2nd,2025-03-16,51.5,48.6
Camiguin,2nd,2025-03-16,56.0,52.25
Capiz,2nd,2025-03-16,49.5,47.34
Catanduanes,2nd,2025-03-16,49.6,45.25
Cavite,2nd,2025-03-16,45.39,44.43
Cebu,2nd,2025-03-16,54.2,46.25
City Of Isabela,2nd,2025-03-16,61.63,53.4
Davao De Oro,2nd,2025-03-16,,44.7
Davao Del Norte,2nd,2025-03-16,54.72,46.73
Davao Del Sur,2nd,2025-03-16,54.47,43.32
Davao Occidental,2nd,2025-03-16,48.34,42.67
Davao Oriental,2nd,2025-03-16,55.63,44.77
Dinagat Islands,2nd,2025-03-16,46.78,45.0
Eastern Samar,2nd,2025-03-16,62.25,44.0
Guimaras,2nd,2025-03-16,49.0,45.0
Ifugao,2nd,2025-03-16,55.35,48.0
Ilocos Norte,2nd,2025-03-16,43.96,42.0
Ilocos Sur,2nd,2025-03-16,45.0,42.5
Iloilo,2nd,2025-03-16,58.75,42.0
Isabela,2nd,2025-03-16,40.58,44.09
Kalinga,2nd,2025-03-16,53.5,49.0
La Union,2nd,2025-03-16,45.5,39.71
Laguna,2nd,2025-03-16,53.75,48.0
Lanao Del Sur,2nd,2025-03-16,57.5,55.75
Lanao del Norte,2nd,2025-03-16,51.34,46.17
Leyte,2nd,2025-03-16,64.37,47.6
Maguindanao,2nd,2025-03-16,45.0,44.0
Marinduque,2nd,2025-03-16,53.54,42.33
Masbate,2nd,2025-03-16,50.4,45.13
Misamis Occidental,2nd,2025-03-16,46.42,41.54
Misamis Oriental,2nd,2025-03-16,66.24,54.41
Mountain Province,2nd,2025-03-16,62.5,52.5
NCR,2nd,2025-03-16,50.43,42.57
Negros Occidental,2nd,2025-03-16,64.0,56.0
Negros Oriental,2nd,2025-03-16,50.17,43.2
North Cotabato,2nd,2025-03-16,49.25,46.24
Northern Samar,2nd,2025-03-16,45.42,40.57
Nueva Ecija,2nd,2025-03-16,48.13,40.25
Nueva Vizcaya,2nd,2025-03-16,42.5,43.0
Occidental Mindoro,2nd,2025-03-16,47.5,43.17
Oriental Mindoro,2nd,2025-03-16,47.25,40.9
Palawan,2nd,2025-03-16,63.89,47.6
Pampanga,2nd,2025-03-16,50.1,42.9
Pangasinan,2nd,2025-03-16,51.0,46.7
Quezon,2nd,2025-03-16,49.0,44.75
Quirino,2nd,2025-03-16,45.25,42.75
Rizal,2nd,2025-03-16,54.38,46.88
Romblon,2nd,2025-03-16,54.34,56.04
Sarangani,2nd,2025-03-16,48.25,44.0
Siquijor,2nd,2025-03-16,54.35,48.2
Sorsogon,2nd,2025-03-16,50.65,43.62
South Cotabato,2nd,2025-03-16,45.75,39.1
Southern Leyte,2nd,2025-03-16,57.17,55.07
Sultan Kudarat,2nd,2025-03-16,46.0,40.25
Sulu,2nd,2025-03-16,,
Surigao Del Norte,2nd,2025-03-16,47.71,41.03
Surigao Del Sur,2nd,2025-03-16,51.74,48.17
Tarlac,2nd,2025-03-16,60.25,42.5
Tawi-Tawi,2nd,2025-03-16,60.0,46.54
Western Samar,2nd,2025-03-16,47.1,45.8
Zambales,2nd,2025-03-16,68.75,61.17
Zamboanga Del Norte,2nd,2025-03-16,55.29,52.5
Zamboanga Del Sur,2nd,2025-03-16,44.5,40.43
Zamboanga Sibugay,2nd,2025-03-16,49.5,43.0
Abra,1st,2025-04-01,56.0,49.0
Agusan Del Norte,1st,2025-04-01,43.5,40.0
Agusan Del Sur,1st,2025-04-01,51.5,46.88
Aklan,1st,2025-04-01,58.0,41.34
Albay,1st,2025-04-01,51.38,49.07
Antique,1st,2025-04-01,52.5,40.0
Apayao,1st,2025-04-01,42.06,37.5
Aurora,1st,2025-04-01,43.13,44.0
Basilan,1st,2025-04-01,49.0,48.0
Bataan,1st,2025-04-01,59.37,42.0
Batanes,1st,2025-04-01,64.17,
Batangas,1st,2025-04-01,60.75,48.17
Benguet,1st,2025-04-01,50.17,42.0
Biliran,1st,2025-04-01,52.0,46.25
Bohol,1st,2025-04-01,54.4,49.7
Bukidnon,1st,2025-04-01,47.63,43.54
Bulacan,1st,2025-04-01,52.91,49.0
Cagayan,1st,2025-04-01,42.35,42.75
Camarines Norte,1st,2025-04-01,50.25,43.0
Camarines Sur,1st,2025-04-01,50.43,47.38
Camiguin,1st,2025-04-01,55.75,48.25
Capiz,1st,2025-04-01,48.75,47.0
Catanduanes,1st,2025-04-01,49.6,45.25
Cavite,1st,2025-04-01,44.49,43.21
Cebu,1st,2025-04-01,52.45,45.0
City Of Isabela,1st,2025-04-01,61.46,53.33
Davao De Oro,1st,2025-04-01,,41.17
Davao Del Norte,1st,2025-04-01,53.72,45.98
Davao Del Sur,1st,2025-04-01,53.5,43.0
Davao Occidental,1st,2025-04-01,48.84,41.96
Davao Oriental,1st,2025-04-01,52.63,41.25
Dinagat Islands,1st,2025-04-01,45.71,43.84
Eastern Samar,1st,2025-04-01,61.25,42.0
Guimaras,1st,2025-04-01,48.5,44.5
Ifugao,1st,2025-04-01,53.5,48.0
Ilocos Norte,1st,2025-04-01,43.96,42.0
Ilocos Sur,1st,2025-04-01,47.5,43.5
Iloilo,1st,2025-04-01,59.5,42.0
Isabela,1st,2025-04-01,40.33,42.18
Kalinga,1st,2025-04-01,53.0,48.5
La Union,1st,2025-04-01,47.0,40.57
Laguna,1st,2025-04-01,53.75,48.0
Lanao Del Sur,1st,2025-04-01,57.5,55.75
Lanao del Norte,1st,2025-04-01,49.34,45.5
Leyte,1st,2025-04-01,63.69,47.25
Maguindanao,1st,2025-04-01,40.75,38.59
Marinduque,1st,2025-04-01,53.29,42.25
Masbate,1st,2025-04-01,50.0,46.5
Misamis Occidental,1st,2025-04-01,45.34,41.0
Misamis Oriental,1st,2025-04-01,65.97,53.99
Mountain Province,1st,2025-04-01,62.5,52.5
NCR,1st,2025-04-01,49.91,42.36
Negros Occidental,1st,2025-04-01,54.86,54.5
Negros Oriental,1st,2025-04-01,55.59,47.17
North Cotabato,1st,2025-04-01,47.84,45.0
Northern Samar,1st,2025-04-01,44.75,39.5
Nueva Ecija,1st,2025-04-01,46.13,39.0
Nueva Vizcaya,1st,2025-04-01,41.0,39.0
Occidental Mindoro,1st,2025-04-01,47.5,41.84
Oriental Mindoro,1st,2025-04-01,46.75,40.4
Palawan,1st,2025-04-01,64.19,47.1
Pampanga,1st,2025-04-01,46.8,40.8
Pangasinan,1st,2025-04-01,50.0,45.78
Quezon,1st,2025-04-01,48.0,44.0
Quirino,1st,2025-04-01,43.38,39.0
Rizal,1st,2025-04-01,54.5,45.0
Romblon,1st,2025-04-01,52.84,54.92
Sarangani,1st,2025-04-01,45.34,42.84
Siquijor,1st,2025-04-01,50.9,47.15
Sorsogon,1st,2025-04-01,50.65,43.62
South Cotabato,1st,2025-04-01,44.3,36.6
Southern Leyte,1st,2025-04-01,55.22,51.87
Sultan Kudarat,1st,2025-04-01,44.35,39.25
Sulu,1st,2025-04-01,,
Surigao Del Norte,1st,2025-04-01,47.1,39.38
Surigao Del Sur,1st,2025-04-01,48.55,43.7
Tarlac,1st,2025-04-01,59.67,42.33
Tawi-Tawi,1st,2025-04-01,60.0,44.5
Western Samar,1st,2025-04-01,49.17,43.33
Zambales,1st,2025-04-01,68.75,61.17
Zamboanga Del Norte,1st,2025-04-01,52.75,47.71
Zamboanga Del Sur,1st,2025-04-01,42.5,38.9
Zamboanga Sibugay,1st,2025-04-01,48.0,41.17
Abra,2nd,2025-04-16,56.0,49.0
Agusan Del Norte,2nd,2025-04-16,43.5,40.0
Agusan Del Sur,2nd,2025-04-16,51.5,46.3
Aklan,2nd,2025-04-16,58.0,41.34
Albay,2nd,2025-04-16,51.25,49.07
Antique,2nd,2025-04-16,52.5,40.0
Apayao,2nd,2025-04-16,41.7,36.1
Aurora,2nd,2025-04-16,42.75,41.5
Basilan,2nd,2025-04-16,50.0,46.25
Bataan,2nd,2025-04-16,62.3,43.0
Batanes,2nd,2025-04-16,60.67,
Batangas,2nd,2025-04-16,60.75,47.67
Benguet,2nd,2025-04-16,48.67,42.0
Biliran,2nd,2025-04-16,52.0,46.25
Bohol,2nd,2025-04-16,53.75,48.0
Bukidnon,2nd,2025-04-16,47.59,43.33
Bulacan,2nd,2025-04-16,53.97,49.5
Cagayan,2nd,2025-04-16,42.05,42.75
Camarines Norte,2nd,2025-04-16,50.25,43.0
Camarines Sur,2nd,2025-04-16,51.96,48.76
Camiguin,2nd,2025-04-16,55.75,48.28
Capiz,2nd,2025-04-16,48.75,47.0
Catanduanes,2nd,2025-04-16,49.77,46.0
Cavite,2nd,2025-04-16,43.24,40.51
Cebu,2nd,2025-04-16,52.0,45.0
City Of Isabela,2nd,2025-04-16,61.15,53.21
Davao De Oro,2nd,2025-04-16,,41.0
Davao Del Norte,2nd,2025-04-16,52.72,44.98
Davao Del Sur,2nd,2025-04-16,53.4,41.1
Davao Occidental,2nd,2025-04-16,46.63,39.33
Davao Oriental,2nd,2025-04-16,64.38,40.5
Dinagat Islands,2nd,2025-04-16,45.67,42.84
Eastern Samar,2nd,2025-04-16,59.75,42.0
Guimaras,2nd,2025-04-16,47.0,43.5
Ifugao,2nd,2025-04-16,49.4,50.0
Ilocos Norte,2nd,2025-04-16,43.84,42.0
Ilocos Sur,2nd,2025-04-16,49.0,42.0
Iloilo,2nd,2025-04-16,59.3,39.75
Isabela,2nd,2025-04-16,38.4,40.75
Kalinga,2nd,2025-04-16,53.0,48.5
La Union,2nd,2025-04-16,47.0,41.49
Laguna,2nd,2025-04-16,53.75,48.0
Lanao Del Sur,2nd,2025-04-16,57.5,55.75
Lanao del Norte,2nd,2025-04-16,49.34,45.5
Leyte,2nd,2025-04-16,61.69,45.25
Maguindanao,2nd,2025-04-16,38.25,35.92
Marinduque,2nd,2025-04-16,53.37,40.29
Masbate,2nd,2025-04-16,46.75,44.13
Misamis Occidental,2nd,2025-04-16,45.34,41.0
Misamis Oriental,2nd,2025-04-16,66.46,53.63
Mountain Province,2nd,2025-04-16,62.5,52.5
NCR,2nd,2025-04-16,49.3,41.59
Negros Occidental,2nd,2025-04-16,54.86,54.5
Negros Oriental,2nd,2025-04-16,55.59,47.17
North Cotabato,2nd,2025-04-16,47.4,44.25
Northern Samar,2nd,2025-04-16,44.25,38.34
Nueva Ecija,2nd,2025-04-16,46.13,39.0
Nueva Vizcaya,2nd,2025-04-16,39.5,37.5
Occidental Mindoro,2nd,2025-04-16,47.5,42.67
Oriental Mindoro,2nd,2025-04-16,46.63,40.5
Palawan,2nd,2025-04-16,64.26,47.13
Pampanga,2nd,2025-04-16,46.8,40.8
Pangasinan,2nd,2025-04-16,50.0,45.76
Quezon,2nd,2025-04-16,47.5,43.0
Quirino,2nd,2025-04-16,40.84,35.5
Rizal,2nd,2025-04-16,54.5,45.0
Romblon,2nd,2025-04-16,52.84,54.92
Sarangani,2nd,2025-04-16,44.46,42.84
Siquijor,2nd,2025-04-16,50.44,47.55
Sorsogon,2nd,2025-04-16,50.37,43.45
South Cotabato,2nd,2025-04-16,44.3,36.6
Southern Leyte,2nd,2025-04-16,55.06,51.87
Sultan Kudarat,2nd,2025-04-16,44.45,39.75
Sulu,2nd,2025-04-16,,
Surigao Del Norte,2nd,2025-04-16,41.9,36.5
Surigao Del Sur,2nd,2025-04-16,46.84,41.08
Tarlac,2nd,2025-04-16,59.67,42.33
Tawi-Tawi,2nd,2025-04-16,60.0,44.5
Western Samar,2nd,2025-04-16,48.25,43.8
Zambales,2nd,2025-04-16,68.75,61.17
Zamboanga Del Norte,2nd,2025-04-16,52.75,47.71
Zamboanga Del Sur,2nd,2025-04-16,41.9,38.9
Zamboanga Sibugay,2nd,2025-04-16,47.5,39.2
Abra,1st,2025-05-01,56.0,49.0
Agusan Del Norte,1st,2025-05-01,40.0,39.6
Agusan Del Sur,1st,2025-05-01,51.49,46.64
Aklan,1st,2025-05-01,55.0,38.0
Albay,1st,2025-05-01,50.1,45.88
Antique,1st,2025-05-01,51.75,41.0
Apayao,1st,2025-05-01,40.75,35.1
Aurora,1st,2025-05-01,40.5,41.0
Basilan,1st,2025-05-01,46.0,40.77
Bataan,1st,2025-05-01,58.86,39.2
Batanes,1st,2025-05-01,62.34,
Batangas,1st,2025-05-01,60.75,53.67
Benguet,1st,2025-05-01,48.67,42.0
Biliran,1st,2025-05-01,48.5,43.75
Bohol,1st,2025-05-01,53.5,49.4
Bukidnon,1st,2025-05-01,46.17,39.03
Bulacan,1st,2025-05-01,52.66,49.5
Cagayan,1st,2025-05-01,40.94,38.0
Camarines Norte,1st,2025-05-01,53.11,41.5
Camarines Sur,1st,2025-05-01,50.6,47.36
Camiguin,1st,2025-05-01,54.75,48.0
Capiz,1st,2025-05-01,48.75,47.0
Catanduanes,1st,2025-05-01,47.67,46.5
Cavite,1st,2025-05-01,43.24,40.34
Cebu,1st,2025-05-01,50.6,44.67
City Of Isabela,1st,2025-05-01,61.03,53.13
Davao De Oro,1st,2025-05-01,,41.2
Davao Del Norte,1st,2025-05-01,52.72,44.98
Davao Del Sur,1st,2025-05-01,53.22,43.5
Davao Occidental,1st,2025-05-01,46.04,38.67
Davao Oriental,1st,2025-05-01,66.88,40.79
Dinagat Islands,1st,2025-05-01,45.45,41.92
Eastern Samar,1st,2025-05-01,57.5,36.5
Guimaras,1st,2025-05-01,48.0,45.0
Ifugao,1st,2025-05-01,54.3,52.0
Ilocos Norte,1st,2025-05-01,39.17,36.0
Ilocos Sur,1st,2025-05-01,49.63,42.75
Iloilo,1st,2025-05-01,57.94,40.0
Isabela,1st,2025-05-01,40.33,35.86
Kalinga,1st,2025-05-01,51.5,46.5
La Union,1st,2025-05-01,48.0,42.38
Laguna,1st,2025-05-01,53.96,47.44
Lanao Del Sur,1st,2025-05-01,54.96,50.34
Lanao del Norte,1st,2025-05-01,48.33,44.83
Leyte,1st,2025-05-01,61.99,44.4
Maguindanao,1st,2025-05-01,38.25,35.92
Marinduque,1st,2025-05-01,52.54,41.33
Masbate,1st,2025-05-01,53.0,46.75
Misamis Occidental,1st,2025-05-01,44.58,40.67
Misamis Oriental,1st,2025-05-01,64.78,54.54
Mountain Province,1st,2025-05-01,60.0,50.0
NCR,1st,2025-05-01,49.0,41.4
Negros Occidental,1st,2025-05-01,54.86,55.5
Negros Oriental,1st,2025-05-01,54.84,46.5
North Cotabato,1st,2025-05-01,48.75,44.4
Northern Samar,1st,2025-05-01,42.15,36.04
Nueva Ecija,1st,2025-05-01,45.38,38.5
Nueva Vizcaya,1st,2025-05-01,35.75,34.0
Occidental Mindoro,1st,2025-05-01,48.83,42.5
Oriental Mindoro,1st,2025-05-01,44.88,40.0
Palawan,1st,2025-05-01,64.27,47.14
Pampanga,1st,2025-05-01,44.3,39.8
Pangasinan,1st,2025-05-01,46.0,42.6
Quezon,1st,2025-05-01,47.0,43.0
Quirino,1st,2025-05-01,41.5,36.84
Rizal,1st,2025-05-01,52.47,42.53
Romblon,1st,2025-05-01,49.92,53.38
Sarangani,1st,2025-05-01,44.25,42.0
Siquijor,1st,2025-05-01,50.7,45.8
Sorsogon,1st,2025-05-01,47.38,41.8
South Cotabato,1st,2025-05-01,43.8,36.6
Southern Leyte,1st,2025-05-01,50.57,48.73
Sultan Kudarat,1st,2025-05-01,44.35,41.5
Sulu,1st,2025-05-01,,
Surigao Del Norte,1st,2025-05-01,43.31,37.84
Surigao Del Sur,1st,2025-05-01,45.57,39.75
Tarlac,1st,2025-05-01,59.5,42.33
Tawi-Tawi,1st,2025-05-01,60.0,44.5
Western Samar,1st,2025-05-01,43.65,40.38
Zambales,1st,2025-05-01,68.13,59.88
Zamboanga Del Norte,1st,2025-05-01,52.22,48.71
Zamboanga Del Sur,1st,2025-05-01,42.2,39.28
Zamboanga Sibugay,1st,2025-05-01,47.5,39.5
Abra,2nd,2025-05-16,56.0,49.0
Agusan Del Norte,2nd,2025-05-16,40.5,39.6
Agusan Del Sur,2nd,2025-05-16,51.49,46.3
Aklan,2nd,2025-05-16,55.0,38.0
Albay,2nd,2025-05-16,49.78,45.5
Antique,2nd,2025-05-16,51.5,41.0
Apayao,2nd,2025-05-16,37.96,35.08
Aurora,2nd,2025-05-16,40.5,41.67
Basilan,2nd,2025-05-16,48.17,41.75
Bataan,2nd,2025-05-16,61.74,39.2
Batanes,2nd,2025-05-16,60.34,
Batangas,2nd,2025-05-16,61.0,47.67
Benguet,2nd,2025-05-16,48.67,42.0
Biliran,2nd,2025-05-16,48.5,43.75
Bohol,2nd,2025-05-16,53.2,49.2
Bukidnon,2nd,2025-05-16,44.17,39.67
Bulacan,2nd,2025-05-16,52.41,49.5
Cagayan,2nd,2025-05-16,40.94,38.0
Camarines Norte,2nd,2025-05-16,52.11,39.0
Camarines Sur,2nd,2025-05-16,47.85,43.28
Camiguin,2nd,2025-05-16,55.38,45.17
Capiz,2nd,2025-05-16,48.75,47.0
Catanduanes,2nd,2025-05-16,47.0,46.25
Cavite,2nd,2025-05-16,43.24,40.12
Cebu,2nd,2025-05-16,50.2,43.59
City Of Isabela,2nd,2025-05-16,60.76,52.88
Davao De Oro,2nd,2025-05-16,,40.64
Davao Del Norte,2nd,2025-05-16,51.12,44.98
Davao Del Sur,2nd,2025-05-16,48.5,43.63
Davao Occidental,2nd,2025-05-16,46.04,38.79
Davao Oriental,2nd,2025-05-16,59.38,40.09
Dinagat Islands,2nd,2025-05-16,45.25,41.5
Eastern Samar,2nd,2025-05-16,57.5,36.5
Guimaras,2nd,2025-05-16,48.0,45.0
Ifugao,2nd,2025-05-16,51.5,52.0
Ilocos Norte,2nd,2025-05-16,39.17,36.0
Ilocos Sur,2nd,2025-05-16,49.63,42.75
Iloilo,2nd,2025-05-16,58.32,39.75
Isabela,2nd,2025-05-16,40.33,35.86
Kalinga,2nd,2025-05-16,51.5,46.5
La Union,2nd,2025-05-16,49.0,43.26
Laguna,2nd,2025-05-16,53.96,47.44
Lanao Del Sur,2nd,2025-05-16,54.96,50.34
Lanao del Norte,2nd,2025-05-16,48.33,44.83
Leyte,2nd,2025-05-16,61.99,44.1
Maguindanao,2nd,2025-05-16,43.75,41.17
Marinduque,2nd,2025-05-16,51.7,35.25
Masbate,2nd,2025-05-16,48.5,38.75
Misamis Occidental,2nd,2025-05-16,44.58,40.67
Misamis Oriental,2nd,2025-05-16,64.9,54.75
Mountain Province,2nd,2025-05-16,60.0,51.0
NCR,2nd,2025-05-16,48.94,41.07
Negros Occidental,2nd,2025-05-16,54.86,55.5
Negros Oriental,2nd,2025-05-16,55.17,46.5
North Cotabato,2nd,2025-05-16,48.88,44.43
Northern Samar,2nd,2025-05-16,42.17,36.35
Nueva Ecija,2nd,2025-05-16,44.63,38.5
Nueva Vizcaya,2nd,2025-05-16,35.5,34.0
Occidental Mindoro,2nd,2025-05-16,48.33,42.67
Oriental Mindoro,2nd,2025-05-16,43.92,36.75
Palawan,2nd,2025-05-16,63.9,47.14
Pampanga,2nd,2025-05-16,44.3,39.8
Pangasinan,2nd,2025-05-16,44.5,41.29
Quezon,2nd,2025-05-16,47.0,42.5
Quirino,2nd,2025-05-16,42.0,36.5
Rizal,2nd,2025-05-16,52.47,42.53
Romblon,2nd,2025-05-16,49.77,50.17
Sarangani,2nd,2025-05-16,44.53,42.0
Siquijor,2nd,2025-05-16,52.6,46.5
Sorsogon,2nd,2025-05-16,47.38,41.3
South Cotabato,2nd,2025-05-16,43.1,36.6
Southern Leyte,2nd,2025-05-16,51.13,49.07
Sultan Kudarat,2nd,2025-05-16,43.88,40.5
Sulu,2nd,2025-05-16,,
Surigao Del Norte,2nd,2025-05-16,45.1,36.96
Surigao Del Sur,2nd,2025-05-16,45.67,39.74
Tarlac,2nd,2025-05-16,59.5,42.33
Tawi-Tawi,2nd,2025-05-16,60.0,44.5
Western Samar,2nd,2025-05-16,43.6,41.7
Zambales,2nd,2025-05-16,68.13,59.88
Zamboanga Del Norte,2nd,2025-05-16,52.22,48.71
Zamboanga Del Sur,2nd,2025-05-16,41.83,38.78
Zamboanga Sibugay,2nd,2025-05-16,47.5,39.5
Abra,1st,2025-06-01,56.0,47.0
Agusan Del Norte,1st,2025-06-01,41.0,38.79
Agusan Del Sur,1st,2025-06-01,50.25,44.75
Aklan,1st,2025-06-01,55.0,38.5
Albay,1st,2025-06-01,49.48,45.25
Antique,1st,2025-06-01,51.0,40.33
Apayao,1st,2025-06-01,37.21,36.18
Aurora,1st,2025-06-01,39.0,41.67
Basilan,1st,2025-06-01,46.0,46.5
Bataan,1st,2025-06-01,58.06,36.5
Batanes,1st,2025-06-01,60.34,
Batangas,1st,2025-06-01,58.25,55.09
Benguet,1st,2025-06-01,48.67,43.5
Biliran,1st,2025-06-01,48.5,43.75
Bohol,1st,2025-06-01,52.9,49.0
Bukidnon,1st,2025-06-01,43.0,38.7
Bulacan,1st,2025-06-01,48.69,44.0
Cagayan,1st,2025-06-01,40.78,34.5
Camarines Norte,1st,2025-06-01,43.25,38.5
Camarines Sur,1st,2025-06-01,46.8,43.02
Camiguin,1st,2025-06-01,53.34,45.75
Capiz,1st,2025-06-01,48.5,46.84
Catanduanes,1st,2025-06-01,45.25,38.1
Cavite,1st,2025-06-01,42.04,39.39
Cebu,1st,2025-06-01,50.6,43.42
City Of Isabela,1st,2025-06-01,58.0,52.28
Davao De Oro,1st,2025-06-01,,40.64
Davao Del Norte,1st,2025-06-01,52.72,45.23
Davao Del Sur,1st,2025-06-01,47.62,43.3
Davao Occidental,1st,2025-06-01,45.04,38.0
Davao Oriental,1st,2025-06-01,67.34,39.3
Dinagat Islands,1st,2025-06-01,44.35,40.17
Eastern Samar,1st,2025-06-01,57.17,36.5
Guimaras,1st,2025-06-01,48.5,44.0
Ifugao,1st,2025-06-01,50.9,52.0
Ilocos Norte,1st,2025-06-01,39.0,36.0
Ilocos Sur,1st,2025-06-01,49.63,42.75
Iloilo,1st,2025-06-01,59.58,40.25
Isabela,1st,2025-06-01,40.33,36.52
Kalinga,1st,2025-06-01,49.0,44.0
La Union,1st,2025-06-01,48.0,42.36
Laguna,1st,2025-06-01,53.5,43.78
Lanao Del Sur,1st,2025-06-01,54.96,50.34
Lanao del Norte,1st,2025-06-01,46.33,43.33
Leyte,1st,2025-06-01,60.95,44.3
Maguindanao,1st,2025-06-01,44.0,41.34
Marinduque,1st,2025-06-01,51.14,38.6
Masbate,1st,2025-06-01,54.34,41.25
Misamis Occidental,1st,2025-06-01,44.17,40.67
Misamis Oriental,1st,2025-06-01,64.78,54.54
Mountain Province,1st,2025-06-01,58.5,54.5
NCR,1st,2025-06-01,48.85,40.95
Negros Occidental,1st,2025-06-01,54.86,54.5
Negros Oriental,1st,2025-06-01,53.67,46.0
North Cotabato,1st,2025-06-01,47.79,42.64
Northern Samar,1st,2025-06-01,42.75,35.36
Nueva Ecija,1st,2025-06-01,44.63,37.25
Nueva Vizcaya,1st,2025-06-01,35.5,34.0
Occidental Mindoro,1st,2025-06-01,48.84,42.34
Oriental Mindoro,1st,2025-06-01,44.13,37.0
Palawan,1st,2025-06-01,62.87,46.46
Pampanga,1st,2025-06-01,44.0,39.8
Pangasinan,1st,2025-06-01,47.5,43.97
Quezon,1st,2025-06-01,47.0,43.0
Quirino,1st,2025-06-01,41.46,34.75
Rizal,1st,2025-06-01,52.55,41.9
Romblon,1st,2025-06-01,49.77,49.84
Sarangani,1st,2025-06-01,44.65,42.0
Siquijor,1st,2025-06-01,50.6,43.2
Sorsogon,1st,2025-06-01,45.38,41.14
South Cotabato,1st,2025-06-01,43.8,36.6
Southern Leyte,1st,2025-06-01,50.92,48.64
Sultan Kudarat,1st,2025-06-01,44.35,39.75
Sulu,1st,2025-06-01,,
Surigao Del Norte,1st,2025-06-01,40.88,36.46
Surigao Del Sur,1st,2025-06-01,45.75,39.05
Tarlac,1st,2025-06-01,59.0,40.33
Tawi-Tawi,1st,2025-06-01,55.0,39.38
Western Samar,1st,2025-06-01,46.43,39.7
Zambales,1st,2025-06-01,63.04,56.34
Zamboanga Del Norte,1st,2025-06-01,51.55,48.71
Zamboanga Del Sur,1st,2025-06-01,41.95,39.13
Zamboanga Sibugay,1st,2025-06-01,45.0,40.33
Abra,2nd,2025-06-16,56.0,47.0
Agusan Del Norte,2nd,2025-06-16,43.5,38.79
Agusan Del Sur,2nd,2025-06-16,50.25,44.25
Aklan,2nd,2025-06-16,55.0,38.5
Albay,2nd,2025-06-16,50.39,48.38
Antique,2nd,2025-06-16,51.75,41.67
Apayao,2nd,2025-06-16,36.43,34.67
Aurora,2nd,2025-06-16,36.25,39.5
Basilan,2nd,2025-06-16,45.0,46.5
Bataan,2nd,2025-06-16,60.94,36.6
Batanes,2nd,2025-06-16,60.34,
Batangas,2nd,2025-06-16,58.25,60.25
Benguet,2nd,2025-06-16,48.67,43.5
Biliran,2nd,2025-06-16,48.5,43.75
Bohol,2nd,2025-06-16,52.4,48.9
Bukidnon,2nd,2025-06-16,42.59,38.4
Bulacan,2nd,2025-06-16,48.2,42.0
Cagayan,2nd,2025-06-16,41.43,37.0
Camarines Norte,2nd,2025-06-16,43.0,38.0
Camarines Sur,2nd,2025-06-16,48.4,43.17
Camiguin,2nd,2025-06-16,52.75,45.25
Capiz,2nd,2025-06-16,48.5,46.67
Catanduanes,2nd,2025-06-16,45.25,38.1
Cavite,2nd,2025-06-16,41.2,39.68
Cebu,2nd,2025-06-16,50.6,42.75
City Of Isabela,2nd,2025-06-16,57.86,52.14
Davao De Oro,2nd,2025-06-16,,40.64
Davao Del Norte,2nd,2025-06-16,52.72,45.23
Davao Del Sur,2nd,2025-06-16,48.0,43.5
Davao Occidental,2nd,2025-06-16,44.7,38.0
Davao Oriental,2nd,2025-06-16,62.84,39.3
Dinagat Islands,2nd,2025-06-16,44.3,39.34
Eastern Samar,2nd,2025-06-16,57.17,36.5
Guimaras,2nd,2025-06-16,48.5,44.0
Ifugao,2nd,2025-06-16,46.6,40.0
Ilocos Norte,2nd,2025-06-16,39.0,36.0
Ilocos Sur,2nd,2025-06-16,43.5,38.0
Iloilo,2nd,2025-06-16,59.58,39.75
Isabela,2nd,2025-06-16,40.11,37.49
Kalinga,2nd,2025-06-16,49.0,44.0
La Union,2nd,2025-06-16,48.0,42.36
Laguna,2nd,2025-06-16,53.75,44.15
Lanao Del Sur,2nd,2025-06-16,54.96,50.34
Lanao del Norte,2nd,2025-06-16,46.33,43.33
Leyte,2nd,2025-06-16,61.1,44.3
Maguindanao,2nd,2025-06-16,39.5,39.09
Marinduque,2nd,2025-06-16,51.41,37.75
Masbate,2nd,2025-06-16,53.84,43.0
Misamis Occidental,2nd,2025-06-16,44.17,40.67
Misamis Oriental,2nd,2025-06-16,64.91,54.75
Mountain Province,2nd,2025-06-16,58.5,54.5
NCR,2nd,2025-06-16,48.62,40.96
Negros Occidental,2nd,2025-06-16,54.86,54.5
Negros Oriental,2nd,2025-06-16,53.67,44.34
North Cotabato,2nd,2025-06-16,47.79,42.21
Northern Samar,2nd,2025-06-16,42.19,35.22
Nueva Ecija,2nd,2025-06-16,45.63,39.0
Nueva Vizcaya,2nd,2025-06-16,36.0,34.0
Occidental Mindoro,2nd,2025-06-16,48.84,42.5
Oriental Mindoro,2nd,2025-06-16,44.13,38.0
Palawan,2nd,2025-06-16,55.67,46.46
Pampanga,2nd,2025-06-16,44.0,39.0
Pangasinan,2nd,2025-06-16,47.5,43.97
Quezon,2nd,2025-06-16,46.5,41.0
Quirino,2nd,2025-06-16,39.84,34.34
Rizal,2nd,2025-06-16,52.92,41.48
Romblon,2nd,2025-06-16,49.27,49.63
Sarangani,2nd,2025-06-16,44.25,39.75
Siquijor,2nd,2025-06-16,49.3,42.4
Sorsogon,2nd,2025-06-16,45.8,39.79
South Cotabato,2nd,2025-06-16,43.1,36.6
Southern Leyte,2nd,2025-06-16,50.92,48.75
Sultan Kudarat,2nd,2025-06-16,44.38,40.25
Sulu,2nd,2025-06-16,,
Surigao Del Norte,2nd,2025-06-16,40.59,36.46
Surigao Del Sur,2nd,2025-06-16,46.75,39.8
Tarlac,2nd,2025-06-16,55.0,37.03
Tawi-Tawi,2nd,2025-06-16,55.0,39.84
Western Samar,2nd,2025-06-16,44.4,44.1
Zambales,2nd,2025-06-16,63.04,56.34
Zamboanga Del Norte,2nd,2025-06-16,51.22,47.71
Zamboanga Del Sur,2nd,2025-06-16,42.55,39.2
Zamboanga Sibugay,2nd,2025-06-16,45.0,40.33
Abra,1st,2025-07-01,54.0,44.5
Agusan Del Norte,1st,2025-07-01,43.46,38.44
Agusan Del Sur,1st,2025-07-01,50.5,45.38
Aklan,1st,2025-07-01,51.0,36.0
Albay,1st,2025-07-01,47.43,44.75
Antique,1st,2025-07-01,51.5,42.0
Apayao,1st,2025-07-01,37.45,35.4
Aurora,1st,2025-07-01,34.25,35.0
Basilan,1st,2025-07-01,43.38,42.5
Bataan,1st,2025-07-01,58.06,36.5
Batanes,1st,2025-07-01,58.0,
Batangas,1st,2025-07-01,57.67,45.25
Benguet,1st,2025-07-01,48.67,43.5
Biliran,1st,2025-07-01,48.34,43.75
Bohol,1st,2025-07-01,52.5,48.9
Bukidnon,1st,2025-07-01,45.78,41.04
Bulacan,1st,2025-07-01,47.4,38.92
Cagayan,1st,2025-07-01,39.55,32.38
Camarines Norte,1st,2025-07-01,42.75,36.0
Camarines Sur,1st,2025-07-01,44.36,41.77
Camiguin,1st,2025-07-01,52.5,45.75
Capiz,1st,2025-07-01,48.5,46.84
Catanduanes,1st,2025-07-01,42.85,36.0
Cavite,1st,2025-07-01,40.95,39.42
Cebu,1st,2025-07-01,50.8,37.65
City Of Isabela,1st,2025-07-01,57.75,51.86
Davao De Oro,1st,2025-07-01,,39.71
Davao Del Norte,1st,2025-07-01,50.13,43.75
Davao Del Sur,1st,2025-07-01,48.09,42.67
Davao Occidental,1st,2025-07-01,44.67,38.25
Davao Oriental,1st,2025-07-01,58.59,40.0
Dinagat Islands,1st,2025-07-01,44.5,39.84
Eastern Samar,1st,2025-07-01,57.67,36.5
Guimaras,1st,2025-07-01,48.0,42.5
Ifugao,1st,2025-07-01,45.3,40.0
Ilocos Norte,1st,2025-07-01,38.88,36.0
Ilocos Sur,1st,2025-07-01,40.0,34.5
Iloilo,1st,2025-07-01,59.17,38.25
Isabela,1st,2025-07-01,39.31,35.18
Kalinga,1st,2025-07-01,49.0,44.0
La Union,1st,2025-07-01,46.0,40.52
Laguna,1st,2025-07-01,53.75,44.15
Lanao Del Sur,1st,2025-07-01,51.5,46.17
Lanao del Norte,1st,2025-07-01,45.0,41.5
Leyte,1st,2025-07-01,60.33,44.0
Maguindanao,1st,2025-07-01,39.5,39.09
Marinduque,1st,2025-07-01,50.79,37.25
Masbate,1st,2025-07-01,53.0,47.0
Misamis Occidental,1st,2025-07-01,43.92,40.0
Misamis Oriental,1st,2025-07-01,64.91,54.75
Mountain Province,1st,2025-07-01,57.75,51.5
NCR,1st,2025-07-01,48.12,40.53
Negros Occidental,1st,2025-07-01,54.86,52.25
Negros Oriental,1st,2025-07-01,54.34,44.17
North Cotabato,1st,2025-07-01,48.34,43.1
Northern Samar,1st,2025-07-01,41.5,34.57
Nueva Ecija,1st,2025-07-01,44.63,35.5
Nueva Vizcaya,1st,2025-07-01,36.0,34.0
Occidental Mindoro,1st,2025-07-01,47.83,41.83
Oriental Mindoro,1st,2025-07-01,43.92,37.5
Palawan,1st,2025-07-01,62.21,48.33
Pampanga,1st,2025-07-01,42.9,38.2
Pangasinan,1st,2025-07-01,47.0,43.48
Quezon,1st,2025-07-01,46.0,39.0
Quirino,1st,2025-07-01,38.65,32.3
Rizal,1st,2025-07-01,52.25,40.25
Romblon,1st,2025-07-01,48.87,49.54
Sarangani,1st,2025-07-01,43.72,39.34
Siquijor,1st,2025-07-01,49.4,43.8
Sorsogon,1st,2025-07-01,45.45,39.83
South Cotabato,1st,2025-07-01,43.8,37.17
Southern Leyte,1st,2025-07-01,50.92,48.81
Sultan Kudarat,1st,2025-07-01,44.5,37.88
Sulu,1st,2025-07-01,,
Surigao Del Norte,1st,2025-07-01,40.65,36.46
Surigao Del Sur,1st,2025-07-01,45.25,39.24
Tarlac,1st,2025-07-01,55.5,35.0
Tawi-Tawi,1st,2025-07-01,55.0,39.5
Western Samar,1st,2025-07-01,44.1,41.78
Zambales,1st,2025-07-01,62.78,54.6
Zamboanga Del Norte,1st,2025-07-01,51.22,48.71
Zamboanga Del Sur,1st,2025-07-01,41.7,37.67
Zamboanga Sibugay,1st,2025-07-01,45.0,40.67
Abra,2nd,2025-07-16,54.0,44.5
Agusan Del Norte,2nd,2025-07-16,43.05,38.44
Agusan Del Sur,2nd,2025-07-16,50.5,45.1
Aklan,2nd,2025-07-16,51.0,36.0
Albay,2nd,2025-07-16,46.33,42.75
Antique,2nd,2025-07-16,51.25,42.0
Apayao,2nd,2025-07-16,34.63,33.5
Aurora,2nd,2025-07-16,34.75,35.0
Basilan,2nd,2025-07-16,45.67,41.5
Bataan,2nd,2025-07-16,60.77,36.6
Batanes,2nd,2025-07-16,57.84,
Batangas,2nd,2025-07-16,56.34,40.5
Benguet,2nd,2025-07-16,48.67,43.5
Biliran,2nd,2025-07-16,48.34,43.75
Bohol,2nd,2025-07-16,53.0,49.0
Bukidnon,2nd,2025-07-16,45.9,42.46
Bulacan,2nd,2025-07-16,49.39,39.25
Cagayan,2nd,2025-07-16,37.25,32.19
Camarines Norte,2nd,2025-07-16,38.25,35.5
Camarines Sur,2nd,2025-07-16,44.25,41.77
Camiguin,2nd,2025-07-16,52.13,45.0
Capiz,2nd,2025-07-16,48.5,46.67
Catanduanes,2nd,2025-07-16,39.3,37.35
Cavite,2nd,2025-07-16,40.04,39.34
Cebu,2nd,2025-07-16,52.3,43.4
City Of Isabela,2nd,2025-07-16,57.43,51.63
Davao De Oro,2nd,2025-07-16,,37.63
Davao Del Norte,2nd,2025-07-16,50.63,43.75
Davao Del Sur,2nd,2025-07-16,48.5,42.92
Davao Occidental,2nd,2025-07-16,45.84,38.25
Davao Oriental,2nd,2025-07-16,55.88,39.5
Dinagat Islands,2nd,2025-07-16,44.3,40.13
Eastern Samar,2nd,2025-07-16,57.67,36.5
Guimaras,2nd,2025-07-16,48.0,42.5
Ifugao,2nd,2025-07-16,42.7,40.0
Ilocos Norte,2nd,2025-07-16,38.88,36.0
Ilocos Sur,2nd,2025-07-16,39.0,34.0
Iloilo,2nd,2025-07-16,56.5,39.0
Isabela,2nd,2025-07-16,39.06,34.89
Kalinga,2nd,2025-07-16,45.0,39.5
La Union,2nd,2025-07-16,46.0,40.0
Laguna,2nd,2025-07-16,52.13,43.95
Lanao Del Sur,2nd,2025-07-16,51.5,46.17
Lanao del Norte,2nd,2025-07-16,45.0,41.5
Leyte,2nd,2025-07-16,60.53,44.0
Maguindanao,2nd,2025-07-16,38.75,37.59
Marinduque,2nd,2025-07-16,51.04,36.75
Masbate,2nd,2025-07-16,55.0,46.25
Misamis Occidental,2nd,2025-07-16,43.88,40.0
Misamis Oriental,2nd,2025-07-16,64.19,53.34
Mountain Province,2nd,2025-07-16,60.0,52.75
NCR,2nd,2025-07-16,47.91,40.38
Negros Occidental,2nd,2025-07-16,54.36,53.25
Negros Oriental,2nd,2025-07-16,53.67,45.0
North Cotabato,2nd,2025-07-16,47.75,42.7
Northern Samar,2nd,2025-07-16,40.69,34.34
Nueva Ecija,2nd,2025-07-16,42.63,34.0
Nueva Vizcaya,2nd,2025-07-16,34.5,33.0
Occidental Mindoro,2nd,2025-07-16,48.0,42.17
Oriental Mindoro,2nd,2025-07-16,43.92,37.88
Palawan,2nd,2025-07-16,61.94,48.33
Pampanga,2nd,2025-07-16,42.9,38.2
Pangasinan,2nd,2025-07-16,47.5,43.91
Quezon,2nd,2025-07-16,46.0,38.0
Quirino,2nd,2025-07-16,39.25,32.3
Rizal,2nd,2025-07-16,52.25,40.0
Romblon,2nd,2025-07-16,46.42,47.5
Sarangani,2nd,2025-07-16,42.07,39.25
Siquijor,2nd,2025-07-16,49.8,43.0
Sorsogon,2nd,2025-07-16,45.45,39.83
South Cotabato,2nd,2025-07-16,42.3,35.96
Southern Leyte,2nd,2025-07-16,50.92,48.71
Sultan Kudarat,2nd,2025-07-16,43.85,37.92
Sulu,2nd,2025-07-16,,
Surigao Del Norte,2nd,2025-07-16,42.64,34.91
Surigao Del Sur,2nd,2025-07-16,45.75,38.97
Tarlac,2nd,2025-07-16,55.5,35.0
Tawi-Tawi,2nd,2025-07-16,52.5,36.92
Western Samar,2nd,2025-07-16,44.5,37.5
Zambales,2nd,2025-07-16,62.78,54.6
Zamboanga Del Norte,2nd,2025-07-16,51.22,48.71
Zamboanga Del Sur,2nd,2025-07-16,41.6,37.84
Zamboanga Sibugay,2nd,2025-07-16,45.0,40.67
Abra,1st,2025-08-01,54.0,44.5
Agusan Del Norte,1st,2025-08-01,40.31,36.0
Agusan Del Sur,1st,2025-08-01,48.0,43.84
Aklan,1st,2025-08-01,50.0,36.0
Albay,1st,2025-08-01,46.2,42.5
Antique,1st,2025-08-01,50.5,41.0
Apayao,1st,2025-08-01,32.6,31.4
Aurora,1st,2025-08-01,35.09,38.33
Basilan,1st,2025-08-01,43.75,41.0
Bataan,1st,2025-08-01,58.06,36.5
Batanes,1st,2025-08-01,56.84,
Batangas,1st,2025-08-01,56.5,44.75
Benguet,1st,2025-08-01,48.67,43.5
Biliran,1st,2025-08-01,47.21,40.5
Bohol,1st,2025-08-01,53.3,48.1
Bukidnon,1st,2025-08-01,43.92,40.24
Bulacan,1st,2025-08-01,44.6,38.0
Cagayan,1st,2025-08-01,37.21,29.94
Camarines Norte,1st,2025-08-01,36.25,32.5
Camarines Sur,1st,2025-08-01,42.19,39.11
Camiguin,1st,2025-08-01,52.25,45.0
Capiz,1st,2025-08-01,48.5,46.67
Catanduanes,1st,2025-08-01,38.5,34.5
Cavite,1st,2025-08-01,39.83,39.29
Cebu,1st,2025-08-01,52.3,43.4
City Of Isabela,1st,2025-08-01,57.15,51.31
Davao De Oro,1st,2025-08-01,,37.44
Davao Del Norte,1st,2025-08-01,51.88,43.75
Davao Del Sur,1st,2025-08-01,47.84,38.8
Davao Occidental,1st,2025-08-01,45.34,38.5
Davao Oriental,1st,2025-08-01,56.63,39.63
Dinagat Islands,1st,2025-08-01,45.0,40.48
Eastern Samar,1st,2025-08-01,51.67,36.5
Guimaras,1st,2025-08-01,47.5,43.5
Ifugao,1st,2025-08-01,45.1,40.0
Ilocos Norte,1st,2025-08-01,37.71,34.0
Ilocos Sur,1st,2025-08-01,40.0,32.0
Iloilo,1st,2025-08-01,54.84,36.75
Isabela,1st,2025-08-01,39.06,35.39
Kalinga,1st,2025-08-01,41.5,37.0
La Union,1st,2025-08-01,40.0,34.78
Laguna,1st,2025-08-01,52.0,43.45
Lanao Del Sur,1st,2025-08-01,51.5,46.34
Lanao del Norte,1st,2025-08-01,45.0,41.17
Leyte,1st,2025-08-01,60.96,44.17
Maguindanao,1st,2025-08-01,38.34,36.84
Marinduque,1st,2025-08-01,50.2,35.8
Masbate,1st,2025-08-01,42.75,36.75
Misamis Occidental,1st,2025-08-01,43.75,39.34
Misamis Oriental,1st,2025-08-01,62.74,53.4
Mountain Province,1st,2025-08-01,59.5,48.0
NCR,1st,2025-08-01,47.77,39.88
Negros Occidental,1st,2025-08-01,53.5,54.0
Negros Oriental,1st,2025-08-01,54.09,45.17
North Cotabato,1st,2025-08-01,48.17,42.63
Northern Samar,1st,2025-08-01,40.29,33.71
Nueva Ecija,1st,2025-08-01,41.38,33.5
Nueva Vizcaya,1st,2025-08-01,34.5,32.5
Occidental Mindoro,1st,2025-08-01,48.0,41.84
Oriental Mindoro,1st,2025-08-01,43.0,37.17
Palawan,1st,2025-08-01,60.49,47.74
Pampanga,1st,2025-08-01,42.9,37.7
Pangasinan,1st,2025-08-01,45.0,41.51
Quezon,1st,2025-08-01,45.5,38.0
Quirino,1st,2025-08-01,39.25,32.3
Rizal,1st,2025-08-01,52.25,40.34
Romblon,1st,2025-08-01,46.17,46.8
Sarangani,1st,2025-08-01,42.55,39.75
Siquijor,1st,2025-08-01,48.5,41.4
Sorsogon,1st,2025-08-01,44.5,39.13
South Cotabato,1st,2025-08-01,42.7,35.96
Southern Leyte,1st,2025-08-01,51.19,48.93
Sultan Kudarat,1st,2025-08-01,44.15,40.63
Sulu,1st,2025-08-01,,
Surigao Del Norte,1st,2025-08-01,39.84,34.38
Surigao Del Sur,1st,2025-08-01,45.5,37.0
Tarlac,1st,2025-08-01,52.5,33.33
Tawi-Tawi,1st,2025-08-01,50.0,36.92
Western Samar,1st,2025-08-01,46.34,40.67
Zambales,1st,2025-08-01,53.04,56.98
Zamboanga Del Norte,1st,2025-08-01,51.97,48.15
Zamboanga Del Sur,1st,2025-08-01,41.2,37.54
Zamboanga Sibugay,1st,2025-08-01,44.0,39.43
Abra,2nd,2025-08-16,50.0,36.5
Agusan Del Norte,2nd,2025-08-16,40.31,36.0
Agusan Del Sur,2nd,2025-08-16,48.0,43.84
Aklan,2nd,2025-08-16,50.5,37.0
Albay,2nd,2025-08-16,46.61,41.13
Antique,2nd,2025-08-16,49.5,37.0
Apayao,2nd,2025-08-16,32.1,31.0
Aurora,2nd,2025-08-16,33.59,38.33
Basilan,2nd,2025-08-16,43.67,40.5
Bataan,2nd,2025-08-16,60.77,36.6
Batanes,2nd,2025-08-16,56.84,
Batangas,2nd,2025-08-16,56.34,43.25
Benguet,2nd,2025-08-16,48.67,43.5
Biliran,2nd,2025-08-16,47.21,40.5
Bohol,2nd,2025-08-16,52.6,45.3
Bukidnon,2nd,2025-08-16,43.88,40.32
Bulacan,2nd,2025-08-16,44.6,38.0
Cagayan,2nd,2025-08-16,36.9,30.59
Camarines Norte,2nd,2025-08-16,36.25,32.5
Camarines Sur,2nd,2025-08-16,40.5,38.11
Camiguin,2nd,2025-08-16,52.16,43.1
Capiz,2nd,2025-08-16,48.5,46.5
Catanduanes,2nd,2025-08-16,39.8,37.35
Cavite,2nd,2025-08-16,39.83,39.38
Cebu,2nd,2025-08-16,51.65,43.4
City Of Isabela,2nd,2025-08-16,56.86,51.05
Davao De Oro,2nd,2025-08-16,,34.38
Davao Del Norte,2nd,2025-08-16,51.88,43.75
Davao Del Sur,2nd,2025-08-16,48.9,40.0
Davao Occidental,2nd,2025-08-16,46.09,38.5
Davao Oriental,2nd,2025-08-16,50.54,37.67
Dinagat Islands,2nd,2025-08-16,43.5,40.15
Eastern Samar,2nd,2025-08-16,51.67,36.5
Guimaras,2nd,2025-08-16,47.5,43.5
Ifugao,2nd,2025-08-16,42.2,40.0
Ilocos Norte,2nd,2025-08-16,37.54,34.0
Ilocos Sur,2nd,2025-08-16,39.0,30.5
Iloilo,2nd,2025-08-16,52.34,36.25
Isabela,2nd,2025-08-16,39.06,34.89
Kalinga,2nd,2025-08-16,41.5,37.0
La Union,2nd,2025-08-16,40.0,35.23
Laguna,2nd,2025-08-16,52.0,43.45
Lanao Del Sur,2nd,2025-08-16,51.5,46.34
Lanao del Norte,2nd,2025-08-16,45.0,41.17
Leyte,2nd,2025-08-16,61.47,44.17
Maguindanao,2nd,2025-08-16,38.17,37.34
Marinduque,2nd,2025-08-16,50.2,36.0
Masbate,2nd,2025-08-16,46.0,41.0
Misamis Occidental,2nd,2025-08-16,43.75,39.34
Misamis Oriental,2nd,2025-08-16,62.77,53.59
Mountain Province,2nd,2025-08-16,59.5,48.0
NCR,2nd,2025-08-16,47.1,39.66
Negros Occidental,2nd,2025-08-16,52.5,51.5
Negros Oriental,2nd,2025-08-16,53.42,44.83
North Cotabato,2nd,2025-08-16,48.33,41.68
Northern Samar,2nd,2025-08-16,40.97,33.59
Nueva Ecija,2nd,2025-08-16,40.88,33.2
Nueva Vizcaya,2nd,2025-08-16,33.5,31.5
Occidental Mindoro,2nd,2025-08-16,47.6,41.9
Oriental Mindoro,2nd,2025-08-16,43.0,37.67
Palawan,2nd,2025-08-16,60.18,47.97
Pampanga,2nd,2025-08-16,42.9,37.7
Pangasinan,2nd,2025-08-16,45.5,41.94
Quezon,2nd,2025-08-16,46.0,37.5
Quirino,2nd,2025-08-16,36.13,27.25
Rizal,2nd,2025-08-16,52.25,41.05
Romblon,2nd,2025-08-16,46.29,46.8
Sarangani,2nd,2025-08-16,42.0,39.75
Siquijor,2nd,2025-08-16,50.1,40.7
Sorsogon,2nd,2025-08-16,42.74,38.18
South Cotabato,2nd,2025-08-16,42.7,35.96
Southern Leyte,2nd,2025-08-16,52.1,48.93
Sultan Kudarat,2nd,2025-08-16,45.34,41.6
Sulu,2nd,2025-08-16,,
Surigao Del Norte,2nd,2025-08-16,41.34,34.38
Surigao Del Sur,2nd,2025-08-16,45.0,38.5
Tarlac,2nd,2025-08-16,52.5,33.67
Tawi-Tawi,2nd,2025-08-16,52.5,36.92
Western Samar,2nd,2025-08-16,44.4,39.67
Zambales,2nd,2025-08-16,53.04,56.98
Zamboanga Del Norte,2nd,2025-08-16,51.97,47.78
Zamboanga Del Sur,2nd,2025-08-16,41.2,37.75
Zamboanga Sibugay,2nd,2025-08-16,44.0,39.43
Abra,1st,2025-09-01,50.0,36.25
Agusan Del Norte,1st,2025-09-01,40.84,35.4
Agusan Del Sur,1st,2025-09-01,52.0,45.0
Aklan,1st,2025-09-01,50.5,37.0
Albay,1st,2025-09-01,46.58,42.88
Antique,1st,2025-09-01,47.5,36.0
Apayao,1st,2025-09-01,32.9,32.0
Aurora,1st,2025-09-01,33.59,38.33
Basilan,1st,2025-09-01,44.34,42.0
Bataan,1st,2025-09-01,58.06,36.5
Batanes,1st,2025-09-01,54.0,
Batangas,1st,2025-09-01,58.05,41.0
Benguet,1st,2025-09-01,48.67,43.5
Biliran,1st,2025-09-01,46.84,40.5
Bohol,1st,2025-09-01,52.1,48.9
Bukidnon,1st,2025-09-01,44.08,38.87
Bulacan,1st,2025-09-01,45.26,38.88
Cagayan,1st,2025-09-01,37.07,30.59
Camarines Norte,1st,2025-09-01,42.75,32.5
Camarines Sur,1st,2025-09-01,43.13,42.24
Camiguin,1st,2025-09-01,50.8,41.5
Capiz,1st,2025-09-01,48.5,46.5
Catanduanes,1st,2025-09-01,36.7,33.7
Cavite,1st,2025-09-01,39.83,39.31
Cebu,1st,2025-09-01,51.75,43.6
City Of Isabela,1st,2025-09-01,56.58,50.71
Davao De Oro,1st,2025-09-01,,36.42
Davao Del Norte,1st,2025-09-01,51.88,43.75
Davao Del Sur,1st,2025-09-01,48.5,41.19
Davao Occidental,1st,2025-09-01,46.21,39.0
Davao Oriental,1st,2025-09-01,54.12,38.88
Dinagat Islands,1st,2025-09-01,44.25,40.81
Eastern Samar,1st,2025-09-01,51.75,35.0
Guimaras,1st,2025-09-01,46.0,42.5
Ifugao,1st,2025-09-01,42.1,40.0
Ilocos Norte,1st,2025-09-01,37.71,34.0
Ilocos Sur,1st,2025-09-01,38.5,35.0
Iloilo,1st,2025-09-01,54.17,36.25
Isabela,1st,2025-09-01,39.06,34.89
Kalinga,1st,2025-09-01,39.0,35.0
La Union,1st,2025-09-01,40.0,34.78
Laguna,1st,2025-09-01,52.0,44.64
Lanao Del Sur,1st,2025-09-01,51.5,46.34
Lanao del Norte,1st,2025-09-01,45.83,40.5
Leyte,1st,2025-09-01,61.47,44.17
Maguindanao,1st,2025-09-01,38.84,38.0
Marinduque,1st,2025-09-01,50.37,35.67
Masbate,1st,2025-09-01,46.5,36.0
Misamis Occidental,1st,2025-09-01,44.12,38.0
Misamis Oriental,1st,2025-09-01,62.65,53.75
Mountain Province,1st,2025-09-01,58.25,46.0
NCR,1st,2025-09-01,47.01,39.75
Negros Occidental,1st,2025-09-01,53.5,54.0
Negros Oriental,1st,2025-09-01,51.75,42.0
North Cotabato,1st,2025-09-01,48.67,41.5
Northern Samar,1st,2025-09-01,41.6,34.1
Nueva Ecija,1st,2025-09-01,41.5,33.87
Nueva Vizcaya,1st,2025-09-01,33.0,31.5
Occidental Mindoro,1st,2025-09-01,47.83,42.17
Oriental Mindoro,1st,2025-09-01,43.0,37.67
Palawan,1st,2025-09-01,60.18,48.02
Pampanga,1st,2025-09-01,42.7,37.7
Pangasinan,1st,2025-09-01,45.21,38.9
Quezon,1st,2025-09-01,45.5,37.5
Quirino,1st,2025-09-01,33.09,31.88
Rizal,1st,2025-09-01,52.25,39.3
Romblon,1st,2025-09-01,46.13,45.21
Sarangani,1st,2025-09-01,42.55,39.5
Siquijor,1st,2025-09-01,49.2,40.8
Sorsogon,1st,2025-09-01,43.03,37.54
South Cotabato,1st,2025-09-01,42.8,35.96
Southern Leyte,1st,2025-09-01,51.21,48.47
Sultan Kudarat,1st,2025-09-01,45.09,37.35
Sulu,1st,2025-09-01,,
Surigao Del Norte,1st,2025-09-01,42.09,34.88
Surigao Del Sur,1st,2025-09-01,45.0,38.0
Tarlac,1st,2025-09-01,52.5,33.67
Tawi-Tawi,1st,2025-09-01,52.5,37.34
Western Samar,1st,2025-09-01,44.07,41.25
Zambales,1st,2025-09-01,52.67,56.6
Zamboanga Del Norte,1st,2025-09-01,51.22,46.85
Zamboanga Del Sur,1st,2025-09-01,41.7,38.17
Zamboanga Sibugay,1st,2025-09-01,46.0,38.67
Abra,2nd,2025-09-16,50.0,36.5
Agusan Del Norte,2nd,2025-09-16,42.5,35.4
Agusan Del Sur,2nd,2025-09-16,52.0,45.0
Aklan,2nd,2025-09-16,50.5,36.0
Albay,2nd,2025-09-16,45.52,40.35
Antique,2nd,2025-09-16,47.5,36.0
Apayao,2nd,2025-09-16,32.9,32.0
Aurora,2nd,2025-09-16,33.59,34.67
Basilan,2nd,2025-09-16,44.0,41.0
Bataan,2nd,2025-09-16,60.77,36.6
Batanes,2nd,2025-09-16,54.0,
Batangas,2nd,2025-09-16,58.05,41.0
Benguet,2nd,2025-09-16,48.67,43.5
Biliran,2nd,2025-09-16,46.84,40.5
Bohol,2nd,2025-09-16,52.2,48.6
Bukidnon,2nd,2025-09-16,44.04,38.79
Bulacan,2nd,2025-09-16,45.26,37.25
Cagayan,2nd,2025-09-16,37.07,30.59
Camarines Norte,2nd,2025-09-16,38.75,31.0
Camarines Sur,2nd,2025-09-16,41.72,41.92
Camiguin,2nd,2025-09-16,50.5,41.79
Capiz,2nd,2025-09-16,48.5,46.5
Catanduanes,2nd,2025-09-16,37.78,34.3
Cavite,2nd,2025-09-16,38.9,38.38
Cebu,2nd,2025-09-16,51.95,43.85
City Of Isabela,2nd,2025-09-16,56.28,50.42
Davao De Oro,2nd,2025-09-16,,35.92
Davao Del Norte,2nd,2025-09-16,51.88,43.75
Davao Del Sur,2nd,2025-09-16,48.21,41.47
Davao Occidental,2nd,2025-09-16,45.88,38.67
Davao Oriental,2nd,2025-09-16,52.64,37.67
Dinagat Islands,2nd,2025-09-16,44.5,41.29
Eastern Samar,2nd,2025-09-16,51.38,35.0
Guimaras,2nd,2025-09-16,46.0,42.5
Ifugao,2nd,2025-09-16,42.1,40.0
Ilocos Norte,2nd,2025-09-16,37.71,34.0
Ilocos Sur,2nd,2025-09-16,38.5,35.0
Iloilo,2nd,2025-09-16,52.34,36.25
Isabela,2nd,2025-09-16,38.5,33.67
Kalinga,2nd,2025-09-16,39.0,35.0
La Union,2nd,2025-09-16,40.0,35.23
Laguna,2nd,2025-09-16,52.0,44.64
Lanao Del Sur,2nd,2025-09-16,52.71,46.5
Lanao del Norte,2nd,2025-09-16,45.83,40.5
Leyte,2nd,2025-09-16,62.22,44.25
Maguindanao,2nd,2025-09-16,38.42,37.0
Marinduque,2nd,2025-09-16,50.04,35.75
Masbate,2nd,2025-09-16,43.17,35.04
Misamis Occidental,2nd,2025-09-16,44.25,37.9
Misamis Oriental,2nd,2025-09-16,62.41,53.35
Mountain Province,2nd,2025-09-16,66.5,52.5
NCR,2nd,2025-09-16,46.86,39.65
Negros Occidental,2nd,2025-09-16,53.5,54.0
Negros Oriental,2nd,2025-09-16,49.88,40.38
North Cotabato,2nd,2025-09-16,48.67,42.0
Northern Samar,2nd,2025-09-16,43.02,35.2
Nueva Ecija,2nd,2025-09-16,40.8,33.38
Nueva Vizcaya,2nd,2025-09-16,33.0,31.5
Occidental Mindoro,2nd,2025-09-16,47.77,41.57
Oriental Mindoro,2nd,2025-09-16,43.0,38.0
Palawan,2nd,2025-09-16,60.59,48.02
Pampanga,2nd,2025-09-16,42.7,37.7
Pangasinan,2nd,2025-09-16,45.71,38.9
Quezon,2nd,2025-09-16,45.5,37.5
Quirino,2nd,2025-09-16,33.09,31.88
Rizal,2nd,2025-09-16,52.25,39.3
Romblon,2nd,2025-09-16,46.25,45.09
Sarangani,2nd,2025-09-16,43.12,39.0
Siquijor,2nd,2025-09-16,50.0,42.2
Sorsogon,2nd,2025-09-16,43.4,37.21
South Cotabato,2nd,2025-09-16,42.8,35.96
Southern Leyte,2nd,2025-09-16,51.29,48.58
Sultan Kudarat,2nd,2025-09-16,45.09,37.35
Sulu,2nd,2025-09-16,,
Surigao Del Norte,2nd,2025-09-16,42.61,34.79
Surigao Del Sur,2nd,2025-09-16,45.0,38.0
Tarlac,2nd,2025-09-16,52.5,33.67
Tawi-Tawi,2nd,2025-09-16,57.5,36.84
Western Samar,2nd,2025-09-16,44.57,40.92
Zambales,2nd,2025-09-16,55.38,50.75
Zamboanga Del Norte,2nd,2025-09-16,51.22,46.85
Zamboanga Del Sur,2nd,2025-09-16,41.2,37.5
Zamboanga Sibugay,2nd,2025-09-16,46.0,38.67
Abra,1st,2025-10-01,50.0,36.5
Agusan Del Norte,1st,2025-10-01,36.17,34.92
Agusan Del Sur,1st,2025-10-01,52.25,44.63
Aklan,1st,2025-10-01,49.5,36.0
Albay,1st,2025-10-01,46.4,42.13
Antique,1st,2025-10-01,49.5,38.0
Apayao,1st,2025-10-01,34.0,33.1
Aurora,1st,2025-10-01,33.59,35.0
Basilan,1st,2025-10-01,42.84,41.0
Bataan,1st,2025-10-01,57.4,36.0
Batanes,1st,2025-10-01,54.0,
Batangas,1st,2025-10-01,52.83,40.5
Benguet,1st,2025-10-01,48.67,43.5
Biliran,1st,2025-10-01,47.84,40.5
Bohol,1st,2025-10-01,52.0,48.4
Bukidnon,1st,2025-10-01,44.08,36.75
Bulacan,1st,2025-10-01,46.53,37.34
Cagayan,1st,2025-10-01,36.78,30.59
Camarines Norte,1st,2025-10-01,41.75,31.0
Camarines Sur,1st,2025-10-01,43.12,40.51
Camiguin,1st,2025-10-01,47.84,42.0
Capiz,1st,2025-10-01,48.25,46.5
Catanduanes,1st,2025-10-01,36.2,34.6
Cavite,1st,2025-10-01,39.58,38.77
Cebu,1st,2025-10-01,52.05,43.65
City Of Isabela,1st,2025-10-01,55.97,50.17
Davao De Oro,1st,2025-10-01,,35.5
Davao Del Norte,1st,2025-10-01,49.88,43.0
Davao Del Sur,1st,2025-10-01,48.25,39.88
Davao Occidental,1st,2025-10-01,45.42,38.5
Davao Oriental,1st,2025-10-01,59.0,40.85
Dinagat Islands,1st,2025-10-01,44.5,41.27
Eastern Samar,1st,2025-10-01,50.67,35.5
Guimaras,1st,2025-10-01,45.0,42.5
Ifugao,1st,2025-10-01,47.0,38.0
Ilocos Norte,1st,2025-10-01,37.13,34.0
Ilocos Sur,1st,2025-10-01,40.5,33.5
Iloilo,1st,2025-10-01,54.5,38.25
Isabela,1st,2025-10-01,38.4,35.42
Kalinga,1st,2025-10-01,39.0,35.0
La Union,1st,2025-10-01,40.0,34.78
Laguna,1st,2025-10-01,52.0,44.64
Lanao Del Sur,1st,2025-10-01,52.38,47.0
Lanao del Norte,1st,2025-10-01,46.5,42.17
Leyte,1st,2025-10-01,61.97,43.75
Maguindanao,1st,2025-10-01,37.59,36.0
Marinduque,1st,2025-10-01,50.54,37.83
Masbate,1st,2025-10-01,50.0,42.17
Misamis Occidental,1st,2025-10-01,44.63,38.8
Misamis Oriental,1st,2025-10-01,62.82,53.36
Mountain Province,1st,2025-10-01,59.5,54.5
NCR,1st,2025-10-01,46.48,39.4
Negros Occidental,1st,2025-10-01,57.5,50.5
Negros Oriental,1st,2025-10-01,48.88,39.25
North Cotabato,1st,2025-10-01,47.5,41.04
Northern Samar,1st,2025-10-01,42.95,34.96
Nueva Ecija,1st,2025-10-01,40.4,32.75
Nueva Vizcaya,1st,2025-10-01,33.0,31.5
Occidental Mindoro,1st,2025-10-01,47.17,41.33
Oriental Mindoro,1st,2025-10-01,42.0,37.84
Palawan,1st,2025-10-01,60.94,48.54
Pampanga,1st,2025-10-01,42.6,37.5
Pangasinan,1st,2025-10-01,45.37,38.65
Quezon,1st,2025-10-01,45.5,37.0
Quirino,1st,2025-10-01,35.13,29.09
Rizal,1st,2025-10-01,52.0,39.55
Romblon,1st,2025-10-01,46.25,45.09
Sarangani,1st,2025-10-01,40.59,37.67
Siquijor,1st,2025-10-01,50.2,41.15
Sorsogon,1st,2025-10-01,44.0,37.71
South Cotabato,1st,2025-10-01,41.4,35.17
Southern Leyte,1st,2025-10-01,52.03,49.02
Sultan Kudarat,1st,2025-10-01,44.25,41.38
Sulu,1st,2025-10-01,,
Surigao Del Norte,1st,2025-10-01,41.55,35.54
Surigao Del Sur,1st,2025-10-01,45.0,38.75
Tarlac,1st,2025-10-01,52.5,33.67
Tawi-Tawi,1st,2025-10-01,60.0,42.25
Western Samar,1st,2025-10-01,50.0,41.8
Zambales,1st,2025-10-01,59.38,50.75
Zamboanga Del Norte,1st,2025-10-01,50.06,44.62
Zamboanga Del Sur,1st,2025-10-01,40.2,36.68
Zamboanga Sibugay,1st,2025-10-01,44.75,37.0
Abra,2nd,2025-10-16,50.0,36.5
Agusan Del Norte,2nd,2025-10-16,38.84,34.92
Agusan Del Sur,2nd,2025-10-16,52.25,44.63
Aklan,2nd,2025-10-16,49.5,36.0
Albay,2nd,2025-10-16,46.43,42.2
Antique,2nd,2025-10-16,49.5,38.67
Apayao,2nd,2025-10-16,34.0,33.1
Aurora,2nd,2025-10-16,35.84,31.67
Basilan,2nd,2025-10-16,42.84,41.0
Bataan,2nd,2025-10-16,60.77,36.6
Batanes,2nd,2025-10-16,52.67,
Batangas,2nd,2025-10-16,52.83,40.5
Benguet,2nd,2025-10-16,48.67,43.5
Biliran,2nd,2025-10-16,47.84,40.5
Bohol,2nd,2025-10-16,51.8,48.5
Bukidnon,2nd,2025-10-16,44.43,36.61
Bulacan,2nd,2025-10-16,44.93,37.45
Cagayan,2nd,2025-10-16,37.4,30.67
Camarines Norte,2nd,2025-10-16,40.75,34.5
Camarines Sur,2nd,2025-10-16,42.58,39.96
Camiguin,2nd,2025-10-16,48.5,43.5
Capiz,2nd,2025-10-16,47.5,46.0
Catanduanes,2nd,2025-10-16,37.55,35.1
Cavite,2nd,2025-10-16,39.71,38.69
Cebu,2nd,2025-10-16,52.15,42.4
City Of Isabela,2nd,2025-10-16,55.67,49.92
Davao De Oro,2nd,2025-10-16,,34.64
Davao Del Norte,2nd,2025-10-16,49.88,43.0
Davao Del Sur,2nd,2025-10-16,49.1,40.72
Davao Occidental,2nd,2025-10-16,45.42,38.25
Davao Oriental,2nd,2025-10-16,60.47,41.63
Dinagat Islands,2nd,2025-10-16,44.25,40.34
Eastern Samar,2nd,2025-10-16,50.75,36.0
Guimaras,2nd,2025-10-16,44.5,43.0
Ifugao,2nd,2025-10-16,47.0,38.0
Ilocos Norte,2nd,2025-10-16,37.0,34.0
Ilocos Sur,2nd,2025-10-16,40.5,33.5
Iloilo,2nd,2025-10-16,51.0,38.25
Isabela,2nd,2025-10-16,38.06,34.05
Kalinga,2nd,2025-10-16,39.0,35.0
La Union,2nd,2025-10-16,42.5,34.78
Laguna,2nd,2025-10-16,52.0,46.25
Lanao Del Sur,2nd,2025-10-16,52.38,47.0
Lanao del Norte,2nd,2025-10-16,46.5,42.17
Leyte,2nd,2025-10-16,61.97,43.75
Maguindanao,2nd,2025-10-16,37.59,36.0
Marinduque,2nd,2025-10-16,50.54,36.71
Masbate,2nd,2025-10-16,49.75,43.13
Misamis Occidental,2nd,2025-10-16,44.14,39.0
Misamis Oriental,2nd,2025-10-16,62.82,53.44
Mountain Province,2nd,2025-10-16,54.5,44.5
NCR,2nd,2025-10-16,46.52,39.33
Negros Occidental,2nd,2025-10-16,57.5,50.5
Negros Oriental,2nd,2025-10-16,48.88,39.25
North Cotabato,2nd,2025-10-16,46.88,41.0
Northern Samar,2nd,2025-10-16,43.05,35.34
Nueva Ecija,2nd,2025-10-16,40.4,32.75
Nueva Vizcaya,2nd,2025-10-16,33.0,31.5
Occidental Mindoro,2nd,2025-10-16,46.5,41.33
Oriental Mindoro,2nd,2025-10-16,42.0,37.59
Palawan,2nd,2025-10-16,59.82,47.96
Pampanga,2nd,2025-10-16,42.6,37.5
Pangasinan,2nd,2025-10-16,45.37,38.65
Quezon,2nd,2025-10-16,46.5,37.0
Quirino,2nd,2025-10-16,36.25,29.85
Rizal,2nd,2025-10-16,52.0,39.8
Romblon,2nd,2025-10-16,46.25,45.09
Sarangani,2nd,2025-10-16,43.72,39.0
Siquijor,2nd,2025-10-16,50.93,41.85
Sorsogon,2nd,2025-10-16,43.9,37.71
South Cotabato,2nd,2025-10-16,42.5,35.17
Southern Leyte,2nd,2025-10-16,52.38,49.02
Sultan Kudarat,2nd,2025-10-16,44.09,39.79
Sulu,2nd,2025-10-16,,
Surigao Del Norte,2nd,2025-10-16,40.89,34.29
Surigao Del Sur,2nd,2025-10-16,45.0,38.75
Tarlac,2nd,2025-10-16,51.0,33.0
Tawi-Tawi,2nd,2025-10-16,61.5,43.42
Western Samar,2nd,2025-10-16,54.8,43.33
Zambales,2nd,2025-10-16,59.38,51.0
Zamboanga Del Norte,2nd,2025-10-16,50.58,44.62
Zamboanga Del Sur,2nd,2025-10-16,39.0,36.55
Zamboanga Sibugay,2nd,2025-10-16,44.75,37.0
Abra,1st,2025-11-01,50.0,36.5
Agusan Del Norte,1st,2025-11-01,39.0,34.63
Agusan Del Sur,1st,2025-11-01,52.09,43.5
Aklan,1st,2025-11-01,49.5,37.0
Albay,1st,2025-11-01,46.03,41.75
Antique,1st,2025-11-01,49.5,39.0
Apayao,1st,2025-11-01,33.1,31.5
Aurora,1st,2025-11-01,34.17,31.67
Basilan,1st,2025-11-01,43.25,41.34
Bataan,1st,2025-11-01,51.0,35.8
Batanes,1st,2025-11-01,55.0,
Batangas,1st,2025-11-01,45.98,40.5
Benguet,1st,2025-11-01,48.67,43.5
Biliran,1st,2025-11-01,48.5,40.92
Bohol,1st,2025-11-01,53.1,48.2
Bukidnon,1st,2025-11-01,46.56,39.62
Bulacan,1st,2025-11-01,45.76,37.34
Cagayan,1st,2025-11-01,37.24,30.34
Camarines Norte,1st,2025-11-01,46.34,35.5
Camarines Sur,1st,2025-11-01,44.5,41.8
Camiguin,1st,2025-11-01,49.29,43.02
Capiz,1st,2025-11-01,48.0,46.34
Catanduanes,1st,2025-11-01,36.7,35.55
Cavite,1st,2025-11-01,40.5,39.88
Cebu,1st,2025-11-01,52.73,42.4
City Of Isabela,1st,2025-11-01,56.22,50.42
Davao De Oro,1st,2025-11-01,,36.05
Davao Del Norte,1st,2025-11-01,50.88,43.25
Davao Del Sur,1st,2025-11-01,49.4,40.64
Davao Occidental,1st,2025-11-01,45.84,37.75
Davao Oriental,1st,2025-11-01,66.67,42.0
Dinagat Islands,1st,2025-11-01,44.5,40.5
Eastern Samar,1st,2025-11-01,50.67,34.0
Guimaras,1st,2025-11-01,46.0,42.0
Ifugao,1st,2025-11-01,50.7,40.0
Ilocos Norte,1st,2025-11-01,37.0,34.0
Ilocos Sur,1st,2025-11-01,42.92,33.5
Iloilo,1st,2025-11-01,51.59,37.75
Isabela,1st,2025-11-01,37.94,34.71
Kalinga,1st,2025-11-01,39.5,36.0
La Union,1st,2025-11-01,40.0,34.78
Laguna,1st,2025-11-01,52.0,44.84
Lanao Del Sur,1st,2025-11-01,52.38,47.5
Lanao del Norte,1st,2025-11-01,44.5,39.17
Leyte,1st,2025-11-01,62.97,44.13
Maguindanao,1st,2025-11-01,36.75,33.92
Marinduque,1st,2025-11-01,50.29,36.0
Masbate,1st,2025-11-01,50.0,43.5
Misamis Occidental,1st,2025-11-01,44.47,40.17
Misamis Oriental,1st,2025-11-01,62.46,53.44
Mountain Province,1st,2025-11-01,58.5,53.5
NCR,1st,2025-11-01,46.84,39.46
Negros Occidental,1st,2025-11-01,57.5,50.5
Negros Oriental,1st,2025-11-01,50.38,40.88
North Cotabato,1st,2025-11-01,48.83,41.0
Northern Samar,1st,2025-11-01,41.84,35.4
Nueva Ecija,1st,2025-11-01,40.5,33.5
Nueva Vizcaya,1st,2025-11-01,34.0,32.5
Occidental Mindoro,1st,2025-11-01,45.5,40.5
Oriental Mindoro,1st,2025-11-01,44.63,38.59
Palawan,1st,2025-11-01,60.32,47.96
Pampanga,1st,2025-11-01,43.4,38.0
Pangasinan,1st,2025-11-01,45.0,38.15
Quezon,1st,2025-11-01,46.5,37.0
Quirino,1st,2025-11-01,35.2,32.25
Rizal,1st,2025-11-01,53.75,41.42
Romblon,1st,2025-11-01,46.63,45.04
Sarangani,1st,2025-11-01,46.5,38.34
Siquijor,1st,2025-11-01,51.2,41.9
Sorsogon,1st,2025-11-01,40.5,37.0
South Cotabato,1st,2025-11-01,42.5,35.17
Southern Leyte,1st,2025-11-01,52.63,49.45
Sultan Kudarat,1st,2025-11-01,44.38,40.2
Sulu,1st,2025-11-01,,
Surigao Del Norte,1st,2025-11-01,42.72,35.29
Surigao Del Sur,1st,2025-11-01,44.0,38.0
Tarlac,1st,2025-11-01,52.5,33.5
Tawi-Tawi,1st,2025-11-01,64.0,42.09
Western Samar,1st,2025-11-01,54.64,43.67
Zambales,1st,2025-11-01,61.54,49.38
Zamboanga Del Norte,1st,2025-11-01,48.12,43.98
Zamboanga Del Sur,1st,2025-11-01,40.14,37.15
Zamboanga Sibugay,1st,2025-11-01,44.0,38.33
Abra,2nd,2025-11-16,50.0,36.5
Agusan Del Norte,2nd,2025-11-16,41.75,34.63
Agusan Del Sur,2nd,2025-11-16,52.0,43.88
Aklan,2nd,2025-11-16,50.0,37.0
Albay,2nd,2025-11-16,47.75,41.1
Antique,2nd,2025-11-16,49.0,38.0
Apayao,2nd,2025-11-16,32.75,31.0
Aurora,2nd,2025-11-16,37.0,31.67
Basilan,2nd,2025-11-16,44.25,43.0
Bataan,2nd,2025-11-16,60.77,36.6
Batanes,2nd,2025-11-16,55.09,
Batangas,2nd,2025-11-16,48.18,44.0
Benguet,2nd,2025-11-16,48.67,43.5
Biliran,2nd,2025-11-16,47.0,40.5
Bohol,2nd,2025-11-16,53.7,48.7
Bukidnon,2nd,2025-11-16,46.4,39.62
Bulacan,2nd,2025-11-16,46.46,36.17
Cagayan,2nd,2025-11-16,37.72,30.5
Camarines Norte,2nd,2025-11-16,44.95,35.5
Camarines Sur,2nd,2025-11-16,44.04,41.32
Camiguin,2nd,2025-11-16,48.13,42.77
Capiz,2nd,2025-11-16,48.0,46.34
Catanduanes,2nd,2025-11-16,36.7,35.55
Cavite,2nd,2025-11-16,41.32,40.54
Cebu,2nd,2025-11-16,54.55,44.27
City Of Isabela,2nd,2025-11-16,56.22,50.17
Davao De Oro,2nd,2025-11-16,,35.25
Davao Del Norte,2nd,2025-11-16,50.88,43.25
Davao Del Sur,2nd,2025-11-16,50.25,45.1
Davao Occidental,2nd,2025-11-16,46.5,37.71
Davao Oriental,2nd,2025-11-16,62.21,42.13
Dinagat Islands,2nd,2025-11-16,44.5,41.1
Eastern Samar,2nd,2025-11-16,50.75,34.0
Guimaras,2nd,2025-11-16,46.0,42.0
Ifugao,2nd,2025-11-16,50.7,40.0
Ilocos Norte,2nd,2025-11-16,37.0,34.0
Ilocos Sur,2nd,2025-11-16,41.0,33.5
Iloilo,2nd,2025-11-16,51.75,37.75
Isabela,2nd,2025-11-16,37.78,34.21
Kalinga,2nd,2025-11-16,39.5,36.0
La Union,2nd,2025-11-16,40.0,34.78
Laguna,2nd,2025-11-16,52.0,44.84
Lanao Del Sur,2nd,2025-11-16,52.38,47.5
Lanao del Norte,2nd,2025-11-16,44.5,39.17
Leyte,2nd,2025-11-16,63.77,44.3
Maguindanao,2nd,2025-11-16,36.09,33.92
Marinduque,2nd,2025-11-16,50.29,37.17
Masbate,2nd,2025-11-16,51.17,44.0
Misamis Occidental,2nd,2025-11-16,44.47,40.0
Misamis Oriental,2nd,2025-11-16,62.68,53.64
Mountain Province,2nd,2025-11-16,58.5,53.5
NCR,2nd,2025-11-16,47.08,39.72
Negros Occidental,2nd,2025-11-16,57.5,50.5
Negros Oriental,2nd,2025-11-16,48.88,40.0
North Cotabato,2nd,2025-11-16,46.3,41.0
Northern Samar,2nd,2025-11-16,41.82,34.67
Nueva Ecija,2nd,2025-11-16,41.8,34.84
Nueva Vizcaya,2nd,2025-11-16,34.0,32.5
Occidental Mindoro,2nd,2025-11-16,45.54,40.37
Oriental Mindoro,2nd,2025-11-16,44.63,38.34
Palawan,2nd,2025-11-16,60.71,48.21
Pampanga,2nd,2025-11-16,43.4,38.0
Pangasinan,2nd,2025-11-16,46.0,38.65
Quezon,2nd,2025-11-16,47.5,38.0
Quirino,2nd,2025-11-16,36.34,32.25
Rizal,2nd,2025-11-16,53.54,43.04
Romblon,2nd,2025-11-16,46.63,45.04
Sarangani,2nd,2025-11-16,47.78,36.5
Siquijor,2nd,2025-11-16,53.22,43.55
Sorsogon,2nd,2025-11-16,40.5,37.0
South Cotabato,2nd,2025-11-16,43.0,35.17
Southern Leyte,2nd,2025-11-16,49.21,49.62
Sultan Kudarat,2nd,2025-11-16,43.65,38.9
Sulu,2nd,2025-11-16,,
Surigao Del Norte,2nd,2025-11-16,44.75,37.29
Surigao Del Sur,2nd,2025-11-16,45.0,38.0
Tarlac,2nd,2025-11-16,52.5,33.5
Tawi-Tawi,2nd,2025-11-16,65.0,43.42
Western Samar,2nd,2025-11-16,52.79,46.5
Zambales,2nd,2025-11-16,61.54,49.38
Zamboanga Del Norte,2nd,2025-11-16,48.12,43.98
Zamboanga Del Sur,2nd,2025-11-16,41.6,37.4
Zamboanga Sibugay,2nd,2025-11-16,44.0,38.33
Abra,1st,2025-12-01,50.0,36.5
Agusan Del Norte,1st,2025-12-01,40.84,36.75
Agusan Del Sur,1st,2025-12-01,50.75,44.25
Aklan,1st,2025-12-01,50.0,37.0
Albay,1st,2025-12-01,48.32,42.07
Antique,1st,2025-12-01,49.25,39.0
Apayao,1st,2025-12-01,38.2,37.4
Aurora,1st,2025-12-01,35.0,35.0
Basilan,1st,2025-12-01,45.0,43.0
Bataan,1st,2025-12-01,52.84,36.0
Batanes,1st,2025-12-01,58.25,
Batangas,1st,2025-12-01,48.33,44.99
Benguet,1st,2025-12-01,48.67,43.5
Biliran,1st,2025-12-01,48.75,41.25
Bohol,1st,2025-12-01,52.7,48.7
Bukidnon,1st,2025-12-01,47.96,37.62
Bulacan,1st,2025-12-01,46.56,36.0
Cagayan,1st,2025-12-01,38.85,31.59
Camarines Norte,1st,2025-12-01,47.75,37.0
Camarines Sur,1st,2025-12-01,43.67,41.32
Camiguin,1st,2025-12-01,47.32,42.77
Capiz,1st,2025-12-01,48.25,46.34
Catanduanes,1st,2025-12-01,40.8,37.05
Cavite,1st,2025-12-01,43.39,42.61
Cebu,1st,2025-12-01,54.75,44.27
City Of Isabela,1st,2025-12-01,56.28,50.42
Davao De Oro,1st,2025-12-01,,36.75
Davao Del Norte,1st,2025-12-01,53.38,44.25
Davao Del Sur,1st,2025-12-01,53.94,47.63
Davao Occidental,1st,2025-12-01,52.17,41.29
Davao Oriental,1st,2025-12-01,65.25,44.88
Dinagat Islands,1st,2025-12-01,47.5,43.5
Eastern Samar,1st,2025-12-01,51.17,36.0
Guimaras,1st,2025-12-01,47.0,42.0
Ifugao,1st,2025-12-01,48.4,40.0
Ilocos Norte,1st,2025-12-01,37.64,34.0
Ilocos Sur,1st,2025-12-01,41.0,33.5
Iloilo,1st,2025-12-01,53.13,38.75
Isabela,1st,2025-12-01,38.94,35.96
Kalinga,1st,2025-12-01,40.0,37.0
La Union,1st,2025-12-01,40.0,34.78
Laguna,1st,2025-12-01,52.63,45.04
Lanao Del Sur,1st,2025-12-01,51.46,44.17
Lanao del Norte,1st,2025-12-01,44.5,40.0
Leyte,1st,2025-12-01,63.84,44.13
Maguindanao,1st,2025-12-01,41.67,37.92
Marinduque,1st,2025-12-01,50.54,36.83
Masbate,1st,2025-12-01,51.25,42.67
Misamis Occidental,1st,2025-12-01,45.4,41.38
Misamis Oriental,1st,2025-12-01,65.0,57.74
Mountain Province,1st,2025-12-01,61.84,46.38
NCR,1st,2025-12-01,47.78,40.37
Negros Occidental,1st,2025-12-01,57.5,50.5
Negros Oriental,1st,2025-12-01,53.0,43.38
North Cotabato,1st,2025-12-01,49.0,43.25
Northern Samar,1st,2025-12-01,43.94,34.59
Nueva Ecija,1st,2025-12-01,42.5,34.87
Nueva Vizcaya,1st,2025-12-01,34.0,35.0
Occidental Mindoro,1st,2025-12-01,44.67,39.67
Oriental Mindoro,1st,2025-12-01,44.95,38.0
Palawan,1st,2025-12-01,60.61,47.46
Pampanga,1st,2025-12-01,43.8,39.1
Pangasinan,1st,2025-12-01,47.5,40.97
Quezon,1st,2025-12-01,48.0,38.5
Quirino,1st,2025-12-01,36.59,33.75
Rizal,1st,2025-12-01,53.54,43.04
Romblon,1st,2025-12-01,46.88,44.75
Sarangani,1st,2025-12-01,57.42,44.0
Siquijor,1st,2025-12-01,53.3,44.25
Sorsogon,1st,2025-12-01,41.49,39.0
South Cotabato,1st,2025-12-01,48.0,38.19
Southern Leyte,1st,2025-12-01,50.88,50.58
Sultan Kudarat,1st,2025-12-01,44.47,39.0
Sulu,1st,2025-12-01,,
Surigao Del Norte,1st,2025-12-01,43.79,35.79
Surigao Del Sur,1st,2025-12-01,45.5,38.0
Tarlac,1st,2025-12-01,54.67,34.0
Tawi-Tawi,1st,2025-12-01,65.0,41.88
Western Samar,1st,2025-12-01,48.25,43.67
Zambales,1st,2025-12-01,61.54,49.38
Zamboanga Del Norte,1st,2025-12-01,49.81,44.62
Zamboanga Del Sur,1st,2025-12-01,46.0,39.2
Zamboanga Sibugay,1st,2025-12-01,48.0,41.33
Abra,2nd,2025-12-16,50.0,36.5
Agusan Del Norte,2nd,2025-12-16,40.17,36.75
Agusan Del Sur,2nd,2025-12-16,52.75,45.75
Aklan,2nd,2025-12-16,50.0,37.0
Albay,2nd,2025-12-16,50.17,43.87
Antique,2nd,2025-12-16,48.84,38.5
Apayao,2nd,2025-12-16,38.7,37.7
Aurora,2nd,2025-12-16,35.5,35.0
Basilan,2nd,2025-12-16,46.5,43.0
Bataan,2nd,2025-12-16,51.34,36.6
Batanes,2nd,2025-12-16,58.75,
Batangas,2nd,2025-12-16,51.7,44.61
Benguet,2nd,2025-12-16,48.67,43.5
Biliran,2nd,2025-12-16,48.75,41.25
Bohol,2nd,2025-12-16,53.5,50.0
Bukidnon,2nd,2025-12-16,47.42,39.62
Bulacan,2nd,2025-12-16,47.33,36.75
Cagayan,2nd,2025-12-16,40.04,32.17
Camarines Norte,2nd,2025-12-16,44.75,37.5
Camarines Sur,2nd,2025-12-16,44.87,43.65
Camiguin,2nd,2025-12-16,47.59,41.0
Capiz,2nd,2025-12-16,48.0,46.34
Catanduanes,2nd,2025-12-16,41.8,37.55
Cavite,2nd,2025-12-16,43.58,42.48
Cebu,2nd,2025-12-16,54.88,44.27
City Of Isabela,2nd,2025-12-16,56.58,50.66
Davao De Oro,2nd,2025-12-16,,40.5
Davao Del Norte,2nd,2025-12-16,54.38,45.0
Davao Del Sur,2nd,2025-12-16,59.85,51.75
Davao Occidental,2nd,2025-12-16,58.34,46.78
Davao Oriental,2nd,2025-12-16,61.48,43.25
Dinagat Islands,2nd,2025-12-16,56.0,47.49
Eastern Samar,2nd,2025-12-16,51.5,39.0
Guimaras,2nd,2025-12-16,48.5,43.75
Ifugao,2nd,2025-12-16,52.2,46.0
Ilocos Norte,2nd,2025-12-16,37.9,34.0
Ilocos Sur,2nd,2025-12-16,41.0,33.5
Iloilo,2nd,2025-12-16,51.75,38.75
Isabela,2nd,2025-12-16,39.44,35.21
Kalinga,2nd,2025-12-16,40.0,37.0
La Union,2nd,2025-12-16,40.0,34.78
Laguna,2nd,2025-12-16,52.63,45.04
Lanao Del Sur,2nd,2025-12-16,51.46,44.17
Lanao del Norte,2nd,2025-12-16,44.5,40.0
Leyte,2nd,2025-12-16,63.87,44.13
Maguindanao,2nd,2025-12-16,40.84,37.5
Marinduque,2nd,2025-12-16,50.84,32.67
Masbate,2nd,2025-12-16,50.34,42.25
Misamis Occidental,2nd,2025-12-16,45.4,43.38
Misamis Oriental,2nd,2025-12-16,65.1,57.92
Mountain Province,2nd,2025-12-16,61.84,46.38
NCR,2nd,2025-12-16,48.12,40.35
Negros Occidental,2nd,2025-12-16,57.5,50.5
Negros Oriental,2nd,2025-12-16,54.88,44.33
North Cotabato,2nd,2025-12-16,58.34,48.9
Northern Samar,2nd,2025-12-16,47.0,35.92
Nueva Ecija,2nd,2025-12-16,44.1,35.42
Nueva Vizcaya,2nd,2025-12-16,35.0,35.5
Occidental Mindoro,2nd,2025-12-16,44.0,39.67
Oriental Mindoro,2nd,2025-12-16,45.0,37.67
Palawan,2nd,2025-12-16,46.92,38.28
Pampanga,2nd,2025-12-16,44.7,40.0
Pangasinan,2nd,2025-12-16,47.5,40.97
Quezon,2nd,2025-12-16,48.0,39.5
Quirino,2nd,2025-12-16,38.0,33.75
Rizal,2nd,2025-12-16,53.54,43.04
Romblon,2nd,2025-12-16,46.88,44.88
Sarangani,2nd,2025-12-16,57.84,45.5
Siquijor,2nd,2025-12-16,51.8,44.9
Sorsogon,2nd,2025-12-16,42.34,40.09
South Cotabato,2nd,2025-12-16,49.2,39.08
Southern Leyte,2nd,2025-12-16,51.45,51.01
Sultan Kudarat,2nd,2025-12-16,47.65,42.75
Sulu,2nd,2025-12-16,,
Surigao Del Norte,2nd,2025-12-16,48.27,41.46
Surigao Del Sur,2nd,2025-12-16,47.5,38.0
Tarlac,2nd,2025-12-16,54.67,34.0
Tawi-Tawi,2nd,2025-12-16,67.5,49.0
Western Samar,2nd,2025-12-16,56.0,48.17
Zambales,2nd,2025-12-16,62.53,50.23
Zamboanga Del Norte,2nd,2025-12-16,50.23,44.62
Zamboanga Del Sur,2nd,2025-12-16,48.48,43.88
Zamboanga Sibugay,2nd,2025-12-16,48.0,41.75
