sid,season,name,time,latitude,longitude,wmo_wind
,year,,UTC,degrees_north,degrees_east,kts
2022088N09116,2022,UNNAMED,2022-03-29T00:00:00Z,9.4,116.4,NaN
2022088N09116,2022,UNNAMED,2022-03-29T03:00:00Z,9.9,115.9,NaN
2022088N09116,2022,UNNAMED,2022-03-29T06:00:00Z,10.3,115.4,NaN
2022088N09116,2022,UNNAMED,2022-03-29T09:00:00Z,10.6,114.9,NaN
2022088N09116,2022,UNNAMED,2022-03-29T12:00:00Z,10.9,114.3,NaN
2022088N09116,2022,UNNAMED,2022-03-29T15:00:00Z,11.2,113.6,NaN
2022088N09116,2022,UNNAMED,2022-03-29T18:00:00Z,11.4,112.9,NaN
2022088N09116,2022,UNNAMED,2022-03-29T21:00:00Z,11.5,112.2,NaN
2022088N09116,2022,UNNAMED,2022-03-30T00:00:00Z,11.6,111.6,NaN
2022088N09116,2022,UNNAMED,2022-03-30T03:00:00Z,11.8,111.0,NaN
2022088N09116,2022,UNNAMED,2022-03-30T06:00:00Z,11.9,110.5,NaN
2022088N09116,2022,UNNAMED,2022-03-30T09:00:00Z,11.8,110.2,NaN
2022088N09116,2022,UNNAMED,2022-03-30T12:00:00Z,11.7,110.1,NaN
2022088N09116,2022,UNNAMED,2022-03-30T15:00:00Z,12.1,109.9,NaN
2022088N09116,2022,UNNAMED,2022-03-30T18:00:00Z,12.5,109.7,NaN
2022088N09116,2022,UNNAMED,2022-03-30T21:00:00Z,12.7,109.6,NaN
2022088N09116,2022,UNNAMED,2022-03-31T00:00:00Z,12.9,109.3,NaN
2022088N09116,2022,UNNAMED,2022-03-31T03:00:00Z,13.2,108.7,NaN
2022088N09116,2022,UNNAMED,2022-03-31T06:00:00Z,13.5,108.1,NaN
2022088N09116,2022,UNNAMED,2022-03-31T09:00:00Z,13.7,107.5,NaN
2022088N09116,2022,UNNAMED,2022-03-31T12:00:00Z,13.8,107.1,NaN
2022088N09116,2022,UNNAMED,2022-03-31T15:00:00Z,13.9,106.8,NaN
2022088N09116,2022,UNNAMED,2022-03-31T18:00:00Z,14.0,106.6,NaN
2022088N09116,2022,UNNAMED,2022-03-31T21:00:00Z,14.3,106.3,NaN
2022088N09116,2022,UNNAMED,2022-04-01T00:00:00Z,14.7,106.0,NaN
2022088N09116,2022,UNNAMED,2022-04-01T03:00:00Z,15.0,105.5,NaN
2022088N09116,2022,UNNAMED,2022-04-01T06:00:00Z,15.2,104.9,NaN
2022096N03150,2022,MALAKAS,2022-04-06T06:00:00Z,3.4,150.2,NaN
2022096N03150,2022,MALAKAS,2022-04-06T09:00:00Z,3.4,149.9,NaN
2022096N03150,2022,MALAKAS,2022-04-06T12:00:00Z,3.5,149.6,NaN
2022096N03150,2022,MALAKAS,2022-04-06T15:00:00Z,3.4,149.3,NaN
2022096N03150,2022,MALAKAS,2022-04-06T18:00:00Z,3.4,149.1,NaN
2022096N03150,2022,MALAKAS,2022-04-06T21:00:00Z,3.6,148.7,NaN
2022096N03150,2022,MALAKAS,2022-04-07T00:00:00Z,3.7,148.4,NaN
2022096N03150,2022,MALAKAS,2022-04-07T03:00:00Z,3.9,148.0,NaN
2022096N03150,2022,MALAKAS,2022-04-07T06:00:00Z,3.9,147.6,NaN
2022096N03150,2022,MALAKAS,2022-04-07T09:00:00Z,4.0,147.3,NaN
2022096N03150,2022,MALAKAS,2022-04-07T12:00:00Z,4.1,147.1,NaN
2022096N03150,2022,MALAKAS,2022-04-07T15:00:00Z,4.2,146.8,NaN
2022096N03150,2022,MALAKAS,2022-04-07T18:00:00Z,4.4,146.5,NaN
2022096N03150,2022,MALAKAS,2022-04-07T21:00:00Z,4.6,146.3,NaN
2022096N03150,2022,MALAKAS,2022-04-08T00:00:00Z,5.0,146.2,35
2022096N03150,2022,MALAKAS,2022-04-08T03:00:00Z,5.3,146.1,NaN
2022096N03150,2022,MALAKAS,2022-04-08T06:00:00Z,5.6,145.8,35
2022096N03150,2022,MALAKAS,2022-04-08T09:00:00Z,5.9,145.6,NaN
2022096N03150,2022,MALAKAS,2022-04-08T12:00:00Z,6.2,145.3,35
2022096N03150,2022,MALAKAS,2022-04-08T15:00:00Z,6.4,145.0,NaN
2022096N03150,2022,MALAKAS,2022-04-08T18:00:00Z,6.6,144.8,40
2022096N03150,2022,MALAKAS,2022-04-08T21:00:00Z,6.8,144.6,NaN
2022096N03150,2022,MALAKAS,2022-04-09T00:00:00Z,7.1,144.4,40
2022096N03150,2022,MALAKAS,2022-04-09T03:00:00Z,7.3,144.1,NaN
2022096N03150,2022,MALAKAS,2022-04-09T06:00:00Z,7.5,143.6,40
2022096N03150,2022,MALAKAS,2022-04-09T09:00:00Z,7.8,143.2,NaN
2022096N03150,2022,MALAKAS,2022-04-09T12:00:00Z,8.3,142.6,40
2022096N03150,2022,MALAKAS,2022-04-09T15:00:00Z,8.8,142.1,NaN
2022096N03150,2022,MALAKAS,2022-04-09T18:00:00Z,9.4,141.5,40
2022096N03150,2022,MALAKAS,2022-04-09T21:00:00Z,10.0,140.8,NaN
2022096N03150,2022,MALAKAS,2022-04-10T00:00:00Z,10.6,140.0,45
2022096N03150,2022,MALAKAS,2022-04-10T03:00:00Z,11.0,139.4,NaN
2022096N03150,2022,MALAKAS,2022-04-10T06:00:00Z,11.2,138.8,45
2022096N03150,2022,MALAKAS,2022-04-10T09:00:00Z,11.4,138.2,NaN
2022096N03150,2022,MALAKAS,2022-04-10T12:00:00Z,11.6,137.8,50
2022096N03150,2022,MALAKAS,2022-04-10T15:00:00Z,11.8,137.3,NaN
2022096N03150,2022,MALAKAS,2022-04-10T18:00:00Z,11.9,136.9,50
2022096N03150,2022,MALAKAS,2022-04-10T21:00:00Z,12.1,136.6,NaN
2022096N03150,2022,MALAKAS,2022-04-11T00:00:00Z,12.4,136.4,50
2022096N03150,2022,MALAKAS,2022-04-11T03:00:00Z,12.7,136.2,NaN
2022096N03150,2022,MALAKAS,2022-04-11T06:00:00Z,13.2,136.1,50
2022096N03150,2022,MALAKAS,2022-04-11T09:00:00Z,13.6,136.0,NaN
2022096N03150,2022,MALAKAS,2022-04-11T12:00:00Z,14.0,135.8,55
2022096N03150,2022,MALAKAS,2022-04-11T15:00:00Z,14.3,135.7,NaN
2022096N03150,2022,MALAKAS,2022-04-11T18:00:00Z,14.7,135.6,60
2022096N03150,2022,MALAKAS,2022-04-11T21:00:00Z,15.1,135.3,NaN
2022096N03150,2022,MALAKAS,2022-04-12T00:00:00Z,15.4,135.0,65
2022096N03150,2022,MALAKAS,2022-04-12T03:00:00Z,15.6,135.0,NaN
2022096N03150,2022,MALAKAS,2022-04-12T06:00:00Z,15.8,135.1,70
2022096N03150,2022,MALAKAS,2022-04-12T09:00:00Z,15.9,135.2,NaN
2022096N03150,2022,MALAKAS,2022-04-12T12:00:00Z,16.1,135.4,80
2022096N03150,2022,MALAKAS,2022-04-12T15:00:00Z,16.4,135.6,NaN
2022096N03150,2022,MALAKAS,2022-04-12T18:00:00Z,16.7,135.9,80
2022096N03150,2022,MALAKAS,2022-04-12T21:00:00Z,17.0,136.1,NaN
2022096N03150,2022,MALAKAS,2022-04-13T00:00:00Z,17.3,136.4,80
2022096N03150,2022,MALAKAS,2022-04-13T03:00:00Z,17.6,136.7,NaN
2022096N03150,2022,MALAKAS,2022-04-13T06:00:00Z,17.9,137.0,85
2022096N03150,2022,MALAKAS,2022-04-13T09:00:00Z,18.3,137.3,NaN
2022096N03150,2022,MALAKAS,2022-04-13T12:00:00Z,18.9,137.6,85
2022096N03150,2022,MALAKAS,2022-04-13T15:00:00Z,19.3,137.6,NaN
2022096N03150,2022,MALAKAS,2022-04-13T18:00:00Z,19.7,137.5,90
2022096N03150,2022,MALAKAS,2022-04-13T21:00:00Z,20.1,137.7,NaN
2022096N03150,2022,MALAKAS,2022-04-14T00:00:00Z,20.6,138.0,90
2022096N03150,2022,MALAKAS,2022-04-14T03:00:00Z,21.1,138.2,NaN
2022096N03150,2022,MALAKAS,2022-04-14T06:00:00Z,21.7,138.5,90
2022096N03150,2022,MALAKAS,2022-04-14T09:00:00Z,22.1,138.8,NaN
2022096N03150,2022,MALAKAS,2022-04-14T12:00:00Z,22.6,139.1,85
2022096N03150,2022,MALAKAS,2022-04-14T15:00:00Z,23.3,139.6,85
2022096N03150,2022,MALAKAS,2022-04-14T18:00:00Z,24.3,140.1,80
2022096N03150,2022,MALAKAS,2022-04-14T21:00:00Z,25.3,140.4,80
2022096N03150,2022,MALAKAS,2022-04-15T00:00:00Z,26.3,140.7,75
2022096N03150,2022,MALAKAS,2022-04-15T03:00:00Z,27.1,141.1,70
2022096N03150,2022,MALAKAS,2022-04-15T06:00:00Z,27.9,141.8,65
2022096N03150,2022,MALAKAS,2022-04-15T09:00:00Z,29.1,142.7,65
2022096N03150,2022,MALAKAS,2022-04-15T12:00:00Z,30.1,143.8,NaN
2022096N03150,2022,MALAKAS,2022-04-15T15:00:00Z,31.0,145.0,NaN
2022096N03150,2022,MALAKAS,2022-04-15T18:00:00Z,32.2,146.4,NaN
2022096N03150,2022,MALAKAS,2022-04-15T21:00:00Z,33.4,147.9,NaN
2022096N03150,2022,MALAKAS,2022-04-16T00:00:00Z,34.8,149.4,NaN
2022096N03150,2022,MALAKAS,2022-04-16T03:00:00Z,36.3,150.7,NaN
2022096N03150,2022,MALAKAS,2022-04-16T06:00:00Z,37.9,152.2,NaN
2022096N03150,2022,MALAKAS,2022-04-16T09:00:00Z,39.8,153.8,NaN
2022096N03150,2022,MALAKAS,2022-04-16T12:00:00Z,41.7,155.5,NaN
2022096N03150,2022,MALAKAS,2022-04-16T15:00:00Z,43.3,157.0,NaN
2022096N03150,2022,MALAKAS,2022-04-16T18:00:00Z,44.7,158.4,NaN
2022096N03150,2022,MALAKAS,2022-04-16T21:00:00Z,45.7,159.5,NaN
2022096N03150,2022,MALAKAS,2022-04-17T00:00:00Z,46.6,160.9,NaN
2022096N03150,2022,MALAKAS,2022-04-17T03:00:00Z,47.8,163.1,NaN
2022096N03150,2022,MALAKAS,2022-04-17T06:00:00Z,49.0,165.9,NaN
2022096N03150,2022,MALAKAS,2022-04-17T09:00:00Z,50.1,168.8,NaN
2022096N03150,2022,MALAKAS,2022-04-17T12:00:00Z,51.1,172.0,NaN
2022096N03150,2022,MALAKAS,2022-04-17T15:00:00Z,52.1,175.3,NaN
2022096N03150,2022,MALAKAS,2022-04-17T18:00:00Z,52.8,178.5,NaN
2022099N11128,2022,MEGI,2022-04-08T12:00:00Z,10.5,127.5,NaN
2022099N11128,2022,MEGI,2022-04-08T15:00:00Z,10.6,127.3,NaN
2022099N11128,2022,MEGI,2022-04-08T18:00:00Z,10.5,127.2,NaN
2022099N11128,2022,MEGI,2022-04-08T21:00:00Z,10.6,127.1,NaN
2022099N11128,2022,MEGI,2022-04-09T00:00:00Z,10.7,127.1,NaN
2022099N11128,2022,MEGI,2022-04-09T03:00:00Z,10.8,127.0,NaN
2022099N11128,2022,MEGI,2022-04-09T06:00:00Z,10.8,126.8,NaN
2022099N11128,2022,MEGI,2022-04-09T09:00:00Z,10.9,126.6,NaN
2022099N11128,2022,MEGI,2022-04-09T12:00:00Z,10.9,126.4,NaN
2022099N11128,2022,MEGI,2022-04-09T15:00:00Z,10.9,126.3,NaN
2022099N11128,2022,MEGI,2022-04-09T18:00:00Z,10.8,126.1,35
2022099N11128,2022,MEGI,2022-04-09T21:00:00Z,10.8,126.0,NaN
2022099N11128,2022,MEGI,2022-04-10T00:00:00Z,10.8,125.9,40
2022099N11128,2022,MEGI,2022-04-10T03:00:00Z,10.8,125.7,NaN
2022099N11128,2022,MEGI,2022-04-10T06:00:00Z,10.8,125.6,35
2022099N11128,2022,MEGI,2022-04-10T09:00:00Z,10.8,125.4,NaN
2022099N11128,2022,MEGI,2022-04-10T12:00:00Z,10.9,125.3,35
2022099N11128,2022,MEGI,2022-04-10T15:00:00Z,10.9,125.2,NaN
2022099N11128,2022,MEGI,2022-04-10T18:00:00Z,11.0,125.1,35
2022099N11128,2022,MEGI,2022-04-10T21:00:00Z,11.1,125.0,NaN
2022099N11128,2022,MEGI,2022-04-11T00:00:00Z,11.1,124.9,NaN
2022099N11128,2022,MEGI,2022-04-11T03:00:00Z,11.2,124.8,NaN
2022099N11128,2022,MEGI,2022-04-11T06:00:00Z,11.3,124.7,NaN
2022099N11128,2022,MEGI,2022-04-11T09:00:00Z,11.3,124.7,NaN
2022099N11128,2022,MEGI,2022-04-11T12:00:00Z,11.3,124.7,NaN
2022099N11128,2022,MEGI,2022-04-11T15:00:00Z,11.3,124.8,NaN
2022099N11128,2022,MEGI,2022-04-11T18:00:00Z,11.3,124.8,NaN
2022099N11128,2022,MEGI,2022-04-11T21:00:00Z,11.3,124.9,NaN
2022099N11128,2022,MEGI,2022-04-12T00:00:00Z,11.3,124.9,NaN
2022099N11128,2022,MEGI,2022-04-12T03:00:00Z,11.1,125.0,NaN
2022099N11128,2022,MEGI,2022-04-12T06:00:00Z,11.0,125.2,NaN
2022099N11128,2022,MEGI,2022-04-12T09:00:00Z,10.8,125.6,NaN
2022099N11128,2022,MEGI,2022-04-12T12:00:00Z,10.6,126.0,NaN
2022099N11128,2022,MEGI,2022-04-12T15:00:00Z,10.4,126.4,NaN
2022099N11128,2022,MEGI,2022-04-12T18:00:00Z,10.3,126.7,NaN
2022099N11128,2022,MEGI,2022-04-12T21:00:00Z,10.2,127.0,NaN
2022099N11128,2022,MEGI,2022-04-13T00:00:00Z,10.2,127.4,NaN
2022099N11128,2022,MEGI,2022-04-13T03:00:00Z,10.1,127.9,NaN
2022099N11128,2022,MEGI,2022-04-13T06:00:00Z,9.9,128.4,NaN
2022180N15117,2022,CHABA,2022-06-28T18:00:00Z,14.6,116.5,NaN
2022180N15117,2022,CHABA,2022-06-28T21:00:00Z,14.8,116.4,NaN
2022180N15117,2022,CHABA,2022-06-29T00:00:00Z,15.1,116.3,NaN
2022180N15117,2022,CHABA,2022-06-29T03:00:00Z,15.3,116.1,NaN
2022180N15117,2022,CHABA,2022-06-29T06:00:00Z,15.4,116.0,NaN
2022180N15117,2022,CHABA,2022-06-29T09:00:00Z,15.5,115.9,NaN
2022180N15117,2022,CHABA,2022-06-29T12:00:00Z,15.5,115.8,NaN
2022180N15117,2022,CHABA,2022-06-29T15:00:00Z,15.6,115.6,NaN
2022180N15117,2022,CHABA,2022-06-29T18:00:00Z,15.6,115.5,NaN
2022180N15117,2022,CHABA,2022-06-29T21:00:00Z,15.7,115.5,NaN
2022180N15117,2022,CHABA,2022-06-30T00:00:00Z,15.8,115.4,35
2022180N15117,2022,CHABA,2022-06-30T03:00:00Z,16.0,115.4,NaN
2022180N15117,2022,CHABA,2022-06-30T06:00:00Z,16.1,115.4,40
2022180N15117,2022,CHABA,2022-06-30T09:00:00Z,16.5,115.3,NaN
2022180N15117,2022,CHABA,2022-06-30T12:00:00Z,17.0,115.1,45
2022180N15117,2022,CHABA,2022-06-30T15:00:00Z,17.2,114.9,NaN
2022180N15117,2022,CHABA,2022-06-30T18:00:00Z,17.5,114.7,50
2022180N15117,2022,CHABA,2022-06-30T21:00:00Z,17.9,114.4,NaN
2022180N15117,2022,CHABA,2022-07-01T00:00:00Z,18.3,114.1,55
2022180N15117,2022,CHABA,2022-07-01T03:00:00Z,18.6,113.7,NaN
2022180N15117,2022,CHABA,2022-07-01T06:00:00Z,18.9,113.2,55
2022180N15117,2022,CHABA,2022-07-01T09:00:00Z,19.1,113.0,NaN
2022180N15117,2022,CHABA,2022-07-01T12:00:00Z,19.4,112.7,60
2022180N15117,2022,CHABA,2022-07-01T15:00:00Z,19.8,112.4,NaN
2022180N15117,2022,CHABA,2022-07-01T18:00:00Z,20.1,112.1,65
2022180N15117,2022,CHABA,2022-07-01T21:00:00Z,20.3,111.9,NaN
2022180N15117,2022,CHABA,2022-07-01T22:00:00Z,20.4,111.8,NaN
2022180N15117,2022,CHABA,2022-07-01T23:00:00Z,20.5,111.8,NaN
2022180N15117,2022,CHABA,2022-07-02T00:00:00Z,20.6,111.7,70
2022180N15117,2022,CHABA,2022-07-02T01:00:00Z,20.7,111.6,NaN
2022180N15117,2022,CHABA,2022-07-02T02:00:00Z,20.8,111.6,NaN
2022180N15117,2022,CHABA,2022-07-02T03:00:00Z,20.9,111.5,NaN
2022180N15117,2022,CHABA,2022-07-02T06:00:00Z,21.2,111.2,70
2022180N15117,2022,CHABA,2022-07-02T09:00:00Z,21.5,111.0,NaN
2022180N15117,2022,CHABA,2022-07-02T12:00:00Z,21.9,110.8,50
2022180N15117,2022,CHABA,2022-07-02T15:00:00Z,22.3,110.6,NaN
2022180N15117,2022,CHABA,2022-07-02T18:00:00Z,22.6,110.5,45
2022180N15117,2022,CHABA,2022-07-02T21:00:00Z,23.0,110.5,NaN
2022180N15117,2022,CHABA,2022-07-03T00:00:00Z,23.6,110.6,35
2022180N15117,2022,CHABA,2022-07-03T03:00:00Z,24.0,110.6,NaN
2022180N15117,2022,CHABA,2022-07-03T06:00:00Z,24.4,110.6,NaN
2022180N15117,2022,CHABA,2022-07-03T09:00:00Z,24.7,110.7,NaN
2022180N15117,2022,CHABA,2022-07-03T12:00:00Z,24.9,110.8,NaN
2022180N15117,2022,CHABA,2022-07-03T15:00:00Z,25.2,111.0,NaN
2022180N15117,2022,CHABA,2022-07-03T18:00:00Z,25.5,111.2,NaN
2022180N15117,2022,CHABA,2022-07-03T21:00:00Z,25.8,111.5,NaN
2022180N15117,2022,CHABA,2022-07-04T00:00:00Z,26.1,111.7,NaN
2022180N15117,2022,CHABA,2022-07-04T03:00:00Z,26.4,112.0,NaN
2022180N15117,2022,CHABA,2022-07-04T06:00:00Z,26.8,112.2,NaN
2022180N15117,2022,CHABA,2022-07-04T09:00:00Z,27.1,112.4,NaN
2022180N15117,2022,CHABA,2022-07-04T12:00:00Z,27.5,112.8,NaN
2022180N15117,2022,CHABA,2022-07-04T15:00:00Z,28.0,113.1,NaN
2022180N15117,2022,CHABA,2022-07-04T18:00:00Z,28.4,113.4,NaN
2022180N15117,2022,CHABA,2022-07-04T21:00:00Z,29.0,113.8,NaN
2022180N15117,2022,CHABA,2022-07-05T00:00:00Z,29.6,114.0,NaN
2022180N15117,2022,CHABA,2022-07-05T03:00:00Z,30.1,114.2,NaN
2022180N15117,2022,CHABA,2022-07-05T06:00:00Z,30.6,114.5,NaN
2022180N15117,2022,CHABA,2022-07-05T09:00:00Z,31.0,114.7,NaN
2022180N15117,2022,CHABA,2022-07-05T12:00:00Z,31.8,115.1,NaN
2022180N15117,2022,CHABA,2022-07-05T15:00:00Z,32.5,115.3,NaN
2022180N15117,2022,CHABA,2022-07-05T18:00:00Z,33.0,115.5,NaN
2022180N15117,2022,CHABA,2022-07-05T21:00:00Z,33.6,116.0,NaN
2022180N15117,2022,CHABA,2022-07-06T00:00:00Z,34.3,116.7,NaN
2022180N15117,2022,CHABA,2022-07-06T03:00:00Z,35.0,117.3,NaN
2022180N15117,2022,CHABA,2022-07-06T06:00:00Z,35.7,118.1,NaN
2022180N15117,2022,CHABA,2022-07-06T09:00:00Z,36.5,118.8,NaN
2022180N15117,2022,CHABA,2022-07-06T12:00:00Z,37.3,119.5,NaN
2022180N15117,2022,CHABA,2022-07-06T15:00:00Z,38.0,120.1,NaN
2022180N15117,2022,CHABA,2022-07-06T18:00:00Z,38.5,120.7,NaN
2022180N15117,2022,CHABA,2022-07-06T21:00:00Z,38.7,121.2,NaN
2022180N15117,2022,CHABA,2022-07-07T00:00:00Z,38.8,121.8,NaN
2022180N15117,2022,CHABA,2022-07-07T03:00:00Z,38.8,122.2,NaN
2022180N15117,2022,CHABA,2022-07-07T06:00:00Z,38.8,122.8,NaN
2022180N15117,2022,CHABA,2022-07-07T09:00:00Z,38.9,123.4,NaN
2022180N15117,2022,CHABA,2022-07-07T12:00:00Z,39.0,124.0,NaN
2022180N15117,2022,CHABA,2022-07-07T15:00:00Z,39.1,124.4,NaN
2022180N15117,2022,CHABA,2022-07-07T18:00:00Z,39.1,124.8,NaN
2022180N15130,2022,AERE,2022-06-29T00:00:00Z,15.4,130.3,NaN
2022180N15130,2022,AERE,2022-06-29T03:00:00Z,15.9,130.3,NaN
2022180N15130,2022,AERE,2022-06-29T06:00:00Z,16.4,130.3,NaN
2022180N15130,2022,AERE,2022-06-29T09:00:00Z,17.0,130.3,NaN
2022180N15130,2022,AERE,2022-06-29T12:00:00Z,17.5,130.4,NaN
2022180N15130,2022,AERE,2022-06-29T15:00:00Z,17.7,130.7,NaN
2022180N15130,2022,AERE,2022-06-29T18:00:00Z,17.9,131.2,NaN
2022180N15130,2022,AERE,2022-06-29T21:00:00Z,18.1,131.7,NaN
2022180N15130,2022,AERE,2022-06-30T00:00:00Z,18.4,132.0,NaN
2022180N15130,2022,AERE,2022-06-30T03:00:00Z,18.7,131.5,NaN
2022180N15130,2022,AERE,2022-06-30T06:00:00Z,19.0,131.1,NaN
2022180N15130,2022,AERE,2022-06-30T09:00:00Z,19.1,130.9,NaN
2022180N15130,2022,AERE,2022-06-30T12:00:00Z,19.3,131.0,NaN
2022180N15130,2022,AERE,2022-06-30T15:00:00Z,19.5,130.9,NaN
2022180N15130,2022,AERE,2022-06-30T18:00:00Z,19.7,131.0,35
2022180N15130,2022,AERE,2022-06-30T21:00:00Z,19.9,131.0,NaN
2022180N15130,2022,AERE,2022-07-01T00:00:00Z,20.2,131.1,40
2022180N15130,2022,AERE,2022-07-01T03:00:00Z,20.5,131.2,NaN
2022180N15130,2022,AERE,2022-07-01T06:00:00Z,21.0,131.2,40
2022180N15130,2022,AERE,2022-07-01T09:00:00Z,21.5,131.3,NaN
2022180N15130,2022,AERE,2022-07-01T12:00:00Z,22.1,131.3,40
2022180N15130,2022,AERE,2022-07-01T15:00:00Z,22.6,131.3,NaN
2022180N15130,2022,AERE,2022-07-01T18:00:00Z,23.3,131.1,40
2022180N15130,2022,AERE,2022-07-01T21:00:00Z,24.0,130.7,NaN
2022180N15130,2022,AERE,2022-07-02T00:00:00Z,24.7,130.3,40
2022180N15130,2022,AERE,2022-07-02T03:00:00Z,25.3,129.9,NaN
2022180N15130,2022,AERE,2022-07-02T06:00:00Z,25.9,129.4,45
2022180N15130,2022,AERE,2022-07-02T09:00:00Z,26.2,128.7,NaN
2022180N15130,2022,AERE,2022-07-02T12:00:00Z,26.4,128.1,45
2022180N15130,2022,AERE,2022-07-02T14:00:00Z,26.7,127.8,45
2022180N15130,2022,AERE,2022-07-02T15:00:00Z,26.8,127.7,NaN
2022180N15130,2022,AERE,2022-07-02T18:00:00Z,27.3,127.5,40
2022180N15130,2022,AERE,2022-07-02T21:00:00Z,27.6,127.3,NaN
2022180N15130,2022,AERE,2022-07-03T00:00:00Z,27.8,127.2,35
2022180N15130,2022,AERE,2022-07-03T03:00:00Z,28.0,127.1,NaN
2022180N15130,2022,AERE,2022-07-03T06:00:00Z,28.2,126.9,35
2022180N15130,2022,AERE,2022-07-03T09:00:00Z,28.3,126.7,NaN
2022180N15130,2022,AERE,2022-07-03T12:00:00Z,28.5,126.5,35
2022180N15130,2022,AERE,2022-07-03T15:00:00Z,28.9,126.6,NaN
2022180N15130,2022,AERE,2022-07-03T18:00:00Z,29.3,126.8,35
2022180N15130,2022,AERE,2022-07-03T21:00:00Z,29.6,127.1,NaN
2022180N15130,2022,AERE,2022-07-04T00:00:00Z,30.0,127.4,35
2022180N15130,2022,AERE,2022-07-04T03:00:00Z,30.4,127.7,NaN
2022180N15130,2022,AERE,2022-07-04T06:00:00Z,30.9,127.9,35
2022180N15130,2022,AERE,2022-07-04T09:00:00Z,31.2,128.2,NaN
2022180N15130,2022,AERE,2022-07-04T12:00:00Z,31.6,128.7,35
2022180N15130,2022,AERE,2022-07-04T15:00:00Z,32.1,129.0,NaN
2022180N15130,2022,AERE,2022-07-04T18:00:00Z,32.7,129.4,35
2022180N15130,2022,AERE,2022-07-04T20:00:00Z,32.9,129.7,35
2022180N15130,2022,AERE,2022-07-04T21:00:00Z,33.0,130.0,NaN
2022180N15130,2022,AERE,2022-07-05T00:00:00Z,33.2,130.8,NaN
2022180N15130,2022,AERE,2022-07-05T03:00:00Z,33.5,131.8,NaN
2022180N15130,2022,AERE,2022-07-05T06:00:00Z,33.9,132.8,NaN
2022180N15130,2022,AERE,2022-07-05T09:00:00Z,34.1,133.8,NaN
2022180N15130,2022,AERE,2022-07-05T12:00:00Z,34.2,134.9,NaN
2022180N15130,2022,AERE,2022-07-05T15:00:00Z,34.1,136.2,NaN
2022180N15130,2022,AERE,2022-07-05T18:00:00Z,34.0,137.6,NaN
2022180N15130,2022,AERE,2022-07-05T21:00:00Z,34.0,138.8,NaN
2022180N15130,2022,AERE,2022-07-06T00:00:00Z,34.0,140.0,NaN
2022180N15130,2022,AERE,2022-07-06T03:00:00Z,34.1,141.1,NaN
2022180N15130,2022,AERE,2022-07-06T06:00:00Z,34.1,142.0,NaN
2022180N15130,2022,AERE,2022-07-06T09:00:00Z,34.1,142.5,NaN
2022180N15130,2022,AERE,2022-07-06T12:00:00Z,34.1,142.9,NaN
2022180N15130,2022,AERE,2022-07-06T15:00:00Z,34.0,143.5,NaN
2022180N15130,2022,AERE,2022-07-06T18:00:00Z,33.9,144.1,NaN
2022180N15130,2022,AERE,2022-07-06T21:00:00Z,33.9,144.7,NaN
2022180N15130,2022,AERE,2022-07-07T00:00:00Z,33.9,145.3,NaN
2022180N15130,2022,AERE,2022-07-07T03:00:00Z,33.9,145.6,NaN
2022180N15130,2022,AERE,2022-07-07T06:00:00Z,34.0,145.8,NaN
2022180N15130,2022,AERE,2022-07-07T09:00:00Z,34.1,146.0,NaN
2022180N15130,2022,AERE,2022-07-07T12:00:00Z,34.2,146.1,NaN
2022180N15130,2022,AERE,2022-07-07T15:00:00Z,34.5,146.1,NaN
2022180N15130,2022,AERE,2022-07-07T18:00:00Z,34.7,146.0,NaN
2022180N15130,2022,AERE,2022-07-07T21:00:00Z,34.6,145.4,NaN
2022180N15130,2022,AERE,2022-07-08T00:00:00Z,34.4,144.8,NaN
2022180N15130,2022,AERE,2022-07-08T03:00:00Z,34.5,144.8,NaN
2022180N15130,2022,AERE,2022-07-08T06:00:00Z,34.6,144.8,NaN
2022180N15130,2022,AERE,2022-07-08T09:00:00Z,34.5,144.5,NaN
2022180N15130,2022,AERE,2022-07-08T12:00:00Z,34.4,144.3,NaN
2022180N15130,2022,AERE,2022-07-08T15:00:00Z,34.6,144.4,NaN
2022180N15130,2022,AERE,2022-07-08T18:00:00Z,34.9,144.6,NaN
2022180N15130,2022,AERE,2022-07-08T21:00:00Z,35.4,144.7,NaN
2022180N15130,2022,AERE,2022-07-09T00:00:00Z,36.1,144.8,NaN
2022180N15130,2022,AERE,2022-07-09T03:00:00Z,36.8,144.9,NaN
2022180N15130,2022,AERE,2022-07-09T06:00:00Z,37.6,144.8,NaN
2022180N15130,2022,AERE,2022-07-09T09:00:00Z,38.5,144.3,NaN
2022180N15130,2022,AERE,2022-07-09T12:00:00Z,39.2,143.7,NaN
2022180N15130,2022,AERE,2022-07-09T15:00:00Z,39.6,143.4,NaN
2022180N15130,2022,AERE,2022-07-09T18:00:00Z,39.9,143.2,NaN
2022180N15130,2022,AERE,2022-07-09T21:00:00Z,40.4,143.0,NaN
2022180N15130,2022,AERE,2022-07-10T00:00:00Z,40.9,142.8,NaN
2022180N15130,2022,AERE,2022-07-10T03:00:00Z,41.2,142.7,NaN
2022180N15130,2022,AERE,2022-07-10T06:00:00Z,41.4,142.8,NaN
2022180N15130,2022,AERE,2022-07-10T09:00:00Z,41.5,142.9,NaN
2022180N15130,2022,AERE,2022-07-10T12:00:00Z,41.5,143.2,NaN
2022180N15130,2022,AERE,2022-07-10T15:00:00Z,41.6,143.5,NaN
2022180N15130,2022,AERE,2022-07-10T18:00:00Z,42.0,143.8,NaN
2022180N15130,2022,AERE,2022-07-10T21:00:00Z,42.4,144.1,NaN
2022180N15130,2022,AERE,2022-07-11T00:00:00Z,42.9,144.3,NaN
2022208N15143,2022,SONGDA,2022-07-26T12:00:00Z,14.9,143.3,NaN
2022208N15143,2022,SONGDA,2022-07-26T15:00:00Z,14.9,143.2,NaN
2022208N15143,2022,SONGDA,2022-07-26T18:00:00Z,15.2,142.9,NaN
2022208N15143,2022,SONGDA,2022-07-26T21:00:00Z,15.4,142.6,NaN
2022208N15143,2022,SONGDA,2022-07-27T00:00:00Z,15.6,142.3,NaN
2022208N15143,2022,SONGDA,2022-07-27T03:00:00Z,16.0,142.0,NaN
2022208N15143,2022,SONGDA,2022-07-27T06:00:00Z,16.5,141.6,NaN
2022208N15143,2022,SONGDA,2022-07-27T09:00:00Z,17.0,141.3,NaN
2022208N15143,2022,SONGDA,2022-07-27T12:00:00Z,17.5,141.0,NaN
2022208N15143,2022,SONGDA,2022-07-27T15:00:00Z,18.0,140.8,NaN
2022208N15143,2022,SONGDA,2022-07-27T18:00:00Z,18.5,140.7,NaN
2022208N15143,2022,SONGDA,2022-07-27T21:00:00Z,19.0,140.5,NaN
2022208N15143,2022,SONGDA,2022-07-28T00:00:00Z,19.5,140.3,NaN
2022208N15143,2022,SONGDA,2022-07-28T03:00:00Z,20.0,140.1,NaN
2022208N15143,2022,SONGDA,2022-07-28T06:00:00Z,20.7,139.9,NaN
2022208N15143,2022,SONGDA,2022-07-28T09:00:00Z,21.5,139.6,NaN
2022208N15143,2022,SONGDA,2022-07-28T12:00:00Z,22.5,139.1,35
2022208N15143,2022,SONGDA,2022-07-28T15:00:00Z,23.9,138.4,NaN
2022208N15143,2022,SONGDA,2022-07-28T18:00:00Z,25.3,137.5,35
2022208N15143,2022,SONGDA,2022-07-28T21:00:00Z,26.8,136.0,NaN
2022208N15143,2022,SONGDA,2022-07-29T00:00:00Z,28.0,134.5,35
2022208N15143,2022,SONGDA,2022-07-29T03:00:00Z,28.7,133.2,NaN
2022208N15143,2022,SONGDA,2022-07-29T06:00:00Z,29.1,132.0,35
2022208N15143,2022,SONGDA,2022-07-29T09:00:00Z,29.6,130.9,NaN
2022208N15143,2022,SONGDA,2022-07-29T12:00:00Z,30.0,130.0,40
2022208N15143,2022,SONGDA,2022-07-29T15:00:00Z,30.3,129.1,NaN
2022208N15143,2022,SONGDA,2022-07-29T18:00:00Z,30.6,128.2,35
2022208N15143,2022,SONGDA,2022-07-29T21:00:00Z,31.0,127.2,NaN
2022208N15143,2022,SONGDA,2022-07-30T00:00:00Z,31.3,126.3,35
2022208N15143,2022,SONGDA,2022-07-30T03:00:00Z,31.6,125.6,NaN
2022208N15143,2022,SONGDA,2022-07-30T06:00:00Z,31.9,125.0,35
2022208N15143,2022,SONGDA,2022-07-30T09:00:00Z,32.3,124.5,NaN
2022208N15143,2022,SONGDA,2022-07-30T12:00:00Z,32.7,124.1,35
2022208N15143,2022,SONGDA,2022-07-30T15:00:00Z,33.0,123.7,NaN
2022208N15143,2022,SONGDA,2022-07-30T18:00:00Z,33.3,123.4,35
2022208N15143,2022,SONGDA,2022-07-30T21:00:00Z,33.5,123.2,NaN
2022208N15143,2022,SONGDA,2022-07-31T00:00:00Z,33.6,123.1,35
2022208N15143,2022,SONGDA,2022-07-31T03:00:00Z,33.7,123.1,NaN
2022208N15143,2022,SONGDA,2022-07-31T06:00:00Z,33.9,123.2,35
2022208N15143,2022,SONGDA,2022-07-31T09:00:00Z,34.2,123.1,NaN
2022208N15143,2022,SONGDA,2022-07-31T12:00:00Z,34.4,123.1,35
2022208N15143,2022,SONGDA,2022-07-31T15:00:00Z,34.7,123.1,NaN
2022208N15143,2022,SONGDA,2022-07-31T18:00:00Z,34.9,123.1,NaN
2022208N15143,2022,SONGDA,2022-07-31T21:00:00Z,35.1,123.1,NaN
2022208N15143,2022,SONGDA,2022-08-01T00:00:00Z,35.3,123.2,NaN
2022208N15143,2022,SONGDA,2022-08-01T03:00:00Z,35.3,123.3,NaN
2022208N15143,2022,SONGDA,2022-08-01T06:00:00Z,35.3,123.3,NaN
2022208N15143,2022,SONGDA,2022-08-01T09:00:00Z,35.3,123.3,NaN
2022208N15143,2022,SONGDA,2022-08-01T12:00:00Z,35.3,123.3,NaN
2022208N15143,2022,SONGDA,2022-08-01T15:00:00Z,35.3,123.3,NaN
2022208N15143,2022,SONGDA,2022-08-01T18:00:00Z,35.6,123.5,NaN
2022208N15143,2022,SONGDA,2022-08-01T21:00:00Z,36.2,124.0,NaN
2022208N15143,2022,SONGDA,2022-08-02T00:00:00Z,37.0,124.6,NaN
2022211N20129,2022,TRASES,2022-07-29T12:00:00Z,20.3,128.7,NaN
2022211N20129,2022,TRASES,2022-07-29T15:00:00Z,20.4,128.3,NaN
2022211N20129,2022,TRASES,2022-07-29T18:00:00Z,20.6,127.9,NaN
2022211N20129,2022,TRASES,2022-07-29T21:00:00Z,20.8,127.5,NaN
2022211N20129,2022,TRASES,2022-07-30T00:00:00Z,21.1,127.2,NaN
2022211N20129,2022,TRASES,2022-07-30T03:00:00Z,21.4,127.2,NaN
2022211N20129,2022,TRASES,2022-07-30T06:00:00Z,21.7,127.4,NaN
2022211N20129,2022,TRASES,2022-07-30T09:00:00Z,22.2,127.6,NaN
2022211N20129,2022,TRASES,2022-07-30T12:00:00Z,22.8,127.8,NaN
2022211N20129,2022,TRASES,2022-07-30T15:00:00Z,23.2,127.9,NaN
2022211N20129,2022,TRASES,2022-07-30T18:00:00Z,23.9,128.0,NaN
2022211N20129,2022,TRASES,2022-07-30T21:00:00Z,24.8,128.0,NaN
2022211N20129,2022,TRASES,2022-07-31T00:00:00Z,25.8,127.9,35
2022211N20129,2022,TRASES,2022-07-31T03:00:00Z,26.6,127.8,NaN
2022211N20129,2022,TRASES,2022-07-31T06:00:00Z,27.3,127.6,35
2022211N20129,2022,TRASES,2022-07-31T09:00:00Z,27.9,127.4,NaN
2022211N20129,2022,TRASES,2022-07-31T12:00:00Z,28.6,127.2,35
2022211N20129,2022,TRASES,2022-07-31T15:00:00Z,29.4,127.1,NaN
2022211N20129,2022,TRASES,2022-07-31T18:00:00Z,30.2,127.1,35
2022211N20129,2022,TRASES,2022-07-31T21:00:00Z,31.5,127.0,NaN
2022211N20129,2022,TRASES,2022-08-01T00:00:00Z,32.7,126.9,35
2022211N20129,2022,TRASES,2022-08-01T03:00:00Z,33.7,126.6,NaN
2022211N20129,2022,TRASES,2022-08-01T06:00:00Z,34.5,126.4,35
2022211N20129,2022,TRASES,2022-08-01T09:00:00Z,35.4,126.3,NaN
2022211N20129,2022,TRASES,2022-08-01T12:00:00Z,36.2,126.4,NaN
2022211N20129,2022,TRASES,2022-08-01T15:00:00Z,37.1,126.2,NaN
2022211N20129,2022,TRASES,2022-08-01T18:00:00Z,37.9,125.8,NaN
2022215N21118,2022,UNNAMED,2022-08-03T06:00:00Z,21.3,117.5,NaN
2022215N21118,2022,UNNAMED,2022-08-03T09:00:00Z,21.5,117.3,NaN
2022215N21118,2022,UNNAMED,2022-08-03T12:00:00Z,21.6,117.0,NaN
2022215N21118,2022,UNNAMED,2022-08-03T15:00:00Z,21.8,116.4,NaN
2022215N21118,2022,UNNAMED,2022-08-03T18:00:00Z,22.1,115.9,NaN
2022215N21118,2022,UNNAMED,2022-08-03T21:00:00Z,22.3,115.5,NaN
2022215N21118,2022,UNNAMED,2022-08-04T00:00:00Z,22.5,115.1,NaN
2022215N21118,2022,UNNAMED,2022-08-04T03:00:00Z,22.8,114.5,NaN
2022215N21118,2022,UNNAMED,2022-08-04T06:00:00Z,23.1,113.9,NaN
2022215N21118,2022,UNNAMED,2022-08-04T09:00:00Z,23.2,113.1,NaN
2022215N21118,2022,UNNAMED,2022-08-04T12:00:00Z,23.2,112.8,NaN
2022220N16110,2022,MULAN,2022-08-08T00:00:00Z,16.3,110.1,NaN
2022220N16110,2022,MULAN,2022-08-08T03:00:00Z,15.7,110.7,NaN
2022220N16110,2022,MULAN,2022-08-08T06:00:00Z,15.3,111.1,NaN
2022220N16110,2022,MULAN,2022-08-08T09:00:00Z,15.2,111.3,NaN
2022220N16110,2022,MULAN,2022-08-08T12:00:00Z,15.4,111.5,NaN
2022220N16110,2022,MULAN,2022-08-08T15:00:00Z,15.5,111.8,NaN
2022220N16110,2022,MULAN,2022-08-08T18:00:00Z,15.6,112.1,NaN
2022220N16110,2022,MULAN,2022-08-08T21:00:00Z,15.8,112.4,NaN
2022220N16110,2022,MULAN,2022-08-09T00:00:00Z,16.2,112.8,NaN
2022220N16110,2022,MULAN,2022-08-09T03:00:00Z,16.8,113.1,NaN
2022220N16110,2022,MULAN,2022-08-09T06:00:00Z,17.3,113.4,35
2022220N16110,2022,MULAN,2022-08-09T09:00:00Z,17.9,113.1,NaN
2022220N16110,2022,MULAN,2022-08-09T12:00:00Z,18.4,112.7,35
2022220N16110,2022,MULAN,2022-08-09T15:00:00Z,18.8,112.3,NaN
2022220N16110,2022,MULAN,2022-08-09T18:00:00Z,19.2,111.9,35
2022220N16110,2022,MULAN,2022-08-09T21:00:00Z,19.6,111.5,NaN
2022220N16110,2022,MULAN,2022-08-10T00:00:00Z,20.0,111.0,35
2022220N16110,2022,MULAN,2022-08-10T03:00:00Z,20.2,110.3,NaN
2022220N16110,2022,MULAN,2022-08-10T06:00:00Z,20.4,109.9,35
2022220N16110,2022,MULAN,2022-08-10T09:00:00Z,20.4,109.6,NaN
2022220N16110,2022,MULAN,2022-08-10T12:00:00Z,20.6,109.2,35
2022220N16110,2022,MULAN,2022-08-10T15:00:00Z,20.8,108.7,NaN
2022220N16110,2022,MULAN,2022-08-10T18:00:00Z,21.1,108.0,35
2022220N16110,2022,MULAN,2022-08-10T21:00:00Z,21.3,107.2,NaN
2022220N16110,2022,MULAN,2022-08-11T00:00:00Z,21.5,106.3,NaN
2022220N16110,2022,MULAN,2022-08-11T03:00:00Z,21.6,105.4,NaN
2022220N16110,2022,MULAN,2022-08-11T06:00:00Z,21.6,104.5,NaN
2022221N24149,2022,MEARI,2022-08-08T18:00:00Z,23.9,148.8,NaN
2022221N24149,2022,MEARI,2022-08-08T21:00:00Z,24.0,147.5,NaN
2022221N24149,2022,MEARI,2022-08-09T00:00:00Z,24.1,146.3,NaN
2022221N24149,2022,MEARI,2022-08-09T03:00:00Z,24.3,145.3,NaN
2022221N24149,2022,MEARI,2022-08-09T06:00:00Z,24.6,144.5,NaN
2022221N24149,2022,MEARI,2022-08-09T09:00:00Z,24.8,143.6,NaN
2022221N24149,2022,MEARI,2022-08-09T12:00:00Z,24.9,142.8,NaN
2022221N24149,2022,MEARI,2022-08-09T15:00:00Z,25.0,142.2,NaN
2022221N24149,2022,MEARI,2022-08-09T18:00:00Z,25.0,141.7,NaN
2022221N24149,2022,MEARI,2022-08-09T21:00:00Z,25.5,140.9,NaN
2022221N24149,2022,MEARI,2022-08-10T00:00:00Z,26.1,140.1,NaN
2022221N24149,2022,MEARI,2022-08-10T03:00:00Z,26.5,139.7,NaN
2022221N24149,2022,MEARI,2022-08-10T06:00:00Z,26.8,139.4,NaN
2022221N24149,2022,MEARI,2022-08-10T09:00:00Z,27.2,139.0,NaN
2022221N24149,2022,MEARI,2022-08-10T12:00:00Z,27.5,138.5,NaN
2022221N24149,2022,MEARI,2022-08-10T15:00:00Z,27.9,138.0,NaN
2022221N24149,2022,MEARI,2022-08-10T18:00:00Z,28.2,137.6,NaN
2022221N24149,2022,MEARI,2022-08-10T21:00:00Z,28.5,137.0,NaN
2022221N24149,2022,MEARI,2022-08-11T00:00:00Z,28.7,136.4,NaN
2022221N24149,2022,MEARI,2022-08-11T03:00:00Z,28.7,136.0,NaN
2022221N24149,2022,MEARI,2022-08-11T06:00:00Z,28.7,135.8,NaN
2022221N24149,2022,MEARI,2022-08-11T09:00:00Z,28.7,135.7,NaN
2022221N24149,2022,MEARI,2022-08-11T12:00:00Z,28.8,135.6,35
2022221N24149,2022,MEARI,2022-08-11T15:00:00Z,29.0,135.7,NaN
2022221N24149,2022,MEARI,2022-08-11T18:00:00Z,29.4,135.9,35
2022221N24149,2022,MEARI,2022-08-11T21:00:00Z,30.0,136.1,NaN
2022221N24149,2022,MEARI,2022-08-12T00:00:00Z,30.4,136.2,35
2022221N24149,2022,MEARI,2022-08-12T03:00:00Z,30.6,136.3,NaN
2022221N24149,2022,MEARI,2022-08-12T06:00:00Z,30.8,136.5,35
2022221N24149,2022,MEARI,2022-08-12T09:00:00Z,31.3,136.6,NaN
2022221N24149,2022,MEARI,2022-08-12T12:00:00Z,31.9,136.7,40
2022221N24149,2022,MEARI,2022-08-12T15:00:00Z,32.4,136.7,NaN
2022221N24149,2022,MEARI,2022-08-12T18:00:00Z,32.9,136.7,40
2022221N24149,2022,MEARI,2022-08-12T21:00:00Z,33.4,136.9,NaN
2022221N24149,2022,MEARI,2022-08-13T00:00:00Z,33.8,137.3,40
2022221N24149,2022,MEARI,2022-08-13T03:00:00Z,34.2,137.7,NaN
2022221N24149,2022,MEARI,2022-08-13T05:00:00Z,34.6,138.0,40
2022221N24149,2022,MEARI,2022-08-13T06:00:00Z,34.7,138.2,40
2022221N24149,2022,MEARI,2022-08-13T08:00:00Z,35.0,138.8,40
2022221N24149,2022,MEARI,2022-08-13T09:00:00Z,35.2,139.1,NaN
2022221N24149,2022,MEARI,2022-08-13T12:00:00Z,35.8,140.2,40
2022221N24149,2022,MEARI,2022-08-13T15:00:00Z,36.5,141.4,NaN
2022221N24149,2022,MEARI,2022-08-13T18:00:00Z,37.3,142.5,40
2022221N24149,2022,MEARI,2022-08-13T21:00:00Z,38.3,143.7,NaN
2022221N24149,2022,MEARI,2022-08-14T00:00:00Z,39.2,144.8,40
2022221N24149,2022,MEARI,2022-08-14T03:00:00Z,40.1,145.9,NaN
2022221N24149,2022,MEARI,2022-08-14T06:00:00Z,41.2,147.0,40
2022221N24149,2022,MEARI,2022-08-14T09:00:00Z,42.5,148.4,NaN
2022221N24149,2022,MEARI,2022-08-14T12:00:00Z,43.9,149.7,NaN
2022221N24149,2022,MEARI,2022-08-14T15:00:00Z,45.3,150.6,NaN
2022221N24149,2022,MEARI,2022-08-14T18:00:00Z,46.8,151.3,NaN
2022221N24149,2022,MEARI,2022-08-14T21:00:00Z,48.4,151.8,NaN
2022221N24149,2022,MEARI,2022-08-15T00:00:00Z,49.9,152.1,NaN
2022221N24149,2022,MEARI,2022-08-15T03:00:00Z,51.0,152.3,NaN
2022221N24149,2022,MEARI,2022-08-15T06:00:00Z,51.9,152.6,NaN
2022221N24149,2022,MEARI,2022-08-15T09:00:00Z,52.7,153.1,NaN
2022221N24149,2022,MEARI,2022-08-15T12:00:00Z,53.5,153.7,NaN
2022221N24149,2022,MEARI,2022-08-15T15:00:00Z,54.4,154.2,NaN
2022221N24149,2022,MEARI,2022-08-15T18:00:00Z,55.5,154.6,NaN
2022221N24149,2022,MEARI,2022-08-15T21:00:00Z,56.6,154.9,NaN
2022221N24149,2022,MEARI,2022-08-16T00:00:00Z,57.7,155.2,NaN
2022221N24149,2022,MEARI,2022-08-16T03:00:00Z,58.4,155.8,NaN
2022221N24149,2022,MEARI,2022-08-16T06:00:00Z,58.9,156.6,NaN
2022221N24149,2022,MEARI,2022-08-16T09:00:00Z,59.4,157.1,NaN
2022221N24149,2022,MEARI,2022-08-16T12:00:00Z,59.7,157.2,NaN
2022221N24149,2022,MEARI,2022-08-16T15:00:00Z,60.0,156.6,NaN
2022221N24149,2022,MEARI,2022-08-16T18:00:00Z,60.1,156.0,NaN
2022232N18131,2022,MA-ON,2022-08-20T00:00:00Z,17.8,131.0,NaN
2022232N18131,2022,MA-ON,2022-08-20T03:00:00Z,18.1,130.7,NaN
2022232N18131,2022,MA-ON,2022-08-20T06:00:00Z,18.3,130.4,NaN
2022232N18131,2022,MA-ON,2022-08-20T09:00:00Z,18.4,130.0,NaN
2022232N18131,2022,MA-ON,2022-08-20T12:00:00Z,18.4,129.6,NaN
2022232N18131,2022,MA-ON,2022-08-20T15:00:00Z,18.4,129.2,NaN
2022232N18131,2022,MA-ON,2022-08-20T18:00:00Z,18.2,128.8,NaN
2022232N18131,2022,MA-ON,2022-08-20T21:00:00Z,17.9,128.4,NaN
2022232N18131,2022,MA-ON,2022-08-21T00:00:00Z,17.6,128.0,NaN
2022232N18131,2022,MA-ON,2022-08-21T03:00:00Z,17.4,127.6,NaN
2022232N18131,2022,MA-ON,2022-08-21T06:00:00Z,17.2,127.3,NaN
2022232N18131,2022,MA-ON,2022-08-21T09:00:00Z,17.1,126.9,NaN
2022232N18131,2022,MA-ON,2022-08-21T12:00:00Z,16.9,126.4,NaN
2022232N18131,2022,MA-ON,2022-08-21T15:00:00Z,16.6,125.9,NaN
2022232N18131,2022,MA-ON,2022-08-21T18:00:00Z,16.4,125.4,35
2022232N18131,2022,MA-ON,2022-08-21T21:00:00Z,16.4,124.9,NaN
2022232N18131,2022,MA-ON,2022-08-22T00:00:00Z,16.3,124.5,40
2022232N18131,2022,MA-ON,2022-08-22T03:00:00Z,16.3,124.0,NaN
2022232N18131,2022,MA-ON,2022-08-22T06:00:00Z,16.2,123.7,40
2022232N18131,2022,MA-ON,2022-08-22T09:00:00Z,16.1,123.5,NaN
2022232N18131,2022,MA-ON,2022-08-22T12:00:00Z,16.1,123.4,45
2022232N18131,2022,MA-ON,2022-08-22T15:00:00Z,16.2,123.4,NaN
2022232N18131,2022,MA-ON,2022-08-22T18:00:00Z,16.3,123.3,50
2022232N18131,2022,MA-ON,2022-08-22T21:00:00Z,16.7,123.1,NaN
2022232N18131,2022,MA-ON,2022-08-23T00:00:00Z,17.1,122.8,50
2022232N18131,2022,MA-ON,2022-08-23T03:00:00Z,17.5,122.2,NaN
2022232N18131,2022,MA-ON,2022-08-23T06:00:00Z,17.9,121.6,50
2022232N18131,2022,MA-ON,2022-08-23T09:00:00Z,18.2,121.0,NaN
2022232N18131,2022,MA-ON,2022-08-23T12:00:00Z,18.4,120.4,50
2022232N18131,2022,MA-ON,2022-08-23T15:00:00Z,18.8,119.6,NaN
2022232N18131,2022,MA-ON,2022-08-23T18:00:00Z,19.0,118.8,55
2022232N18131,2022,MA-ON,2022-08-23T21:00:00Z,19.1,118.1,NaN
2022232N18131,2022,MA-ON,2022-08-24T00:00:00Z,19.2,117.4,55
2022232N18131,2022,MA-ON,2022-08-24T03:00:00Z,19.4,116.9,NaN
2022232N18131,2022,MA-ON,2022-08-24T06:00:00Z,19.6,116.3,55
2022232N18131,2022,MA-ON,2022-08-24T09:00:00Z,19.8,115.7,NaN
2022232N18131,2022,MA-ON,2022-08-24T12:00:00Z,20.0,114.9,55
2022232N18131,2022,MA-ON,2022-08-24T15:00:00Z,20.3,114.1,NaN
2022232N18131,2022,MA-ON,2022-08-24T18:00:00Z,20.7,113.3,55
2022232N18131,2022,MA-ON,2022-08-24T21:00:00Z,20.9,112.5,NaN
2022232N18131,2022,MA-ON,2022-08-25T00:00:00Z,21.1,111.9,55
2022232N18131,2022,MA-ON,2022-08-25T03:00:00Z,21.5,111.0,NaN
2022232N18131,2022,MA-ON,2022-08-25T06:00:00Z,21.7,109.9,50
2022232N18131,2022,MA-ON,2022-08-25T09:00:00Z,21.6,109.0,NaN
2022232N18131,2022,MA-ON,2022-08-25T12:00:00Z,21.5,108.2,45
2022232N18131,2022,MA-ON,2022-08-25T15:00:00Z,21.5,107.4,NaN
2022232N18131,2022,MA-ON,2022-08-25T18:00:00Z,21.6,106.4,35
2022232N18131,2022,MA-ON,2022-08-25T21:00:00Z,21.7,105.4,NaN
2022232N18131,2022,MA-ON,2022-08-26T00:00:00Z,21.8,104.5,NaN
2022232N18131,2022,MA-ON,2022-08-26T03:00:00Z,21.9,103.5,NaN
2022232N18131,2022,MA-ON,2022-08-26T06:00:00Z,21.7,102.5,NaN
2022233N22151,2022,TOKAGE,2022-08-21T00:00:00Z,21.5,150.7,NaN
2022233N22151,2022,TOKAGE,2022-08-21T03:00:00Z,21.7,150.9,NaN
2022233N22151,2022,TOKAGE,2022-08-21T06:00:00Z,21.8,151.0,NaN
2022233N22151,2022,TOKAGE,2022-08-21T09:00:00Z,22.0,151.1,NaN
2022233N22151,2022,TOKAGE,2022-08-21T12:00:00Z,22.3,151.1,NaN
2022233N22151,2022,TOKAGE,2022-08-21T15:00:00Z,22.7,151.3,NaN
2022233N22151,2022,TOKAGE,2022-08-21T18:00:00Z,23.1,151.4,NaN
2022233N22151,2022,TOKAGE,2022-08-21T21:00:00Z,23.5,151.5,NaN
2022233N22151,2022,TOKAGE,2022-08-22T00:00:00Z,24.0,151.5,35
2022233N22151,2022,TOKAGE,2022-08-22T03:00:00Z,24.5,151.6,NaN
2022233N22151,2022,TOKAGE,2022-08-22T06:00:00Z,25.1,151.6,40
2022233N22151,2022,TOKAGE,2022-08-22T09:00:00Z,25.6,151.6,NaN
2022233N22151,2022,TOKAGE,2022-08-22T12:00:00Z,26.1,151.5,45
2022233N22151,2022,TOKAGE,2022-08-22T15:00:00Z,26.6,151.4,NaN
2022233N22151,2022,TOKAGE,2022-08-22T18:00:00Z,27.3,151.1,50
2022233N22151,2022,TOKAGE,2022-08-22T21:00:00Z,28.0,150.8,NaN
2022233N22151,2022,TOKAGE,2022-08-23T00:00:00Z,28.7,150.5,55
2022233N22151,2022,TOKAGE,2022-08-23T03:00:00Z,29.5,150.1,NaN
2022233N22151,2022,TOKAGE,2022-08-23T06:00:00Z,30.3,149.8,65
2022233N22151,2022,TOKAGE,2022-08-23T09:00:00Z,31.0,149.4,NaN
2022233N22151,2022,TOKAGE,2022-08-23T12:00:00Z,31.6,149.0,75
2022233N22151,2022,TOKAGE,2022-08-23T15:00:00Z,32.3,148.8,NaN
2022233N22151,2022,TOKAGE,2022-08-23T18:00:00Z,32.9,148.6,75
2022233N22151,2022,TOKAGE,2022-08-23T21:00:00Z,33.6,148.5,NaN
2022233N22151,2022,TOKAGE,2022-08-24T00:00:00Z,34.2,148.6,75
2022233N22151,2022,TOKAGE,2022-08-24T03:00:00Z,34.7,148.8,NaN
2022233N22151,2022,TOKAGE,2022-08-24T06:00:00Z,35.2,149.0,75
2022233N22151,2022,TOKAGE,2022-08-24T09:00:00Z,35.7,149.2,NaN
2022233N22151,2022,TOKAGE,2022-08-24T12:00:00Z,36.2,149.5,70
2022233N22151,2022,TOKAGE,2022-08-24T15:00:00Z,36.7,149.8,NaN
2022233N22151,2022,TOKAGE,2022-08-24T18:00:00Z,37.3,150.3,70
2022233N22151,2022,TOKAGE,2022-08-24T21:00:00Z,38.0,150.8,NaN
2022233N22151,2022,TOKAGE,2022-08-25T00:00:00Z,38.7,151.4,65
2022233N22151,2022,TOKAGE,2022-08-25T03:00:00Z,39.6,152.1,NaN
2022233N22151,2022,TOKAGE,2022-08-25T06:00:00Z,40.5,152.9,55
2022233N22151,2022,TOKAGE,2022-08-25T09:00:00Z,41.6,153.8,NaN
2022233N22151,2022,TOKAGE,2022-08-25T12:00:00Z,42.7,155.0,50
2022233N22151,2022,TOKAGE,2022-08-25T15:00:00Z,43.9,156.4,NaN
2022233N22151,2022,TOKAGE,2022-08-25T18:00:00Z,45.0,157.9,NaN
2022233N22151,2022,TOKAGE,2022-08-25T21:00:00Z,46.0,159.3,NaN
2022233N22151,2022,TOKAGE,2022-08-26T00:00:00Z,46.9,160.9,NaN
2022233N22151,2022,TOKAGE,2022-08-26T03:00:00Z,47.9,162.9,NaN
2022233N22151,2022,TOKAGE,2022-08-26T06:00:00Z,48.7,165.2,NaN
2022233N22151,2022,TOKAGE,2022-08-26T09:00:00Z,49.5,167.7,NaN
2022233N22151,2022,TOKAGE,2022-08-26T12:00:00Z,50.1,170.7,NaN
2022233N22151,2022,TOKAGE,2022-08-26T15:00:00Z,50.4,174.0,NaN
2022233N22151,2022,TOKAGE,2022-08-26T18:00:00Z,50.5,177.4,NaN
2022239N22150,2022,HINNAMNOR,2022-08-27T00:00:00Z,21.7,150.1,NaN
2022239N22150,2022,HINNAMNOR,2022-08-27T03:00:00Z,22.0,150.4,NaN
2022239N22150,2022,HINNAMNOR,2022-08-27T06:00:00Z,22.4,150.7,NaN
2022239N22150,2022,HINNAMNOR,2022-08-27T09:00:00Z,22.8,150.9,NaN
2022239N22150,2022,HINNAMNOR,2022-08-27T12:00:00Z,23.1,151.0,NaN
2022239N22150,2022,HINNAMNOR,2022-08-27T15:00:00Z,23.4,151.0,NaN
2022239N22150,2022,HINNAMNOR,2022-08-27T18:00:00Z,23.7,150.8,NaN
2022239N22150,2022,HINNAMNOR,2022-08-27T21:00:00Z,24.4,150.6,NaN
2022239N22150,2022,HINNAMNOR,2022-08-28T00:00:00Z,25.0,150.3,NaN
2022239N22150,2022,HINNAMNOR,2022-08-28T03:00:00Z,25.5,149.8,NaN
2022239N22150,2022,HINNAMNOR,2022-08-28T06:00:00Z,25.9,149.4,35
2022239N22150,2022,HINNAMNOR,2022-08-28T09:00:00Z,26.4,148.9,NaN
2022239N22150,2022,HINNAMNOR,2022-08-28T12:00:00Z,26.7,148.4,40
2022239N22150,2022,HINNAMNOR,2022-08-28T15:00:00Z,27.0,147.7,NaN
2022239N22150,2022,HINNAMNOR,2022-08-28T18:00:00Z,27.2,146.9,55
2022239N22150,2022,HINNAMNOR,2022-08-28T21:00:00Z,27.3,146.1,NaN
2022239N22150,2022,HINNAMNOR,2022-08-29T00:00:00Z,27.3,145.3,70
2022239N22150,2022,HINNAMNOR,2022-08-29T03:00:00Z,27.4,144.3,70
2022239N22150,2022,HINNAMNOR,2022-08-29T06:00:00Z,27.4,143.2,75
2022239N22150,2022,HINNAMNOR,2022-08-29T09:00:00Z,27.4,142.2,80
2022239N22150,2022,HINNAMNOR,2022-08-29T12:00:00Z,27.3,141.2,85
2022239N22150,2022,HINNAMNOR,2022-08-29T15:00:00Z,27.2,140.2,85
2022239N22150,2022,HINNAMNOR,2022-08-29T18:00:00Z,27.1,139.2,90
2022239N22150,2022,HINNAMNOR,2022-08-29T21:00:00Z,26.9,138.2,NaN
2022239N22150,2022,HINNAMNOR,2022-08-30T00:00:00Z,26.8,137.3,95
2022239N22150,2022,HINNAMNOR,2022-08-30T03:00:00Z,26.8,136.4,NaN
2022239N22150,2022,HINNAMNOR,2022-08-30T06:00:00Z,26.8,135.4,100
2022239N22150,2022,HINNAMNOR,2022-08-30T09:00:00Z,26.7,134.5,NaN
2022239N22150,2022,HINNAMNOR,2022-08-30T12:00:00Z,26.6,133.6,105
2022239N22150,2022,HINNAMNOR,2022-08-30T15:00:00Z,26.5,132.7,105
2022239N22150,2022,HINNAMNOR,2022-08-30T18:00:00Z,26.3,131.9,105
2022239N22150,2022,HINNAMNOR,2022-08-30T21:00:00Z,26.1,131.1,105
2022239N22150,2022,HINNAMNOR,2022-08-31T00:00:00Z,25.9,130.3,100
2022239N22150,2022,HINNAMNOR,2022-08-31T03:00:00Z,25.7,129.6,100
2022239N22150,2022,HINNAMNOR,2022-08-31T06:00:00Z,25.4,129.0,100
2022239N22150,2022,HINNAMNOR,2022-08-31T09:00:00Z,25.1,128.4,100
2022239N22150,2022,HINNAMNOR,2022-08-31T12:00:00Z,24.7,127.7,100
2022239N22150,2022,HINNAMNOR,2022-08-31T15:00:00Z,24.2,127.0,NaN
2022239N22150,2022,HINNAMNOR,2022-08-31T18:00:00Z,23.7,126.4,100
2022239N22150,2022,HINNAMNOR,2022-08-31T21:00:00Z,23.1,126.0,NaN
2022239N22150,2022,HINNAMNOR,2022-09-01T00:00:00Z,22.5,125.7,100
2022239N22150,2022,HINNAMNOR,2022-09-01T03:00:00Z,22.1,125.6,NaN
2022239N22150,2022,HINNAMNOR,2022-09-01T06:00:00Z,21.8,125.5,100
2022239N22150,2022,HINNAMNOR,2022-09-01T09:00:00Z,21.5,125.5,NaN
2022239N22150,2022,HINNAMNOR,2022-09-01T12:00:00Z,21.3,125.5,100
2022239N22150,2022,HINNAMNOR,2022-09-01T15:00:00Z,21.3,125.5,NaN
2022239N22150,2022,HINNAMNOR,2022-09-01T18:00:00Z,21.3,125.5,90
2022239N22150,2022,HINNAMNOR,2022-09-01T21:00:00Z,21.4,125.5,NaN
2022239N22150,2022,HINNAMNOR,2022-09-02T00:00:00Z,21.5,125.4,80
2022239N22150,2022,HINNAMNOR,2022-09-02T03:00:00Z,21.7,125.2,NaN
2022239N22150,2022,HINNAMNOR,2022-09-02T06:00:00Z,21.9,125.0,75
2022239N22150,2022,HINNAMNOR,2022-09-02T09:00:00Z,22.0,124.8,NaN
2022239N22150,2022,HINNAMNOR,2022-09-02T12:00:00Z,22.2,124.7,75
2022239N22150,2022,HINNAMNOR,2022-09-02T15:00:00Z,22.3,124.7,NaN
2022239N22150,2022,HINNAMNOR,2022-09-02T18:00:00Z,22.5,124.7,75
2022239N22150,2022,HINNAMNOR,2022-09-02T21:00:00Z,22.7,124.7,75
2022239N22150,2022,HINNAMNOR,2022-09-03T00:00:00Z,23.0,124.7,75
2022239N22150,2022,HINNAMNOR,2022-09-03T03:00:00Z,23.3,124.7,75
2022239N22150,2022,HINNAMNOR,2022-09-03T06:00:00Z,23.7,124.7,75
2022239N22150,2022,HINNAMNOR,2022-09-03T09:00:00Z,24.0,124.8,75
2022239N22150,2022,HINNAMNOR,2022-09-03T12:00:00Z,24.3,124.8,80
2022239N22150,2022,HINNAMNOR,2022-09-03T15:00:00Z,24.7,124.7,80
2022239N22150,2022,HINNAMNOR,2022-09-03T18:00:00Z,25.1,124.6,80
2022239N22150,2022,HINNAMNOR,2022-09-03T21:00:00Z,25.5,124.6,80
2022239N22150,2022,HINNAMNOR,2022-09-04T00:00:00Z,26.0,124.6,85
2022239N22150,2022,HINNAMNOR,2022-09-04T03:00:00Z,26.5,124.6,85
2022239N22150,2022,HINNAMNOR,2022-09-04T06:00:00Z,27.0,124.7,90
2022239N22150,2022,HINNAMNOR,2022-09-04T09:00:00Z,27.4,124.6,90
2022239N22150,2022,HINNAMNOR,2022-09-04T12:00:00Z,27.7,124.6,90
2022239N22150,2022,HINNAMNOR,2022-09-04T15:00:00Z,28.1,124.6,NaN
2022239N22150,2022,HINNAMNOR,2022-09-04T18:00:00Z,28.6,124.7,90
2022239N22150,2022,HINNAMNOR,2022-09-04T21:00:00Z,29.2,124.8,NaN
2022239N22150,2022,HINNAMNOR,2022-09-05T00:00:00Z,29.8,124.9,85
2022239N22150,2022,HINNAMNOR,2022-09-05T03:00:00Z,30.3,125.1,85
2022239N22150,2022,HINNAMNOR,2022-09-05T06:00:00Z,31.0,125.6,80
2022239N22150,2022,HINNAMNOR,2022-09-05T09:00:00Z,31.7,126.0,80
2022239N22150,2022,HINNAMNOR,2022-09-05T12:00:00Z,32.4,126.6,75
2022239N22150,2022,HINNAMNOR,2022-09-05T15:00:00Z,33.3,127.3,75
2022239N22150,2022,HINNAMNOR,2022-09-05T18:00:00Z,34.2,128.1,70
2022239N22150,2022,HINNAMNOR,2022-09-05T21:00:00Z,35.2,129.2,70
2022239N22150,2022,HINNAMNOR,2022-09-06T00:00:00Z,36.4,130.5,65
2022239N22150,2022,HINNAMNOR,2022-09-06T03:00:00Z,37.9,131.9,65
2022239N22150,2022,HINNAMNOR,2022-09-06T06:00:00Z,39.8,133.6,60
2022239N22150,2022,HINNAMNOR,2022-09-06T09:00:00Z,42.0,135.5,NaN
2022239N22150,2022,HINNAMNOR,2022-09-06T12:00:00Z,44.1,137.1,NaN
2022239N22150,2022,HINNAMNOR,2022-09-06T15:00:00Z,45.8,138.3,NaN
2022239N22150,2022,HINNAMNOR,2022-09-06T18:00:00Z,47.8,139.0,NaN
2022239N22150,2022,HINNAMNOR,2022-09-06T21:00:00Z,50.3,138.9,NaN
2022239N22150,2022,HINNAMNOR,2022-09-07T00:00:00Z,52.6,138.5,NaN
2022239N22150,2022,HINNAMNOR,2022-09-07T03:00:00Z,53.9,138.7,NaN
2022239N22150,2022,HINNAMNOR,2022-09-07T06:00:00Z,54.7,139.1,NaN
2022239N22150,2022,HINNAMNOR,2022-09-07T09:00:00Z,55.3,139.0,NaN
2022239N22150,2022,HINNAMNOR,2022-09-07T12:00:00Z,55.8,139.1,NaN
2022239N22150,2022,HINNAMNOR,2022-09-07T15:00:00Z,56.3,139.8,NaN
2022239N22150,2022,HINNAMNOR,2022-09-07T18:00:00Z,56.8,140.8,NaN
2022239N22150,2022,HINNAMNOR,2022-09-07T21:00:00Z,57.4,141.8,NaN
2022239N22150,2022,HINNAMNOR,2022-09-08T00:00:00Z,58.0,142.9,NaN
2022239N22150,2022,HINNAMNOR,2022-09-08T03:00:00Z,58.3,144.0,NaN
2022239N22150,2022,HINNAMNOR,2022-09-08T06:00:00Z,58.4,145.0,NaN
2022239N22150,2022,HINNAMNOR,2022-09-08T09:00:00Z,58.6,146.0,NaN
2022239N22150,2022,HINNAMNOR,2022-09-08T12:00:00Z,58.9,147.1,NaN
2022239N22150,2022,HINNAMNOR,2022-09-08T15:00:00Z,59.3,148.3,NaN
2022239N22150,2022,HINNAMNOR,2022-09-08T18:00:00Z,59.8,149.4,NaN
2022239N22150,2022,HINNAMNOR,2022-09-08T21:00:00Z,60.7,149.7,NaN
2022239N22150,2022,HINNAMNOR,2022-09-09T00:00:00Z,61.7,149.9,NaN
2022242N20133,2022,UNNAMED,2022-08-29T12:00:00Z,20.3,133.0,NaN
2022242N20133,2022,UNNAMED,2022-08-29T15:00:00Z,20.2,133.1,NaN
2022242N20133,2022,UNNAMED,2022-08-29T18:00:00Z,20.1,133.3,NaN
2022242N20133,2022,UNNAMED,2022-08-29T21:00:00Z,19.9,133.4,NaN
2022242N20133,2022,UNNAMED,2022-08-30T00:00:00Z,19.8,133.6,NaN
2022242N20133,2022,UNNAMED,2022-08-30T03:00:00Z,19.8,133.5,NaN
2022242N20133,2022,UNNAMED,2022-08-30T06:00:00Z,19.8,133.3,NaN
2022242N20133,2022,UNNAMED,2022-08-30T09:00:00Z,19.8,133.2,NaN
2022242N20133,2022,UNNAMED,2022-08-30T12:00:00Z,19.8,133.0,NaN
2022242N20133,2022,UNNAMED,2022-08-30T15:00:00Z,19.8,132.7,NaN
2022242N20133,2022,UNNAMED,2022-08-30T18:00:00Z,19.9,132.4,NaN
2022242N20133,2022,UNNAMED,2022-08-30T21:00:00Z,20.0,132.3,NaN
2022242N20133,2022,UNNAMED,2022-08-31T00:00:00Z,20.3,132.4,NaN
2022242N20133,2022,UNNAMED,2022-08-31T03:00:00Z,20.6,132.3,NaN
2022242N20133,2022,UNNAMED,2022-08-31T06:00:00Z,21.0,132.2,NaN
2022242N20133,2022,UNNAMED,2022-08-31T09:00:00Z,21.5,132.0,NaN
2022242N20133,2022,UNNAMED,2022-08-31T12:00:00Z,22.2,131.8,NaN
2022242N20133,2022,UNNAMED,2022-08-31T15:00:00Z,22.9,131.3,NaN
2022242N20133,2022,UNNAMED,2022-08-31T18:00:00Z,23.5,130.6,NaN
2022247N26147,2022,MUIFA,2022-09-03T18:00:00Z,25.6,146.6,NaN
2022247N26147,2022,MUIFA,2022-09-03T21:00:00Z,25.8,146.3,NaN
2022247N26147,2022,MUIFA,2022-09-04T00:00:00Z,25.8,146.0,NaN
2022247N26147,2022,MUIFA,2022-09-04T03:00:00Z,25.7,145.7,NaN
2022247N26147,2022,MUIFA,2022-09-04T06:00:00Z,25.5,145.4,NaN
2022247N26147,2022,MUIFA,2022-09-04T09:00:00Z,25.4,145.0,NaN
2022247N26147,2022,MUIFA,2022-09-04T12:00:00Z,25.3,144.6,NaN
2022247N26147,2022,MUIFA,2022-09-04T15:00:00Z,25.1,144.1,NaN
2022247N26147,2022,MUIFA,2022-09-04T18:00:00Z,24.9,143.5,NaN
2022247N26147,2022,MUIFA,2022-09-04T21:00:00Z,24.7,142.8,NaN
2022247N26147,2022,MUIFA,2022-09-05T00:00:00Z,24.5,142.0,NaN
2022247N26147,2022,MUIFA,2022-09-05T03:00:00Z,24.4,141.1,NaN
2022247N26147,2022,MUIFA,2022-09-05T06:00:00Z,24.3,140.4,NaN
2022247N26147,2022,MUIFA,2022-09-05T09:00:00Z,24.2,139.8,NaN
2022247N26147,2022,MUIFA,2022-09-05T12:00:00Z,24.1,139.3,NaN
2022247N26147,2022,MUIFA,2022-09-05T15:00:00Z,23.9,138.6,NaN
2022247N26147,2022,MUIFA,2022-09-05T18:00:00Z,23.7,137.9,NaN
2022247N26147,2022,MUIFA,2022-09-05T21:00:00Z,23.2,137.6,NaN
2022247N26147,2022,MUIFA,2022-09-06T00:00:00Z,22.6,137.4,NaN
2022247N26147,2022,MUIFA,2022-09-06T03:00:00Z,22.1,137.1,NaN
2022247N26147,2022,MUIFA,2022-09-06T06:00:00Z,21.5,136.8,NaN
2022247N26147,2022,MUIFA,2022-09-06T09:00:00Z,20.5,136.7,NaN
2022247N26147,2022,MUIFA,2022-09-06T12:00:00Z,19.6,136.5,NaN
2022247N26147,2022,MUIFA,2022-09-06T15:00:00Z,18.9,136.3,NaN
2022247N26147,2022,MUIFA,2022-09-06T18:00:00Z,18.3,136.2,NaN
2022247N26147,2022,MUIFA,2022-09-06T21:00:00Z,17.7,135.9,NaN
2022247N26147,2022,MUIFA,2022-09-07T00:00:00Z,17.3,135.7,NaN
2022247N26147,2022,MUIFA,2022-09-07T03:00:00Z,17.1,135.5,NaN
2022247N26147,2022,MUIFA,2022-09-07T06:00:00Z,17.1,135.3,NaN
2022247N26147,2022,MUIFA,2022-09-07T09:00:00Z,17.0,135.0,NaN
2022247N26147,2022,MUIFA,2022-09-07T12:00:00Z,17.0,134.6,NaN
2022247N26147,2022,MUIFA,2022-09-07T15:00:00Z,16.9,134.2,NaN
2022247N26147,2022,MUIFA,2022-09-07T18:00:00Z,16.9,133.7,35
2022247N26147,2022,MUIFA,2022-09-07T21:00:00Z,17.0,133.2,NaN
2022247N26147,2022,MUIFA,2022-09-08T00:00:00Z,17.0,132.8,40
2022247N26147,2022,MUIFA,2022-09-08T03:00:00Z,17.1,132.3,NaN
2022247N26147,2022,MUIFA,2022-09-08T06:00:00Z,17.1,131.8,40
2022247N26147,2022,MUIFA,2022-09-08T09:00:00Z,17.2,131.3,NaN
2022247N26147,2022,MUIFA,2022-09-08T12:00:00Z,17.3,130.9,40
2022247N26147,2022,MUIFA,2022-09-08T15:00:00Z,17.3,130.6,NaN
2022247N26147,2022,MUIFA,2022-09-08T18:00:00Z,17.5,130.2,45
2022247N26147,2022,MUIFA,2022-09-08T21:00:00Z,17.8,129.8,NaN
2022247N26147,2022,MUIFA,2022-09-09T00:00:00Z,18.2,129.3,45
2022247N26147,2022,MUIFA,2022-09-09T03:00:00Z,18.6,128.9,NaN
2022247N26147,2022,MUIFA,2022-09-09T06:00:00Z,19.0,128.5,50
2022247N26147,2022,MUIFA,2022-09-09T09:00:00Z,19.3,128.1,NaN
2022247N26147,2022,MUIFA,2022-09-09T12:00:00Z,19.5,127.8,55
2022247N26147,2022,MUIFA,2022-09-09T15:00:00Z,19.7,127.4,NaN
2022247N26147,2022,MUIFA,2022-09-09T18:00:00Z,20.0,127.0,60
2022247N26147,2022,MUIFA,2022-09-09T21:00:00Z,20.3,126.6,NaN
2022247N26147,2022,MUIFA,2022-09-10T00:00:00Z,20.6,126.2,70
2022247N26147,2022,MUIFA,2022-09-10T03:00:00Z,20.9,126.0,NaN
2022247N26147,2022,MUIFA,2022-09-10T06:00:00Z,21.2,125.8,70
2022247N26147,2022,MUIFA,2022-09-10T09:00:00Z,21.4,125.7,NaN
2022247N26147,2022,MUIFA,2022-09-10T12:00:00Z,21.7,125.5,75
2022247N26147,2022,MUIFA,2022-09-10T15:00:00Z,22.0,125.2,NaN
2022247N26147,2022,MUIFA,2022-09-10T18:00:00Z,22.2,124.9,80
2022247N26147,2022,MUIFA,2022-09-10T21:00:00Z,22.4,124.6,NaN
2022247N26147,2022,MUIFA,2022-09-11T00:00:00Z,22.6,124.5,85
2022247N26147,2022,MUIFA,2022-09-11T03:00:00Z,22.7,124.4,85
2022247N26147,2022,MUIFA,2022-09-11T06:00:00Z,22.9,124.4,85
2022247N26147,2022,MUIFA,2022-09-11T09:00:00Z,23.1,124.3,85
2022247N26147,2022,MUIFA,2022-09-11T12:00:00Z,23.3,124.3,80
2022247N26147,2022,MUIFA,2022-09-11T15:00:00Z,23.5,124.3,80
2022247N26147,2022,MUIFA,2022-09-11T18:00:00Z,23.7,124.2,75
2022247N26147,2022,MUIFA,2022-09-11T21:00:00Z,23.8,124.2,75
2022247N26147,2022,MUIFA,2022-09-12T00:00:00Z,24.0,124.2,75
2022247N26147,2022,MUIFA,2022-09-12T03:00:00Z,24.4,124.1,75
2022247N26147,2022,MUIFA,2022-09-12T06:00:00Z,24.7,124.0,75
2022247N26147,2022,MUIFA,2022-09-12T09:00:00Z,24.8,124.0,75
2022247N26147,2022,MUIFA,2022-09-12T12:00:00Z,24.9,124.0,75
2022247N26147,2022,MUIFA,2022-09-12T15:00:00Z,25.0,124.0,75
2022247N26147,2022,MUIFA,2022-09-12T18:00:00Z,25.2,124.1,75
2022247N26147,2022,MUIFA,2022-09-12T21:00:00Z,25.5,124.2,75
2022247N26147,2022,MUIFA,2022-09-13T00:00:00Z,25.7,124.2,80
2022247N26147,2022,MUIFA,2022-09-13T03:00:00Z,25.9,124.1,80
2022247N26147,2022,MUIFA,2022-09-13T06:00:00Z,26.1,124.0,80
2022247N26147,2022,MUIFA,2022-09-13T09:00:00Z,26.4,124.0,NaN
2022247N26147,2022,MUIFA,2022-09-13T12:00:00Z,26.7,123.9,80
2022247N26147,2022,MUIFA,2022-09-13T15:00:00Z,26.9,123.7,NaN
2022247N26147,2022,MUIFA,2022-09-13T18:00:00Z,27.2,123.5,80
2022247N26147,2022,MUIFA,2022-09-13T21:00:00Z,27.6,123.4,NaN
2022247N26147,2022,MUIFA,2022-09-14T00:00:00Z,28.0,123.2,80
2022247N26147,2022,MUIFA,2022-09-14T03:00:00Z,28.4,123.0,NaN
2022247N26147,2022,MUIFA,2022-09-14T06:00:00Z,28.8,122.8,80
2022247N26147,2022,MUIFA,2022-09-14T09:00:00Z,29.3,122.5,NaN
2022247N26147,2022,MUIFA,2022-09-14T12:00:00Z,29.9,122.3,75
2022247N26147,2022,MUIFA,2022-09-14T15:00:00Z,30.5,122.0,NaN
2022247N26147,2022,MUIFA,2022-09-14T18:00:00Z,31.2,121.7,65
2022247N26147,2022,MUIFA,2022-09-14T21:00:00Z,31.9,121.3,NaN
2022247N26147,2022,MUIFA,2022-09-15T00:00:00Z,32.7,120.9,50
2022247N26147,2022,MUIFA,2022-09-15T03:00:00Z,33.4,120.6,NaN
2022247N26147,2022,MUIFA,2022-09-15T06:00:00Z,34.0,120.5,45
2022247N26147,2022,MUIFA,2022-09-15T09:00:00Z,34.7,120.4,NaN
2022247N26147,2022,MUIFA,2022-09-15T12:00:00Z,35.2,120.3,40
2022247N26147,2022,MUIFA,2022-09-15T15:00:00Z,35.8,120.4,NaN
2022247N26147,2022,MUIFA,2022-09-15T18:00:00Z,36.4,120.6,40
2022247N26147,2022,MUIFA,2022-09-15T21:00:00Z,37.1,120.9,NaN
2022247N26147,2022,MUIFA,2022-09-16T00:00:00Z,37.8,121.3,NaN
2022247N26147,2022,MUIFA,2022-09-16T03:00:00Z,38.5,121.9,NaN
2022247N26147,2022,MUIFA,2022-09-16T06:00:00Z,39.2,122.6,NaN
2022247N26147,2022,MUIFA,2022-09-16T09:00:00Z,40.3,123.6,NaN
2022247N26147,2022,MUIFA,2022-09-16T12:00:00Z,41.4,124.6,NaN
2022247N26147,2022,MUIFA,2022-09-16T15:00:00Z,42.3,125.9,NaN
2022247N26147,2022,MUIFA,2022-09-16T18:00:00Z,42.9,127.0,NaN
2022247N26147,2022,MUIFA,2022-09-16T21:00:00Z,43.4,128.1,NaN
2022247N26147,2022,MUIFA,2022-09-17T00:00:00Z,43.6,129.0,NaN
2022254N21158,2022,MERBOK,2022-09-10T12:00:00Z,20.8,158.1,NaN
2022254N21158,2022,MERBOK,2022-09-10T15:00:00Z,20.8,158.3,NaN
2022254N21158,2022,MERBOK,2022-09-10T18:00:00Z,20.8,158.5,NaN
2022254N21158,2022,MERBOK,2022-09-10T21:00:00Z,20.7,158.8,NaN
2022254N21158,2022,MERBOK,2022-09-11T00:00:00Z,20.8,159.2,NaN
2022254N21158,2022,MERBOK,2022-09-11T03:00:00Z,20.8,159.5,NaN
2022254N21158,2022,MERBOK,2022-09-11T06:00:00Z,20.9,159.7,NaN
2022254N21158,2022,MERBOK,2022-09-11T09:00:00Z,20.9,160.1,NaN
2022254N21158,2022,MERBOK,2022-09-11T12:00:00Z,20.9,160.4,35
2022254N21158,2022,MERBOK,2022-09-11T15:00:00Z,21.0,160.7,NaN
2022254N21158,2022,MERBOK,2022-09-11T18:00:00Z,21.1,161.0,40
2022254N21158,2022,MERBOK,2022-09-11T21:00:00Z,21.1,161.2,NaN
2022254N21158,2022,MERBOK,2022-09-12T00:00:00Z,21.2,161.4,45
2022254N21158,2022,MERBOK,2022-09-12T03:00:00Z,21.5,161.7,NaN
2022254N21158,2022,MERBOK,2022-09-12T06:00:00Z,21.8,162.0,50
2022254N21158,2022,MERBOK,2022-09-12T09:00:00Z,22.2,162.3,NaN
2022254N21158,2022,MERBOK,2022-09-12T12:00:00Z,22.7,162.7,50
2022254N21158,2022,MERBOK,2022-09-12T15:00:00Z,23.0,163.0,NaN
2022254N21158,2022,MERBOK,2022-09-12T18:00:00Z,23.2,163.2,55
2022254N21158,2022,MERBOK,2022-09-12T21:00:00Z,23.6,163.3,NaN
2022254N21158,2022,MERBOK,2022-09-13T00:00:00Z,23.9,163.3,55
2022254N21158,2022,MERBOK,2022-09-13T03:00:00Z,24.3,163.2,NaN
2022254N21158,2022,MERBOK,2022-09-13T06:00:00Z,24.8,163.2,55
2022254N21158,2022,MERBOK,2022-09-13T09:00:00Z,25.4,163.1,NaN
2022254N21158,2022,MERBOK,2022-09-13T12:00:00Z,25.9,163.0,60
2022254N21158,2022,MERBOK,2022-09-13T15:00:00Z,26.3,162.6,NaN
2022254N21158,2022,MERBOK,2022-09-13T18:00:00Z,26.8,162.3,65
2022254N21158,2022,MERBOK,2022-09-13T21:00:00Z,27.4,162.1,NaN
2022254N21158,2022,MERBOK,2022-09-14T00:00:00Z,28.3,162.1,65
2022254N21158,2022,MERBOK,2022-09-14T03:00:00Z,29.1,162.1,NaN
2022254N21158,2022,MERBOK,2022-09-14T06:00:00Z,30.0,162.0,70
2022254N21158,2022,MERBOK,2022-09-14T09:00:00Z,31.0,161.9,NaN
2022254N21158,2022,MERBOK,2022-09-14T12:00:00Z,32.0,161.9,70
2022254N21158,2022,MERBOK,2022-09-14T15:00:00Z,32.8,161.9,NaN
2022254N21158,2022,MERBOK,2022-09-14T18:00:00Z,33.8,162.3,70
2022254N21158,2022,MERBOK,2022-09-14T21:00:00Z,35.0,163.1,NaN
2022254N21158,2022,MERBOK,2022-09-15T00:00:00Z,36.6,164.3,65
2022254N21158,2022,MERBOK,2022-09-15T03:00:00Z,38.9,165.6,NaN
2022254N21158,2022,MERBOK,2022-09-15T06:00:00Z,41.4,166.8,NaN
2022254N21158,2022,MERBOK,2022-09-15T09:00:00Z,43.4,167.4,NaN
2022254N21158,2022,MERBOK,2022-09-15T12:00:00Z,45.3,167.8,NaN
2022254N21158,2022,MERBOK,2022-09-15T15:00:00Z,47.0,168.8,NaN
2022254N21158,2022,MERBOK,2022-09-15T18:00:00Z,48.6,170.0,NaN
2022254N21158,2022,MERBOK,2022-09-15T21:00:00Z,50.1,171.4,NaN
2022254N21158,2022,MERBOK,2022-09-16T00:00:00Z,51.5,172.7,NaN
2022254N21158,2022,MERBOK,2022-09-16T03:00:00Z,53.2,174.1,NaN
2022254N21158,2022,MERBOK,2022-09-16T06:00:00Z,54.8,175.4,NaN
2022254N21158,2022,MERBOK,2022-09-16T09:00:00Z,55.7,176.3,NaN
2022254N21158,2022,MERBOK,2022-09-16T12:00:00Z,56.6,177.3,NaN
2022254N21158,2022,MERBOK,2022-09-16T15:00:00Z,57.8,178.8,NaN
2022254N24143,2022,NANMADOL,2022-09-11T06:00:00Z,23.7,142.7,NaN
2022254N24143,2022,NANMADOL,2022-09-11T09:00:00Z,23.6,141.8,NaN
2022254N24143,2022,NANMADOL,2022-09-11T12:00:00Z,23.5,141.0,NaN
2022254N24143,2022,NANMADOL,2022-09-11T15:00:00Z,23.5,140.3,NaN
2022254N24143,2022,NANMADOL,2022-09-11T18:00:00Z,23.4,139.8,NaN
2022254N24143,2022,NANMADOL,2022-09-11T21:00:00Z,22.8,139.3,NaN
2022254N24143,2022,NANMADOL,2022-09-12T00:00:00Z,22.1,138.9,NaN
2022254N24143,2022,NANMADOL,2022-09-12T03:00:00Z,21.9,138.5,NaN
2022254N24143,2022,NANMADOL,2022-09-12T06:00:00Z,21.8,138.2,NaN
2022254N24143,2022,NANMADOL,2022-09-12T09:00:00Z,21.7,138.0,NaN
2022254N24143,2022,NANMADOL,2022-09-12T12:00:00Z,21.7,138.1,NaN
2022254N24143,2022,NANMADOL,2022-09-12T15:00:00Z,21.8,138.2,NaN
2022254N24143,2022,NANMADOL,2022-09-12T18:00:00Z,22.0,138.2,NaN
2022254N24143,2022,NANMADOL,2022-09-12T21:00:00Z,22.0,138.3,NaN
2022254N24143,2022,NANMADOL,2022-09-13T00:00:00Z,21.9,138.5,NaN
2022254N24143,2022,NANMADOL,2022-09-13T03:00:00Z,21.9,138.7,NaN
2022254N24143,2022,NANMADOL,2022-09-13T06:00:00Z,22.0,139.0,NaN
2022254N24143,2022,NANMADOL,2022-09-13T09:00:00Z,22.1,139.3,NaN
2022254N24143,2022,NANMADOL,2022-09-13T12:00:00Z,22.2,139.6,NaN
2022254N24143,2022,NANMADOL,2022-09-13T15:00:00Z,22.3,139.9,NaN
2022254N24143,2022,NANMADOL,2022-09-13T18:00:00Z,22.4,140.1,35
2022254N24143,2022,NANMADOL,2022-09-13T21:00:00Z,22.4,140.4,NaN
2022254N24143,2022,NANMADOL,2022-09-14T00:00:00Z,22.5,140.6,35
2022254N24143,2022,NANMADOL,2022-09-14T03:00:00Z,22.7,140.7,NaN
2022254N24143,2022,NANMADOL,2022-09-14T06:00:00Z,22.8,140.7,35
2022254N24143,2022,NANMADOL,2022-09-14T09:00:00Z,22.9,140.5,NaN
2022254N24143,2022,NANMADOL,2022-09-14T12:00:00Z,22.9,140.3,40
2022254N24143,2022,NANMADOL,2022-09-14T15:00:00Z,23.0,140.0,NaN
2022254N24143,2022,NANMADOL,2022-09-14T18:00:00Z,23.1,139.7,45
2022254N24143,2022,NANMADOL,2022-09-14T21:00:00Z,23.1,139.3,NaN
2022254N24143,2022,NANMADOL,2022-09-15T00:00:00Z,23.2,138.9,50
2022254N24143,2022,NANMADOL,2022-09-15T03:00:00Z,23.3,138.4,NaN
2022254N24143,2022,NANMADOL,2022-09-15T06:00:00Z,23.3,137.9,55
2022254N24143,2022,NANMADOL,2022-09-15T09:00:00Z,23.4,137.6,NaN
2022254N24143,2022,NANMADOL,2022-09-15T12:00:00Z,23.4,137.3,65
2022254N24143,2022,NANMADOL,2022-09-15T15:00:00Z,23.4,136.8,NaN
2022254N24143,2022,NANMADOL,2022-09-15T18:00:00Z,23.4,136.4,75
2022254N24143,2022,NANMADOL,2022-09-15T21:00:00Z,23.5,136.1,NaN
2022254N24143,2022,NANMADOL,2022-09-16T00:00:00Z,23.7,135.9,85
2022254N24143,2022,NANMADOL,2022-09-16T03:00:00Z,23.9,135.7,NaN
2022254N24143,2022,NANMADOL,2022-09-16T06:00:00Z,24.2,135.5,90
2022254N24143,2022,NANMADOL,2022-09-16T09:00:00Z,24.5,135.1,NaN
2022254N24143,2022,NANMADOL,2022-09-16T12:00:00Z,24.8,134.7,95
2022254N24143,2022,NANMADOL,2022-09-16T15:00:00Z,25.2,134.2,100
2022254N24143,2022,NANMADOL,2022-09-16T18:00:00Z,25.5,133.8,105
2022254N24143,2022,NANMADOL,2022-09-16T21:00:00Z,25.7,133.4,105
2022254N24143,2022,NANMADOL,2022-09-17T00:00:00Z,26.0,133.1,105
2022254N24143,2022,NANMADOL,2022-09-17T03:00:00Z,26.4,132.8,105
2022254N24143,2022,NANMADOL,2022-09-17T06:00:00Z,26.7,132.5,105
2022254N24143,2022,NANMADOL,2022-09-17T09:00:00Z,27.1,132.3,105
2022254N24143,2022,NANMADOL,2022-09-17T12:00:00Z,27.5,132.0,105
2022254N24143,2022,NANMADOL,2022-09-17T15:00:00Z,28.0,131.7,100
2022254N24143,2022,NANMADOL,2022-09-17T18:00:00Z,28.5,131.4,95
2022254N24143,2022,NANMADOL,2022-09-17T21:00:00Z,29.1,131.3,95
2022254N24143,2022,NANMADOL,2022-09-18T00:00:00Z,29.7,131.0,90
2022254N24143,2022,NANMADOL,2022-09-18T03:00:00Z,30.2,130.7,90
2022254N24143,2022,NANMADOL,2022-09-18T04:00:00Z,30.4,130.7,90
2022254N24143,2022,NANMADOL,2022-09-18T06:00:00Z,30.7,130.7,90
2022254N24143,2022,NANMADOL,2022-09-18T08:00:00Z,31.1,130.6,85
2022254N24143,2022,NANMADOL,2022-09-18T09:00:00Z,31.3,130.6,85
2022254N24143,2022,NANMADOL,2022-09-18T10:00:00Z,31.5,130.6,85
2022254N24143,2022,NANMADOL,2022-09-18T12:00:00Z,31.9,130.5,75
2022254N24143,2022,NANMADOL,2022-09-18T15:00:00Z,32.6,130.4,70
2022254N24143,2022,NANMADOL,2022-09-18T18:00:00Z,33.2,130.4,70
2022254N24143,2022,NANMADOL,2022-09-18T21:00:00Z,33.6,130.6,65
2022254N24143,2022,NANMADOL,2022-09-19T00:00:00Z,34.0,130.9,60
2022254N24143,2022,NANMADOL,2022-09-19T03:00:00Z,34.5,131.5,60
2022254N24143,2022,NANMADOL,2022-09-19T06:00:00Z,35.2,132.3,60
2022254N24143,2022,NANMADOL,2022-09-19T09:00:00Z,35.9,133.2,55
2022254N24143,2022,NANMADOL,2022-09-19T12:00:00Z,36.5,134.4,55
2022254N24143,2022,NANMADOL,2022-09-19T15:00:00Z,37.1,136.1,55
2022254N24143,2022,NANMADOL,2022-09-19T18:00:00Z,37.6,138.1,NaN
2022254N24143,2022,NANMADOL,2022-09-19T21:00:00Z,38.3,140.5,NaN
2022254N24143,2022,NANMADOL,2022-09-20T00:00:00Z,38.9,142.9,NaN
2022254N24143,2022,NANMADOL,2022-09-20T03:00:00Z,38.7,145.3,NaN
2022254N24143,2022,NANMADOL,2022-09-20T06:00:00Z,38.4,147.3,NaN
2022263N18137,2022,TALAS,2022-09-19T18:00:00Z,17.9,137.3,NaN
2022263N18137,2022,TALAS,2022-09-19T21:00:00Z,18.1,137.7,NaN
2022263N18137,2022,TALAS,2022-09-20T00:00:00Z,18.4,138.1,NaN
2022263N18137,2022,TALAS,2022-09-20T03:00:00Z,18.8,138.5,NaN
2022263N18137,2022,TALAS,2022-09-20T06:00:00Z,19.3,139.0,NaN
2022263N18137,2022,TALAS,2022-09-20T09:00:00Z,19.8,139.4,NaN
2022263N18137,2022,TALAS,2022-09-20T12:00:00Z,20.3,139.8,NaN
2022263N18137,2022,TALAS,2022-09-20T15:00:00Z,20.7,140.2,NaN
2022263N18137,2022,TALAS,2022-09-20T18:00:00Z,21.2,140.6,NaN
2022263N18137,2022,TALAS,2022-09-20T21:00:00Z,21.7,140.9,NaN
2022263N18137,2022,TALAS,2022-09-21T00:00:00Z,22.4,141.1,NaN
2022263N18137,2022,TALAS,2022-09-21T03:00:00Z,23.1,141.1,NaN
2022263N18137,2022,TALAS,2022-09-21T06:00:00Z,23.7,140.9,NaN
2022263N18137,2022,TALAS,2022-09-21T09:00:00Z,24.1,140.3,NaN
2022263N18137,2022,TALAS,2022-09-21T12:00:00Z,24.4,139.7,NaN
2022263N18137,2022,TALAS,2022-09-21T15:00:00Z,24.8,139.0,NaN
2022263N18137,2022,TALAS,2022-09-21T18:00:00Z,25.2,138.4,NaN
2022263N18137,2022,TALAS,2022-09-21T21:00:00Z,25.6,137.9,NaN
2022263N18137,2022,TALAS,2022-09-22T00:00:00Z,26.0,137.4,35
2022263N18137,2022,TALAS,2022-09-22T03:00:00Z,26.4,136.9,NaN
2022263N18137,2022,TALAS,2022-09-22T06:00:00Z,26.9,136.5,35
2022263N18137,2022,TALAS,2022-09-22T09:00:00Z,27.4,136.0,NaN
2022263N18137,2022,TALAS,2022-09-22T12:00:00Z,28.1,135.6,35
2022263N18137,2022,TALAS,2022-09-22T15:00:00Z,28.7,135.2,NaN
2022263N18137,2022,TALAS,2022-09-22T18:00:00Z,29.5,135.0,35
2022263N18137,2022,TALAS,2022-09-22T21:00:00Z,30.1,134.8,NaN
2022263N18137,2022,TALAS,2022-09-23T00:00:00Z,30.8,134.8,35
2022263N18137,2022,TALAS,2022-09-23T03:00:00Z,31.4,135.0,NaN
2022263N18137,2022,TALAS,2022-09-23T06:00:00Z,32.0,135.4,35
2022263N18137,2022,TALAS,2022-09-23T09:00:00Z,32.4,136.0,NaN
2022263N18137,2022,TALAS,2022-09-23T12:00:00Z,32.7,136.5,NaN
2022263N18137,2022,TALAS,2022-09-23T15:00:00Z,33.0,137.0,NaN
2022263N18137,2022,TALAS,2022-09-23T18:00:00Z,33.3,137.4,NaN
2022263N18137,2022,TALAS,2022-09-23T21:00:00Z,33.6,137.8,NaN
2022263N18137,2022,TALAS,2022-09-24T00:00:00Z,33.8,138.2,NaN
2022263N18137,2022,TALAS,2022-09-24T03:00:00Z,34.1,138.7,NaN
2022263N18137,2022,TALAS,2022-09-24T06:00:00Z,34.4,139.2,NaN
2022263N18137,2022,TALAS,2022-09-24T09:00:00Z,34.4,139.6,NaN
2022263N18137,2022,TALAS,2022-09-24T12:00:00Z,34.5,140.0,NaN
2022263N18137,2022,TALAS,2022-09-24T15:00:00Z,34.5,140.7,NaN
2022263N18137,2022,TALAS,2022-09-24T18:00:00Z,34.6,141.4,NaN
2022263N18137,2022,TALAS,2022-09-24T21:00:00Z,34.7,141.8,NaN
2022263N18137,2022,TALAS,2022-09-25T00:00:00Z,34.9,142.2,NaN
2022263N18137,2022,TALAS,2022-09-25T03:00:00Z,35.1,142.5,NaN
2022263N18137,2022,TALAS,2022-09-25T06:00:00Z,35.3,142.8,NaN
2022263N18137,2022,TALAS,2022-09-25T09:00:00Z,35.5,143.0,NaN
2022263N18137,2022,TALAS,2022-09-25T12:00:00Z,35.7,143.2,NaN
2022263N18137,2022,TALAS,2022-09-25T15:00:00Z,36.0,143.3,NaN
2022263N18137,2022,TALAS,2022-09-25T18:00:00Z,36.4,143.5,NaN
2022263N18137,2022,TALAS,2022-09-25T21:00:00Z,36.7,143.6,NaN
2022263N18137,2022,TALAS,2022-09-26T00:00:00Z,37.0,143.9,NaN
2022263N18137,2022,TALAS,2022-09-26T03:00:00Z,37.4,144.2,NaN
2022263N18137,2022,TALAS,2022-09-26T06:00:00Z,37.7,144.6,NaN
2022263N18137,2022,TALAS,2022-09-26T09:00:00Z,37.9,145.0,NaN
2022263N18137,2022,TALAS,2022-09-26T12:00:00Z,38.1,145.4,NaN
2022263N18137,2022,TALAS,2022-09-26T15:00:00Z,38.2,145.7,NaN
2022263N18137,2022,TALAS,2022-09-26T18:00:00Z,38.3,146.1,NaN
2022263N18137,2022,TALAS,2022-09-26T21:00:00Z,38.6,146.9,NaN
2022263N18137,2022,TALAS,2022-09-27T00:00:00Z,38.9,147.8,NaN
2022263N18137,2022,TALAS,2022-09-27T03:00:00Z,39.0,148.1,NaN
2022263N18137,2022,TALAS,2022-09-27T06:00:00Z,39.1,148.1,NaN
2022263N18137,2022,TALAS,2022-09-27T09:00:00Z,39.3,148.1,NaN
2022263N18137,2022,TALAS,2022-09-27T12:00:00Z,39.5,148.1,NaN
2022264N17132,2022,NORU,2022-09-21T00:00:00Z,17.4,132.4,NaN
2022264N17132,2022,NORU,2022-09-21T03:00:00Z,17.4,132.7,NaN
2022264N17132,2022,NORU,2022-09-21T06:00:00Z,17.4,133.0,NaN
2022264N17132,2022,NORU,2022-09-21T09:00:00Z,17.5,133.3,NaN
2022264N17132,2022,NORU,2022-09-21T12:00:00Z,17.5,133.7,NaN
2022264N17132,2022,NORU,2022-09-21T15:00:00Z,17.6,134.0,NaN
2022264N17132,2022,NORU,2022-09-21T18:00:00Z,17.7,134.2,NaN
2022264N17132,2022,NORU,2022-09-21T21:00:00Z,17.7,134.4,NaN
2022264N17132,2022,NORU,2022-09-22T00:00:00Z,17.7,134.5,NaN
2022264N17132,2022,NORU,2022-09-22T03:00:00Z,17.8,134.5,NaN
2022264N17132,2022,NORU,2022-09-22T06:00:00Z,17.9,134.4,NaN
2022264N17132,2022,NORU,2022-09-22T09:00:00Z,18.0,134.3,NaN
2022264N17132,2022,NORU,2022-09-22T12:00:00Z,18.0,134.1,NaN
2022264N17132,2022,NORU,2022-09-22T15:00:00Z,18.0,133.8,NaN
2022264N17132,2022,NORU,2022-09-22T18:00:00Z,18.0,133.4,35
2022264N17132,2022,NORU,2022-09-22T21:00:00Z,17.9,132.9,NaN
2022264N17132,2022,NORU,2022-09-23T00:00:00Z,17.7,132.4,35
2022264N17132,2022,NORU,2022-09-23T03:00:00Z,17.7,131.8,NaN
2022264N17132,2022,NORU,2022-09-23T06:00:00Z,17.6,131.3,40
2022264N17132,2022,NORU,2022-09-23T09:00:00Z,17.6,130.9,NaN
2022264N17132,2022,NORU,2022-09-23T12:00:00Z,17.4,130.5,45
2022264N17132,2022,NORU,2022-09-23T15:00:00Z,17.2,130.0,NaN
2022264N17132,2022,NORU,2022-09-23T18:00:00Z,17.0,129.4,50
2022264N17132,2022,NORU,2022-09-23T21:00:00Z,16.6,128.7,NaN
2022264N17132,2022,NORU,2022-09-24T00:00:00Z,16.3,128.1,60
2022264N17132,2022,NORU,2022-09-24T03:00:00Z,16.0,127.5,NaN
2022264N17132,2022,NORU,2022-09-24T06:00:00Z,15.8,126.9,70
2022264N17132,2022,NORU,2022-09-24T09:00:00Z,15.6,126.5,NaN
2022264N17132,2022,NORU,2022-09-24T12:00:00Z,15.5,126.0,80
2022264N17132,2022,NORU,2022-09-24T15:00:00Z,15.3,125.3,NaN
2022264N17132,2022,NORU,2022-09-24T18:00:00Z,15.2,124.7,90
2022264N17132,2022,NORU,2022-09-24T21:00:00Z,15.1,124.2,NaN
2022264N17132,2022,NORU,2022-09-25T00:00:00Z,15.0,123.6,95
2022264N17132,2022,NORU,2022-09-25T03:00:00Z,15.0,123.0,NaN
2022264N17132,2022,NORU,2022-09-25T06:00:00Z,15.0,122.5,95
2022264N17132,2022,NORU,2022-09-25T09:00:00Z,15.1,122.0,NaN
2022264N17132,2022,NORU,2022-09-25T12:00:00Z,15.2,121.4,85
2022264N17132,2022,NORU,2022-09-25T15:00:00Z,15.3,120.7,NaN
2022264N17132,2022,NORU,2022-09-25T18:00:00Z,15.5,119.9,75
2022264N17132,2022,NORU,2022-09-25T21:00:00Z,15.7,119.1,NaN
2022264N17132,2022,NORU,2022-09-26T00:00:00Z,16.0,118.4,70
2022264N17132,2022,NORU,2022-09-26T03:00:00Z,16.0,117.7,NaN
2022264N17132,2022,NORU,2022-09-26T06:00:00Z,15.9,116.9,65
2022264N17132,2022,NORU,2022-09-26T09:00:00Z,15.9,116.2,NaN
2022264N17132,2022,NORU,2022-09-26T12:00:00Z,15.9,115.5,70
2022264N17132,2022,NORU,2022-09-26T15:00:00Z,15.9,114.5,NaN
2022264N17132,2022,NORU,2022-09-26T18:00:00Z,15.8,113.6,75
2022264N17132,2022,NORU,2022-09-26T21:00:00Z,15.6,112.7,NaN
2022264N17132,2022,NORU,2022-09-27T00:00:00Z,15.5,112.1,85
2022264N17132,2022,NORU,2022-09-27T03:00:00Z,15.5,111.6,NaN
2022264N17132,2022,NORU,2022-09-27T06:00:00Z,15.6,111.2,85
2022264N17132,2022,NORU,2022-09-27T09:00:00Z,15.7,110.6,NaN
2022264N17132,2022,NORU,2022-09-27T12:00:00Z,15.8,110.0,85
2022264N17132,2022,NORU,2022-09-27T15:00:00Z,15.8,109.4,NaN
2022264N17132,2022,NORU,2022-09-27T18:00:00Z,15.8,108.8,75
2022264N17132,2022,NORU,2022-09-27T21:00:00Z,15.8,108.3,NaN
2022264N17132,2022,NORU,2022-09-28T00:00:00Z,15.9,107.8,55
2022264N17132,2022,NORU,2022-09-28T03:00:00Z,15.8,107.1,NaN
2022264N17132,2022,NORU,2022-09-28T06:00:00Z,15.8,106.5,45
2022264N17132,2022,NORU,2022-09-28T09:00:00Z,15.8,105.7,NaN
2022264N17132,2022,NORU,2022-09-28T12:00:00Z,15.8,105.0,NaN
2022264N17132,2022,NORU,2022-09-28T15:00:00Z,15.9,104.9,NaN
2022264N17132,2022,NORU,2022-09-28T18:00:00Z,15.9,104.7,NaN
2022264N17132,2022,NORU,2022-09-28T21:00:00Z,16.0,104.3,NaN
2022264N17132,2022,NORU,2022-09-29T00:00:00Z,16.0,103.9,NaN
2022264N17132,2022,NORU,2022-09-29T03:00:00Z,15.9,103.5,NaN
2022264N17132,2022,NORU,2022-09-29T06:00:00Z,16.0,103.3,NaN
2022268N20147,2022,KULAP,2022-09-25T00:00:00Z,19.9,147.1,NaN
2022268N20147,2022,KULAP,2022-09-25T03:00:00Z,20.4,146.4,NaN
2022268N20147,2022,KULAP,2022-09-25T06:00:00Z,20.6,145.8,NaN
2022268N20147,2022,KULAP,2022-09-25T09:00:00Z,20.8,145.4,NaN
2022268N20147,2022,KULAP,2022-09-25T12:00:00Z,21.0,145.0,NaN
2022268N20147,2022,KULAP,2022-09-25T15:00:00Z,21.5,144.8,NaN
2022268N20147,2022,KULAP,2022-09-25T18:00:00Z,22.0,144.5,NaN
2022268N20147,2022,KULAP,2022-09-25T21:00:00Z,22.5,144.1,NaN
2022268N20147,2022,KULAP,2022-09-26T00:00:00Z,23.0,143.6,35
2022268N20147,2022,KULAP,2022-09-26T03:00:00Z,23.6,143.3,NaN
2022268N20147,2022,KULAP,2022-09-26T06:00:00Z,24.2,143.1,35
2022268N20147,2022,KULAP,2022-09-26T09:00:00Z,25.1,142.7,NaN
2022268N20147,2022,KULAP,2022-09-26T12:00:00Z,25.9,142.4,40
2022268N20147,2022,KULAP,2022-09-26T15:00:00Z,26.4,142.2,NaN
2022268N20147,2022,KULAP,2022-09-26T18:00:00Z,26.9,142.0,50
2022268N20147,2022,KULAP,2022-09-26T21:00:00Z,27.5,141.8,50
2022268N20147,2022,KULAP,2022-09-27T00:00:00Z,27.9,141.6,50
2022268N20147,2022,KULAP,2022-09-27T03:00:00Z,28.4,141.6,NaN
2022268N20147,2022,KULAP,2022-09-27T06:00:00Z,28.9,141.8,50
2022268N20147,2022,KULAP,2022-09-27T09:00:00Z,29.4,142.1,NaN
2022268N20147,2022,KULAP,2022-09-27T12:00:00Z,29.8,142.5,50
2022268N20147,2022,KULAP,2022-09-27T15:00:00Z,30.3,143.2,NaN
2022268N20147,2022,KULAP,2022-09-27T18:00:00Z,30.9,144.0,55
2022268N20147,2022,KULAP,2022-09-27T21:00:00Z,31.5,144.7,NaN
2022268N20147,2022,KULAP,2022-09-28T00:00:00Z,32.1,145.4,60
2022268N20147,2022,KULAP,2022-09-28T03:00:00Z,32.7,146.4,NaN
2022268N20147,2022,KULAP,2022-09-28T06:00:00Z,33.3,147.6,60
2022268N20147,2022,KULAP,2022-09-28T09:00:00Z,34.0,149.0,NaN
2022268N20147,2022,KULAP,2022-09-28T12:00:00Z,34.7,150.4,60
2022268N20147,2022,KULAP,2022-09-28T15:00:00Z,35.6,151.7,NaN
2022268N20147,2022,KULAP,2022-09-28T18:00:00Z,36.5,153.0,60
2022268N20147,2022,KULAP,2022-09-28T21:00:00Z,37.5,154.5,NaN
2022268N20147,2022,KULAP,2022-09-29T00:00:00Z,38.7,156.0,55
2022268N20147,2022,KULAP,2022-09-29T03:00:00Z,40.2,157.6,NaN
2022268N20147,2022,KULAP,2022-09-29T06:00:00Z,41.8,159.3,55
2022268N20147,2022,KULAP,2022-09-29T09:00:00Z,43.0,161.1,NaN
2022268N20147,2022,KULAP,2022-09-29T12:00:00Z,44.4,163.0,NaN
2022268N20147,2022,KULAP,2022-09-29T15:00:00Z,46.2,165.1,NaN
2022268N20147,2022,KULAP,2022-09-29T18:00:00Z,48.4,167.2,NaN
2022268N20147,2022,KULAP,2022-09-29T21:00:00Z,50.5,169.0,NaN
2022268N20147,2022,KULAP,2022-09-30T00:00:00Z,52.4,170.4,NaN
2022268N20147,2022,KULAP,2022-09-30T03:00:00Z,53.8,171.0,NaN
2022268N20147,2022,KULAP,2022-09-30T06:00:00Z,54.8,171.4,NaN
2022268N20147,2022,KULAP,2022-09-30T09:00:00Z,55.3,172.4,NaN
2022268N20147,2022,KULAP,2022-09-30T12:00:00Z,55.7,173.8,NaN
2022268N20147,2022,KULAP,2022-09-30T15:00:00Z,56.1,175.5,NaN
2022268N20147,2022,KULAP,2022-09-30T18:00:00Z,56.5,177.2,NaN
2022268N20147,2022,KULAP,2022-09-30T21:00:00Z,57.0,178.0,NaN
2022268N20147,2022,KULAP,2022-10-01T00:00:00Z,57.5,178.6,NaN
2022268N20147,2022,KULAP,2022-10-01T03:00:00Z,57.6,179.1,NaN
2022268N20147,2022,KULAP,2022-10-01T06:00:00Z,57.7,179.6,NaN
2022270N14136,2022,ROKE,2022-09-26T12:00:00Z,14.0,136.0,NaN
2022270N14136,2022,ROKE,2022-09-26T15:00:00Z,14.5,136.0,NaN
2022270N14136,2022,ROKE,2022-09-26T18:00:00Z,15.1,136.1,NaN
2022270N14136,2022,ROKE,2022-09-26T21:00:00Z,15.7,136.2,NaN
2022270N14136,2022,ROKE,2022-09-27T00:00:00Z,16.3,136.1,NaN
2022270N14136,2022,ROKE,2022-09-27T03:00:00Z,16.9,135.6,NaN
2022270N14136,2022,ROKE,2022-09-27T06:00:00Z,17.4,135.0,NaN
2022270N14136,2022,ROKE,2022-09-27T09:00:00Z,17.8,134.5,NaN
2022270N14136,2022,ROKE,2022-09-27T12:00:00Z,18.3,134.0,NaN
2022270N14136,2022,ROKE,2022-09-27T15:00:00Z,18.9,133.7,NaN
2022270N14136,2022,ROKE,2022-09-27T18:00:00Z,19.8,133.4,NaN
2022270N14136,2022,ROKE,2022-09-27T21:00:00Z,20.5,133.0,NaN
2022270N14136,2022,ROKE,2022-09-28T00:00:00Z,21.0,132.6,NaN
2022270N14136,2022,ROKE,2022-09-28T03:00:00Z,21.3,132.3,NaN
2022270N14136,2022,ROKE,2022-09-28T06:00:00Z,21.7,132.1,NaN
2022270N14136,2022,ROKE,2022-09-28T09:00:00Z,22.4,131.9,NaN
2022270N14136,2022,ROKE,2022-09-28T12:00:00Z,23.0,131.7,35
2022270N14136,2022,ROKE,2022-09-28T15:00:00Z,23.5,131.6,NaN
2022270N14136,2022,ROKE,2022-09-28T18:00:00Z,23.9,131.6,40
2022270N14136,2022,ROKE,2022-09-28T21:00:00Z,24.4,131.6,NaN
2022270N14136,2022,ROKE,2022-09-29T00:00:00Z,25.0,131.7,45
2022270N14136,2022,ROKE,2022-09-29T03:00:00Z,25.4,131.9,50
2022270N14136,2022,ROKE,2022-09-29T06:00:00Z,25.8,132.2,55
2022270N14136,2022,ROKE,2022-09-29T09:00:00Z,26.2,132.6,60
2022270N14136,2022,ROKE,2022-09-29T12:00:00Z,26.6,133.1,65
2022270N14136,2022,ROKE,2022-09-29T15:00:00Z,27.1,133.7,NaN
2022270N14136,2022,ROKE,2022-09-29T18:00:00Z,27.5,134.3,65
2022270N14136,2022,ROKE,2022-09-29T21:00:00Z,27.9,135.1,NaN
2022270N14136,2022,ROKE,2022-09-30T00:00:00Z,28.2,135.9,70
2022270N14136,2022,ROKE,2022-09-30T03:00:00Z,28.7,137.0,NaN
2022270N14136,2022,ROKE,2022-09-30T06:00:00Z,29.1,138.1,70
2022270N14136,2022,ROKE,2022-09-30T09:00:00Z,29.6,139.2,NaN
2022270N14136,2022,ROKE,2022-09-30T12:00:00Z,30.0,140.3,65
2022270N14136,2022,ROKE,2022-09-30T15:00:00Z,30.5,141.5,NaN
2022270N14136,2022,ROKE,2022-09-30T18:00:00Z,31.0,142.6,55
2022270N14136,2022,ROKE,2022-09-30T21:00:00Z,31.4,143.6,NaN
2022270N14136,2022,ROKE,2022-10-01T00:00:00Z,31.8,144.5,50
2022270N14136,2022,ROKE,2022-10-01T03:00:00Z,32.4,145.5,NaN
2022270N14136,2022,ROKE,2022-10-01T06:00:00Z,33.0,146.6,50
2022270N14136,2022,ROKE,2022-10-01T09:00:00Z,33.5,147.5,NaN
2022270N14136,2022,ROKE,2022-10-01T12:00:00Z,34.1,148.4,50
2022270N14136,2022,ROKE,2022-10-01T15:00:00Z,34.8,149.2,NaN
2022270N14136,2022,ROKE,2022-10-01T18:00:00Z,35.6,150.1,NaN
2022270N14136,2022,ROKE,2022-10-01T21:00:00Z,36.2,151.0,NaN
2022270N14136,2022,ROKE,2022-10-02T00:00:00Z,36.7,152.1,NaN
2022270N14136,2022,ROKE,2022-10-02T03:00:00Z,36.9,153.4,NaN
2022270N14136,2022,ROKE,2022-10-02T06:00:00Z,37.0,154.6,NaN
2022270N14136,2022,ROKE,2022-10-02T09:00:00Z,37.1,155.4,NaN
2022270N14136,2022,ROKE,2022-10-02T12:00:00Z,37.2,156.0,NaN
2022270N14136,2022,ROKE,2022-10-02T15:00:00Z,37.2,156.8,NaN
2022270N14136,2022,ROKE,2022-10-02T18:00:00Z,37.2,157.4,NaN
2022270N14136,2022,ROKE,2022-10-02T21:00:00Z,37.1,157.8,NaN
2022270N14136,2022,ROKE,2022-10-03T00:00:00Z,37.0,158.1,NaN
2022270N14136,2022,ROKE,2022-10-03T03:00:00Z,37.1,158.2,NaN
2022270N14136,2022,ROKE,2022-10-03T06:00:00Z,37.2,158.2,NaN
2022270N14136,2022,ROKE,2022-10-03T09:00:00Z,37.2,158.2,NaN
2022270N14136,2022,ROKE,2022-10-03T12:00:00Z,37.3,158.3,NaN
2022270N14136,2022,ROKE,2022-10-03T15:00:00Z,37.3,158.2,NaN
2022270N14136,2022,ROKE,2022-10-03T18:00:00Z,37.4,158.1,NaN
2022270N14136,2022,ROKE,2022-10-03T21:00:00Z,37.4,158.1,NaN
2022270N14136,2022,ROKE,2022-10-04T00:00:00Z,37.4,158.2,NaN
2022270N14136,2022,ROKE,2022-10-04T03:00:00Z,37.5,158.7,NaN
2022270N14136,2022,ROKE,2022-10-04T06:00:00Z,37.8,159.4,NaN
2022270N14136,2022,ROKE,2022-10-04T09:00:00Z,38.2,160.0,NaN
2022270N14136,2022,ROKE,2022-10-04T12:00:00Z,38.6,160.7,NaN
2022270N14136,2022,ROKE,2022-10-04T15:00:00Z,39.0,161.4,NaN
2022270N14136,2022,ROKE,2022-10-04T18:00:00Z,39.3,162.2,NaN
2022270N14136,2022,ROKE,2022-10-04T21:00:00Z,39.6,162.9,NaN
2022270N14136,2022,ROKE,2022-10-05T00:00:00Z,40.0,163.8,NaN
2022270N14136,2022,ROKE,2022-10-05T03:00:00Z,40.5,164.8,NaN
2022270N14136,2022,ROKE,2022-10-05T06:00:00Z,41.3,165.9,NaN
2022270N14136,2022,ROKE,2022-10-05T09:00:00Z,42.0,167.1,NaN
2022270N14136,2022,ROKE,2022-10-05T12:00:00Z,42.7,168.3,NaN
2022284N15152,2022,HAITANG,2022-10-11T06:00:00Z,15.3,152.4,NaN
2022284N15152,2022,HAITANG,2022-10-11T09:00:00Z,15.5,152.2,NaN
2022284N15152,2022,HAITANG,2022-10-11T12:00:00Z,15.7,151.9,NaN
2022284N15152,2022,HAITANG,2022-10-11T15:00:00Z,15.8,151.6,NaN
2022284N15152,2022,HAITANG,2022-10-11T18:00:00Z,15.8,151.4,NaN
2022284N15152,2022,HAITANG,2022-10-11T21:00:00Z,15.9,151.3,NaN
2022284N15152,2022,HAITANG,2022-10-12T00:00:00Z,16.0,151.2,NaN
2022284N15152,2022,HAITANG,2022-10-12T03:00:00Z,15.9,151.1,NaN
2022284N15152,2022,HAITANG,2022-10-12T06:00:00Z,15.7,151.1,NaN
2022284N15152,2022,HAITANG,2022-10-12T09:00:00Z,15.5,151.1,NaN
2022284N15152,2022,HAITANG,2022-10-12T12:00:00Z,15.2,151.0,NaN
2022284N15152,2022,HAITANG,2022-10-12T15:00:00Z,14.8,150.8,NaN
2022284N15152,2022,HAITANG,2022-10-12T18:00:00Z,14.5,150.7,NaN
2022284N15152,2022,HAITANG,2022-10-12T21:00:00Z,14.5,150.9,NaN
2022284N15152,2022,HAITANG,2022-10-13T00:00:00Z,14.6,151.4,NaN
2022284N15152,2022,HAITANG,2022-10-13T03:00:00Z,14.9,152.0,NaN
2022284N15152,2022,HAITANG,2022-10-13T06:00:00Z,15.2,152.7,NaN
2022284N15152,2022,HAITANG,2022-10-13T09:00:00Z,15.4,153.3,NaN
2022284N15152,2022,HAITANG,2022-10-13T12:00:00Z,15.7,153.9,NaN
2022284N15152,2022,HAITANG,2022-10-13T15:00:00Z,16.1,154.5,NaN
2022284N15152,2022,HAITANG,2022-10-13T18:00:00Z,16.8,155.1,NaN
2022284N15152,2022,HAITANG,2022-10-13T21:00:00Z,17.6,155.6,NaN
2022284N15152,2022,HAITANG,2022-10-14T00:00:00Z,18.6,156.0,NaN
2022284N15152,2022,HAITANG,2022-10-14T03:00:00Z,19.9,156.4,NaN
2022284N15152,2022,HAITANG,2022-10-14T06:00:00Z,21.2,156.7,NaN
2022284N15152,2022,HAITANG,2022-10-14T09:00:00Z,22.4,157.1,NaN
2022284N15152,2022,HAITANG,2022-10-14T12:00:00Z,23.6,157.4,NaN
2022284N15152,2022,HAITANG,2022-10-14T15:00:00Z,25.6,156.8,NaN
2022284N15152,2022,HAITANG,2022-10-14T18:00:00Z,27.1,156.2,NaN
2022284N15152,2022,HAITANG,2022-10-14T21:00:00Z,27.4,156.1,NaN
2022284N15152,2022,HAITANG,2022-10-15T00:00:00Z,27.0,156.3,NaN
2022284N15152,2022,HAITANG,2022-10-15T03:00:00Z,26.9,156.7,NaN
2022284N15152,2022,HAITANG,2022-10-15T06:00:00Z,27.0,156.6,NaN
2022284N15152,2022,HAITANG,2022-10-15T09:00:00Z,27.0,156.6,NaN
2022284N15152,2022,HAITANG,2022-10-15T12:00:00Z,27.0,156.6,NaN
2022284N15152,2022,HAITANG,2022-10-15T15:00:00Z,27.0,156.6,NaN
2022284N15152,2022,HAITANG,2022-10-15T18:00:00Z,27.0,156.6,NaN
2022284N15152,2022,HAITANG,2022-10-15T21:00:00Z,27.0,156.7,NaN
2022284N15152,2022,HAITANG,2022-10-16T00:00:00Z,27.0,156.7,NaN
2022284N15152,2022,HAITANG,2022-10-16T03:00:00Z,27.0,156.6,NaN
2022284N15152,2022,HAITANG,2022-10-16T06:00:00Z,27.0,156.4,NaN
2022284N15152,2022,HAITANG,2022-10-16T09:00:00Z,27.0,156.2,NaN
2022284N15152,2022,HAITANG,2022-10-16T12:00:00Z,27.0,156.0,NaN
2022284N15152,2022,HAITANG,2022-10-16T15:00:00Z,27.1,156.0,NaN
2022284N15152,2022,HAITANG,2022-10-16T18:00:00Z,27.2,156.1,NaN
2022284N15152,2022,HAITANG,2022-10-16T21:00:00Z,27.2,156.4,NaN
2022284N15152,2022,HAITANG,2022-10-17T00:00:00Z,27.1,156.6,NaN
2022284N15152,2022,HAITANG,2022-10-17T03:00:00Z,27.1,157.1,NaN
2022284N15152,2022,HAITANG,2022-10-17T06:00:00Z,27.2,157.5,NaN
2022284N15152,2022,HAITANG,2022-10-17T09:00:00Z,27.4,157.8,NaN
2022284N15152,2022,HAITANG,2022-10-17T12:00:00Z,27.7,157.9,NaN
2022284N15152,2022,HAITANG,2022-10-17T15:00:00Z,28.0,158.0,NaN
2022284N15152,2022,HAITANG,2022-10-17T18:00:00Z,28.2,158.1,NaN
2022284N15152,2022,HAITANG,2022-10-17T21:00:00Z,28.4,158.2,NaN
2022284N15152,2022,HAITANG,2022-10-18T00:00:00Z,28.7,158.4,35
2022284N15152,2022,HAITANG,2022-10-18T03:00:00Z,29.1,158.7,NaN
2022284N15152,2022,HAITANG,2022-10-18T06:00:00Z,29.6,158.9,35
2022284N15152,2022,HAITANG,2022-10-18T09:00:00Z,30.4,159.1,NaN
2022284N15152,2022,HAITANG,2022-10-18T12:00:00Z,31.2,159.4,35
2022284N15152,2022,HAITANG,2022-10-18T15:00:00Z,31.8,160.0,NaN
2022284N15152,2022,HAITANG,2022-10-18T18:00:00Z,32.4,160.8,35
2022284N15152,2022,HAITANG,2022-10-18T21:00:00Z,32.9,161.7,NaN
2022284N15152,2022,HAITANG,2022-10-19T00:00:00Z,33.5,162.6,35
2022284N15152,2022,HAITANG,2022-10-19T03:00:00Z,34.2,163.6,NaN
2022284N15152,2022,HAITANG,2022-10-19T06:00:00Z,34.9,164.8,35
2022284N15152,2022,HAITANG,2022-10-19T09:00:00Z,35.7,166.1,NaN
2022284N15152,2022,HAITANG,2022-10-19T12:00:00Z,36.5,167.7,NaN
2022284N15152,2022,HAITANG,2022-10-19T15:00:00Z,37.4,169.4,NaN
2022284N15152,2022,HAITANG,2022-10-19T18:00:00Z,38.2,171.1,NaN
2022284N15152,2022,HAITANG,2022-10-19T21:00:00Z,38.9,173.0,NaN
2022284N15152,2022,HAITANG,2022-10-20T00:00:00Z,39.5,175.0,NaN
2022284N15152,2022,HAITANG,2022-10-20T03:00:00Z,39.9,176.7,NaN
2022284N15152,2022,HAITANG,2022-10-20T06:00:00Z,40.3,178.3,NaN
2022285N12116,2022,SONCA,2022-10-12T06:00:00Z,11.5,115.6,NaN
2022285N12116,2022,SONCA,2022-10-12T09:00:00Z,11.5,115.5,NaN
2022285N12116,2022,SONCA,2022-10-12T12:00:00Z,11.6,115.5,NaN
2022285N12116,2022,SONCA,2022-10-12T15:00:00Z,11.7,115.5,NaN
2022285N12116,2022,SONCA,2022-10-12T18:00:00Z,11.8,115.5,NaN
2022285N12116,2022,SONCA,2022-10-12T21:00:00Z,11.8,115.3,NaN
2022285N12116,2022,SONCA,2022-10-13T00:00:00Z,12.0,114.8,NaN
2022285N12116,2022,SONCA,2022-10-13T03:00:00Z,12.5,114.4,NaN
2022285N12116,2022,SONCA,2022-10-13T06:00:00Z,12.9,114.0,NaN
2022285N12116,2022,SONCA,2022-10-13T09:00:00Z,13.2,113.8,NaN
2022285N12116,2022,SONCA,2022-10-13T12:00:00Z,13.4,113.6,NaN
2022285N12116,2022,SONCA,2022-10-13T15:00:00Z,13.6,113.2,NaN
2022285N12116,2022,SONCA,2022-10-13T18:00:00Z,13.8,112.7,NaN
2022285N12116,2022,SONCA,2022-10-13T21:00:00Z,13.9,112.3,NaN
2022285N12116,2022,SONCA,2022-10-14T00:00:00Z,14.0,112.0,35
2022285N12116,2022,SONCA,2022-10-14T03:00:00Z,14.1,111.7,NaN
2022285N12116,2022,SONCA,2022-10-14T06:00:00Z,14.3,111.4,35
2022285N12116,2022,SONCA,2022-10-14T09:00:00Z,14.6,110.8,NaN
2022285N12116,2022,SONCA,2022-10-14T12:00:00Z,14.9,110.2,35
2022285N12116,2022,SONCA,2022-10-14T15:00:00Z,15.1,109.6,NaN
2022285N12116,2022,SONCA,2022-10-14T18:00:00Z,15.2,109.1,35
2022285N12116,2022,SONCA,2022-10-14T21:00:00Z,15.4,108.5,NaN
2022285N12116,2022,SONCA,2022-10-15T00:00:00Z,15.5,107.8,NaN
2022285N12116,2022,SONCA,2022-10-15T03:00:00Z,15.5,107.6,NaN
2022285N12116,2022,SONCA,2022-10-15T06:00:00Z,15.5,107.2,NaN
2022285N17140,2022,NESAT,2022-10-12T00:00:00Z,16.6,140.4,NaN
2022285N17140,2022,NESAT,2022-10-12T03:00:00Z,17.3,139.6,NaN
2022285N17140,2022,NESAT,2022-10-12T06:00:00Z,18.0,138.8,NaN
2022285N17140,2022,NESAT,2022-10-12T09:00:00Z,18.6,138.1,NaN
2022285N17140,2022,NESAT,2022-10-12T12:00:00Z,19.1,137.3,NaN
2022285N17140,2022,NESAT,2022-10-12T15:00:00Z,19.5,136.5,NaN
2022285N17140,2022,NESAT,2022-10-12T18:00:00Z,19.8,135.6,NaN
2022285N17140,2022,NESAT,2022-10-12T21:00:00Z,20.2,134.7,NaN
2022285N17140,2022,NESAT,2022-10-13T00:00:00Z,20.4,133.8,NaN
2022285N17140,2022,NESAT,2022-10-13T03:00:00Z,20.3,133.1,NaN
2022285N17140,2022,NESAT,2022-10-13T06:00:00Z,20.1,132.6,NaN
2022285N17140,2022,NESAT,2022-10-13T09:00:00Z,19.9,132.3,NaN
2022285N17140,2022,NESAT,2022-10-13T12:00:00Z,19.8,132.0,NaN
2022285N17140,2022,NESAT,2022-10-13T15:00:00Z,19.7,131.5,NaN
2022285N17140,2022,NESAT,2022-10-13T18:00:00Z,19.7,130.9,NaN
2022285N17140,2022,NESAT,2022-10-13T21:00:00Z,19.7,130.4,NaN
2022285N17140,2022,NESAT,2022-10-14T00:00:00Z,19.6,129.9,NaN
2022285N17140,2022,NESAT,2022-10-14T03:00:00Z,19.4,129.6,NaN
2022285N17140,2022,NESAT,2022-10-14T06:00:00Z,19.2,129.4,NaN
2022285N17140,2022,NESAT,2022-10-14T09:00:00Z,19.0,129.2,NaN
2022285N17140,2022,NESAT,2022-10-14T12:00:00Z,18.8,128.7,NaN
2022285N17140,2022,NESAT,2022-10-14T15:00:00Z,18.8,127.9,NaN
2022285N17140,2022,NESAT,2022-10-14T18:00:00Z,18.8,127.0,NaN
2022285N17140,2022,NESAT,2022-10-14T21:00:00Z,18.8,126.2,NaN
2022285N17140,2022,NESAT,2022-10-15T00:00:00Z,18.8,125.6,NaN
2022285N17140,2022,NESAT,2022-10-15T03:00:00Z,18.8,124.9,NaN
2022285N17140,2022,NESAT,2022-10-15T06:00:00Z,18.8,124.2,35
2022285N17140,2022,NESAT,2022-10-15T09:00:00Z,18.8,123.6,NaN
2022285N17140,2022,NESAT,2022-10-15T12:00:00Z,18.9,123.2,40
2022285N17140,2022,NESAT,2022-10-15T15:00:00Z,19.0,122.7,NaN
2022285N17140,2022,NESAT,2022-10-15T18:00:00Z,19.2,122.2,50
2022285N17140,2022,NESAT,2022-10-15T21:00:00Z,19.2,121.6,NaN
2022285N17140,2022,NESAT,2022-10-16T00:00:00Z,19.3,121.1,50
2022285N17140,2022,NESAT,2022-10-16T03:00:00Z,19.4,120.5,NaN
2022285N17140,2022,NESAT,2022-10-16T06:00:00Z,19.6,120.0,55
2022285N17140,2022,NESAT,2022-10-16T09:00:00Z,19.7,119.4,NaN
2022285N17140,2022,NESAT,2022-10-16T12:00:00Z,19.8,118.9,55
2022285N17140,2022,NESAT,2022-10-16T15:00:00Z,19.8,118.3,NaN
2022285N17140,2022,NESAT,2022-10-16T18:00:00Z,19.8,117.8,55
2022285N17140,2022,NESAT,2022-10-16T21:00:00Z,19.8,117.4,NaN
2022285N17140,2022,NESAT,2022-10-17T00:00:00Z,19.6,117.0,65
2022285N17140,2022,NESAT,2022-10-17T03:00:00Z,19.5,116.6,NaN
2022285N17140,2022,NESAT,2022-10-17T06:00:00Z,19.4,116.3,70
2022285N17140,2022,NESAT,2022-10-17T09:00:00Z,19.2,115.9,NaN
2022285N17140,2022,NESAT,2022-10-17T12:00:00Z,19.1,115.5,75
2022285N17140,2022,NESAT,2022-10-17T15:00:00Z,18.9,115.0,NaN
2022285N17140,2022,NESAT,2022-10-17T18:00:00Z,18.6,114.6,75
2022285N17140,2022,NESAT,2022-10-17T21:00:00Z,18.4,114.2,NaN
2022285N17140,2022,NESAT,2022-10-18T00:00:00Z,18.2,113.8,75
2022285N17140,2022,NESAT,2022-10-18T03:00:00Z,18.1,113.4,NaN
2022285N17140,2022,NESAT,2022-10-18T06:00:00Z,18.0,113.1,75
2022285N17140,2022,NESAT,2022-10-18T09:00:00Z,17.8,112.7,NaN
2022285N17140,2022,NESAT,2022-10-18T12:00:00Z,17.6,112.4,70
2022285N17140,2022,NESAT,2022-10-18T15:00:00Z,17.4,112.1,NaN
2022285N17140,2022,NESAT,2022-10-18T18:00:00Z,17.3,111.7,65
2022285N17140,2022,NESAT,2022-10-18T21:00:00Z,17.2,111.3,NaN
2022285N17140,2022,NESAT,2022-10-19T00:00:00Z,17.1,110.9,55
2022285N17140,2022,NESAT,2022-10-19T03:00:00Z,17.0,110.5,NaN
2022285N17140,2022,NESAT,2022-10-19T06:00:00Z,17.0,110.1,50
2022285N17140,2022,NESAT,2022-10-19T09:00:00Z,17.1,109.7,NaN
2022285N17140,2022,NESAT,2022-10-19T12:00:00Z,17.2,109.3,40
2022285N17140,2022,NESAT,2022-10-19T15:00:00Z,17.2,109.0,NaN
2022285N17140,2022,NESAT,2022-10-19T18:00:00Z,17.3,108.7,35
2022285N17140,2022,NESAT,2022-10-19T21:00:00Z,17.3,108.6,NaN
2022285N17140,2022,NESAT,2022-10-20T00:00:00Z,17.4,108.4,NaN
2022285N17140,2022,NESAT,2022-10-20T03:00:00Z,17.6,108.3,NaN
2022285N17140,2022,NESAT,2022-10-20T06:00:00Z,17.7,108.2,NaN
2022285N17140,2022,NESAT,2022-10-20T09:00:00Z,17.6,108.1,NaN
2022285N17140,2022,NESAT,2022-10-20T12:00:00Z,17.5,108.0,NaN
2022285N17140,2022,NESAT,2022-10-20T15:00:00Z,17.4,108.0,NaN
2022285N17140,2022,NESAT,2022-10-20T18:00:00Z,17.4,108.1,NaN
2022287N26154,2022,HAITANG,2022-10-14T06:00:00Z,26.4,154.4,NaN
2022287N26154,2022,HAITANG,2022-10-14T09:00:00Z,26.9,154.5,NaN
2022287N26154,2022,HAITANG,2022-10-14T12:00:00Z,27.3,154.5,NaN
2022287N26154,2022,HAITANG,2022-10-14T15:00:00Z,27.4,154.3,NaN
2022287N26154,2022,HAITANG,2022-10-14T18:00:00Z,27.4,154.1,NaN
2022287N26154,2022,HAITANG,2022-10-14T21:00:00Z,27.5,153.8,NaN
2022287N26154,2022,HAITANG,2022-10-15T00:00:00Z,27.6,153.6,NaN
2022287N26154,2022,HAITANG,2022-10-15T03:00:00Z,27.8,153.5,NaN
2022287N26154,2022,HAITANG,2022-10-15T06:00:00Z,27.8,153.4,NaN
2022287N26154,2022,HAITANG,2022-10-15T09:00:00Z,27.4,153.0,NaN
2022287N26154,2022,HAITANG,2022-10-15T12:00:00Z,27.0,152.7,NaN
2022287N26154,2022,HAITANG,2022-10-15T15:00:00Z,26.8,152.8,NaN
2022287N26154,2022,HAITANG,2022-10-15T18:00:00Z,26.7,153.1,NaN
2022287N26154,2022,HAITANG,2022-10-15T21:00:00Z,26.6,153.3,NaN
2022287N26154,2022,HAITANG,2022-10-16T00:00:00Z,26.6,153.5,NaN
2022287N26154,2022,HAITANG,2022-10-16T03:00:00Z,26.7,153.7,NaN
2022287N26154,2022,HAITANG,2022-10-16T06:00:00Z,26.9,154.1,NaN
2022287N26154,2022,HAITANG,2022-10-16T09:00:00Z,27.1,154.7,NaN
2022288N25158,2022,UNNAMED,2022-10-14T15:00:00Z,25.1,157.6,NaN
2022288N25158,2022,UNNAMED,2022-10-14T18:00:00Z,26.6,158.0,NaN
2022288N25158,2022,UNNAMED,2022-10-14T21:00:00Z,28.1,158.2,NaN
2022288N25158,2022,UNNAMED,2022-10-15T00:00:00Z,29.6,158.5,NaN
2022288N25158,2022,UNNAMED,2022-10-15T03:00:00Z,31.1,159.1,NaN
2022288N25158,2022,UNNAMED,2022-10-15T06:00:00Z,32.4,160.0,NaN
2022288N25158,2022,UNNAMED,2022-10-15T09:00:00Z,33.7,161.3,NaN
2022288N25158,2022,UNNAMED,2022-10-15T12:00:00Z,34.7,163.0,NaN
2022288N25158,2022,UNNAMED,2022-10-15T15:00:00Z,35.4,164.9,NaN
2022288N25158,2022,UNNAMED,2022-10-15T18:00:00Z,35.9,166.8,NaN
2022288N25158,2022,UNNAMED,2022-10-15T21:00:00Z,36.2,168.5,NaN
2022288N25158,2022,UNNAMED,2022-10-16T00:00:00Z,36.5,170.0,NaN
2022292N21132,2022,UNNAMED,2022-10-19T00:00:00Z,21.0,131.6,NaN
2022292N21132,2022,UNNAMED,2022-10-19T03:00:00Z,21.0,131.3,NaN
2022292N21132,2022,UNNAMED,2022-10-19T06:00:00Z,21.0,131.1,NaN
2022292N21132,2022,UNNAMED,2022-10-19T09:00:00Z,21.0,130.9,NaN
2022292N21132,2022,UNNAMED,2022-10-19T12:00:00Z,20.9,130.7,NaN
2022292N21132,2022,UNNAMED,2022-10-19T15:00:00Z,20.8,130.5,NaN
2022292N21132,2022,UNNAMED,2022-10-19T18:00:00Z,20.8,130.3,NaN
2022292N21132,2022,UNNAMED,2022-10-19T21:00:00Z,20.8,130.0,NaN
2022292N21132,2022,UNNAMED,2022-10-20T00:00:00Z,20.9,129.5,NaN
2022292N21132,2022,UNNAMED,2022-10-20T03:00:00Z,20.9,128.9,NaN
2022292N21132,2022,UNNAMED,2022-10-20T06:00:00Z,20.9,128.4,NaN
2022292N21132,2022,UNNAMED,2022-10-20T09:00:00Z,20.7,127.8,NaN
2022292N21132,2022,UNNAMED,2022-10-20T12:00:00Z,20.5,127.3,NaN
2022292N21132,2022,UNNAMED,2022-10-20T15:00:00Z,20.4,126.6,NaN
2022292N21132,2022,UNNAMED,2022-10-20T18:00:00Z,20.4,125.8,NaN
2022292N21132,2022,UNNAMED,2022-10-20T21:00:00Z,20.4,125.2,NaN
2022292N21132,2022,UNNAMED,2022-10-21T00:00:00Z,20.3,124.5,NaN
2022292N21132,2022,UNNAMED,2022-10-21T03:00:00Z,20.3,123.8,NaN
2022292N21132,2022,UNNAMED,2022-10-21T06:00:00Z,20.2,123.0,NaN
2022292N21132,2022,UNNAMED,2022-10-21T09:00:00Z,20.2,122.3,NaN
2022292N21132,2022,UNNAMED,2022-10-21T12:00:00Z,20.2,121.6,NaN
2022292N21132,2022,UNNAMED,2022-10-21T15:00:00Z,20.2,121.2,NaN
2022292N21132,2022,UNNAMED,2022-10-21T18:00:00Z,20.2,120.8,NaN
2022292N21132,2022,UNNAMED,2022-10-21T21:00:00Z,20.2,120.4,NaN
2022292N21132,2022,UNNAMED,2022-10-22T00:00:00Z,20.2,120.1,NaN
2022292N21132,2022,UNNAMED,2022-10-22T03:00:00Z,20.2,119.8,NaN
2022292N21132,2022,UNNAMED,2022-10-22T06:00:00Z,20.2,119.5,NaN
2022292N21132,2022,UNNAMED,2022-10-22T09:00:00Z,20.2,119.2,NaN
2022292N21132,2022,UNNAMED,2022-10-22T12:00:00Z,20.2,118.8,NaN
2022292N21132,2022,UNNAMED,2022-10-22T15:00:00Z,20.2,118.4,NaN
2022292N21132,2022,UNNAMED,2022-10-22T18:00:00Z,20.1,117.8,NaN
2022292N21132,2022,UNNAMED,2022-10-22T21:00:00Z,20.1,117.2,NaN
2022292N21132,2022,UNNAMED,2022-10-23T00:00:00Z,20.0,116.5,NaN
2022292N21132,2022,UNNAMED,2022-10-23T03:00:00Z,19.7,115.8,NaN
2022292N21132,2022,UNNAMED,2022-10-23T06:00:00Z,19.3,115.2,NaN
2022299N11134,2022,NALGAE,2022-10-26T00:00:00Z,11.2,134.3,NaN
2022299N11134,2022,NALGAE,2022-10-26T03:00:00Z,11.2,133.9,NaN
2022299N11134,2022,NALGAE,2022-10-26T06:00:00Z,11.3,133.6,NaN
2022299N11134,2022,NALGAE,2022-10-26T09:00:00Z,11.4,133.2,NaN
2022299N11134,2022,NALGAE,2022-10-26T12:00:00Z,11.5,132.9,NaN
2022299N11134,2022,NALGAE,2022-10-26T15:00:00Z,11.5,132.6,NaN
2022299N11134,2022,NALGAE,2022-10-26T18:00:00Z,11.5,132.2,NaN
2022299N11134,2022,NALGAE,2022-10-26T21:00:00Z,11.4,131.9,NaN
2022299N11134,2022,NALGAE,2022-10-27T00:00:00Z,11.4,131.6,35
2022299N11134,2022,NALGAE,2022-10-27T03:00:00Z,11.4,131.3,NaN
2022299N11134,2022,NALGAE,2022-10-27T06:00:00Z,11.4,130.9,35
2022299N11134,2022,NALGAE,2022-10-27T09:00:00Z,11.4,130.6,NaN
2022299N11134,2022,NALGAE,2022-10-27T12:00:00Z,11.4,130.3,35
2022299N11134,2022,NALGAE,2022-10-27T15:00:00Z,11.4,129.8,NaN
2022299N11134,2022,NALGAE,2022-10-27T18:00:00Z,11.5,129.3,40
2022299N11134,2022,NALGAE,2022-10-27T21:00:00Z,11.7,128.8,NaN
2022299N11134,2022,NALGAE,2022-10-28T00:00:00Z,11.9,128.2,40
2022299N11134,2022,NALGAE,2022-10-28T03:00:00Z,12.0,127.5,NaN
2022299N11134,2022,NALGAE,2022-10-28T06:00:00Z,12.2,126.7,45
2022299N11134,2022,NALGAE,2022-10-28T09:00:00Z,12.7,126.0,NaN
2022299N11134,2022,NALGAE,2022-10-28T12:00:00Z,13.1,125.4,45
2022299N11134,2022,NALGAE,2022-10-28T15:00:00Z,13.4,124.7,NaN
2022299N11134,2022,NALGAE,2022-10-28T18:00:00Z,13.5,123.9,50
2022299N11134,2022,NALGAE,2022-10-28T21:00:00Z,13.6,123.1,NaN
2022299N11134,2022,NALGAE,2022-10-29T00:00:00Z,13.7,122.4,50
2022299N11134,2022,NALGAE,2022-10-29T03:00:00Z,13.8,122.1,NaN
2022299N11134,2022,NALGAE,2022-10-29T06:00:00Z,13.9,121.8,50
2022299N11134,2022,NALGAE,2022-10-29T09:00:00Z,14.2,121.5,NaN
2022299N11134,2022,NALGAE,2022-10-29T12:00:00Z,14.6,121.1,50
2022299N11134,2022,NALGAE,2022-10-29T15:00:00Z,15.1,120.5,NaN
2022299N11134,2022,NALGAE,2022-10-29T18:00:00Z,15.6,119.9,45
2022299N11134,2022,NALGAE,2022-10-29T21:00:00Z,15.7,119.2,NaN
2022299N11134,2022,NALGAE,2022-10-30T00:00:00Z,15.8,118.6,45
2022299N11134,2022,NALGAE,2022-10-30T03:00:00Z,15.6,118.0,NaN
2022299N11134,2022,NALGAE,2022-10-30T06:00:00Z,15.6,117.8,45
2022299N11134,2022,NALGAE,2022-10-30T09:00:00Z,15.6,117.6,NaN
2022299N11134,2022,NALGAE,2022-10-30T12:00:00Z,15.7,117.4,45
2022299N11134,2022,NALGAE,2022-10-30T15:00:00Z,15.8,117.2,NaN
2022299N11134,2022,NALGAE,2022-10-30T18:00:00Z,16.0,117.1,50
2022299N11134,2022,NALGAE,2022-10-30T21:00:00Z,16.2,117.0,NaN
2022299N11134,2022,NALGAE,2022-10-31T00:00:00Z,16.4,116.9,55
2022299N11134,2022,NALGAE,2022-10-31T03:00:00Z,16.8,116.8,NaN
2022299N11134,2022,NALGAE,2022-10-31T06:00:00Z,17.1,116.6,60
2022299N11134,2022,NALGAE,2022-10-31T09:00:00Z,17.5,116.5,NaN
2022299N11134,2022,NALGAE,2022-10-31T12:00:00Z,17.8,116.4,60
2022299N11134,2022,NALGAE,2022-10-31T15:00:00Z,18.1,116.3,NaN
2022299N11134,2022,NALGAE,2022-10-31T18:00:00Z,18.3,116.2,60
2022299N11134,2022,NALGAE,2022-10-31T21:00:00Z,18.6,116.1,NaN
2022299N11134,2022,NALGAE,2022-11-01T00:00:00Z,18.8,116.0,60
2022299N11134,2022,NALGAE,2022-11-01T03:00:00Z,19.0,115.9,NaN
2022299N11134,2022,NALGAE,2022-11-01T06:00:00Z,19.3,115.8,60
2022299N11134,2022,NALGAE,2022-11-01T09:00:00Z,19.6,115.8,NaN
2022299N11134,2022,NALGAE,2022-11-01T12:00:00Z,19.8,115.7,55
2022299N11134,2022,NALGAE,2022-11-01T15:00:00Z,20.1,115.6,NaN
2022299N11134,2022,NALGAE,2022-11-01T18:00:00Z,20.3,115.5,50
2022299N11134,2022,NALGAE,2022-11-01T21:00:00Z,20.5,115.4,NaN
2022299N11134,2022,NALGAE,2022-11-02T00:00:00Z,20.7,115.2,45
2022299N11134,2022,NALGAE,2022-11-02T03:00:00Z,20.9,115.1,NaN
2022299N11134,2022,NALGAE,2022-11-02T06:00:00Z,21.1,114.9,40
2022299N11134,2022,NALGAE,2022-11-02T09:00:00Z,21.3,114.8,NaN
2022299N11134,2022,NALGAE,2022-11-02T12:00:00Z,21.5,114.5,35
2022299N11134,2022,NALGAE,2022-11-02T15:00:00Z,21.7,114.3,NaN
2022299N11134,2022,NALGAE,2022-11-02T18:00:00Z,21.9,114.0,NaN
2022299N11134,2022,NALGAE,2022-11-02T21:00:00Z,22.1,113.6,NaN
2022299N11134,2022,NALGAE,2022-11-03T00:00:00Z,22.1,113.3,NaN
2022301N07140,2022,BANYAN,2022-10-28T06:00:00Z,6.8,140.4,NaN
2022301N07140,2022,BANYAN,2022-10-28T09:00:00Z,7.3,140.4,NaN
2022301N07140,2022,BANYAN,2022-10-28T12:00:00Z,7.8,140.3,NaN
2022301N07140,2022,BANYAN,2022-10-28T15:00:00Z,8.1,140.2,NaN
2022301N07140,2022,BANYAN,2022-10-28T18:00:00Z,8.4,140.1,NaN
2022301N07140,2022,BANYAN,2022-10-28T21:00:00Z,8.5,140.0,NaN
2022301N07140,2022,BANYAN,2022-10-29T00:00:00Z,8.5,139.9,NaN
2022301N07140,2022,BANYAN,2022-10-29T03:00:00Z,8.6,139.8,NaN
2022301N07140,2022,BANYAN,2022-10-29T06:00:00Z,8.6,139.8,NaN
2022301N07140,2022,BANYAN,2022-10-29T09:00:00Z,8.7,139.6,NaN
2022301N07140,2022,BANYAN,2022-10-29T12:00:00Z,8.8,139.4,NaN
2022301N07140,2022,BANYAN,2022-10-29T15:00:00Z,8.9,139.1,NaN
2022301N07140,2022,BANYAN,2022-10-29T18:00:00Z,9.0,138.8,NaN
2022301N07140,2022,BANYAN,2022-10-29T21:00:00Z,9.0,138.5,NaN
2022301N07140,2022,BANYAN,2022-10-30T00:00:00Z,9.0,138.1,NaN
2022301N07140,2022,BANYAN,2022-10-30T03:00:00Z,9.0,137.5,NaN
2022301N07140,2022,BANYAN,2022-10-30T06:00:00Z,9.0,136.9,NaN
2022301N07140,2022,BANYAN,2022-10-30T09:00:00Z,8.8,136.5,NaN
2022301N07140,2022,BANYAN,2022-10-30T12:00:00Z,8.6,136.1,NaN
2022301N07140,2022,BANYAN,2022-10-30T15:00:00Z,8.4,135.7,NaN
2022301N07140,2022,BANYAN,2022-10-30T18:00:00Z,8.1,135.3,35
2022301N07140,2022,BANYAN,2022-10-30T21:00:00Z,7.7,134.7,NaN
2022301N07140,2022,BANYAN,2022-10-31T00:00:00Z,7.4,134.0,40
2022301N07140,2022,BANYAN,2022-10-31T03:00:00Z,7.3,133.3,NaN
2022301N07140,2022,BANYAN,2022-10-31T06:00:00Z,7.2,132.6,35
2022301N07140,2022,BANYAN,2022-10-31T09:00:00Z,7.1,132.2,NaN
2022301N07140,2022,BANYAN,2022-10-31T12:00:00Z,7.1,131.8,35
2022301N07140,2022,BANYAN,2022-10-31T15:00:00Z,7.0,131.4,NaN
2022301N07140,2022,BANYAN,2022-10-31T18:00:00Z,7.0,131.0,35
2022301N07140,2022,BANYAN,2022-10-31T21:00:00Z,7.1,130.5,NaN
2022301N07140,2022,BANYAN,2022-11-01T00:00:00Z,7.2,130.1,NaN
2022301N07140,2022,BANYAN,2022-11-01T03:00:00Z,7.1,129.6,NaN
2022301N07140,2022,BANYAN,2022-11-01T06:00:00Z,7.1,129.5,NaN
2022301N07140,2022,BANYAN,2022-11-01T09:00:00Z,7.1,129.3,NaN
2022301N07140,2022,BANYAN,2022-11-01T12:00:00Z,7.2,129.1,NaN
2022301N07140,2022,BANYAN,2022-11-01T15:00:00Z,7.4,129.0,NaN
2022301N07140,2022,BANYAN,2022-11-01T18:00:00Z,7.6,128.9,NaN
2022301N07140,2022,BANYAN,2022-11-01T21:00:00Z,7.7,128.7,NaN
2022301N07140,2022,BANYAN,2022-11-02T00:00:00Z,7.6,128.4,NaN
2022301N07140,2022,BANYAN,2022-11-02T03:00:00Z,7.5,128.2,NaN
2022301N07140,2022,BANYAN,2022-11-02T06:00:00Z,7.3,128.0,NaN
2022301N07140,2022,BANYAN,2022-11-02T09:00:00Z,7.1,127.7,NaN
2022301N07140,2022,BANYAN,2022-11-02T12:00:00Z,7.0,127.5,NaN
2022301N07140,2022,BANYAN,2022-11-02T15:00:00Z,6.9,127.4,NaN
2022301N07140,2022,BANYAN,2022-11-02T18:00:00Z,6.9,127.4,NaN
2022301N07140,2022,BANYAN,2022-11-02T21:00:00Z,6.8,127.4,NaN
2022301N07140,2022,BANYAN,2022-11-03T00:00:00Z,6.7,127.4,NaN
2022316N20167,2022,YAMANEKO,2022-11-11T12:00:00Z,19.8,167.3,NaN
2022316N20167,2022,YAMANEKO,2022-11-11T15:00:00Z,20.0,166.8,NaN
2022316N20167,2022,YAMANEKO,2022-11-11T18:00:00Z,20.1,166.4,NaN
2022316N20167,2022,YAMANEKO,2022-11-11T21:00:00Z,20.2,166.0,NaN
2022316N20167,2022,YAMANEKO,2022-11-12T00:00:00Z,20.3,165.8,NaN
2022316N20167,2022,YAMANEKO,2022-11-12T03:00:00Z,20.4,165.6,NaN
2022316N20167,2022,YAMANEKO,2022-11-12T06:00:00Z,20.5,165.6,NaN
2022316N20167,2022,YAMANEKO,2022-11-12T09:00:00Z,20.8,165.5,NaN
2022316N20167,2022,YAMANEKO,2022-11-12T12:00:00Z,21.0,165.5,35
2022316N20167,2022,YAMANEKO,2022-11-12T15:00:00Z,21.3,165.5,NaN
2022316N20167,2022,YAMANEKO,2022-11-12T18:00:00Z,21.6,165.6,35
2022316N20167,2022,YAMANEKO,2022-11-12T21:00:00Z,21.8,165.8,NaN
2022316N20167,2022,YAMANEKO,2022-11-13T00:00:00Z,21.9,165.9,35
2022316N20167,2022,YAMANEKO,2022-11-13T03:00:00Z,22.0,165.9,NaN
2022316N20167,2022,YAMANEKO,2022-11-13T06:00:00Z,22.1,165.9,35
2022316N20167,2022,YAMANEKO,2022-11-13T09:00:00Z,22.2,165.9,NaN
2022316N20167,2022,YAMANEKO,2022-11-13T12:00:00Z,22.3,165.8,35
2022316N20167,2022,YAMANEKO,2022-11-13T15:00:00Z,22.5,165.9,NaN
2022316N20167,2022,YAMANEKO,2022-11-13T18:00:00Z,22.8,165.9,35
2022316N20167,2022,YAMANEKO,2022-11-13T21:00:00Z,23.3,165.7,NaN
2022316N20167,2022,YAMANEKO,2022-11-14T00:00:00Z,23.8,165.5,35
2022316N20167,2022,YAMANEKO,2022-11-14T03:00:00Z,24.4,165.7,NaN
2022316N20167,2022,YAMANEKO,2022-11-14T06:00:00Z,24.9,166.0,NaN
2022316N20167,2022,YAMANEKO,2022-11-14T09:00:00Z,25.4,166.3,NaN
2022316N20167,2022,YAMANEKO,2022-11-14T12:00:00Z,26.0,166.6,NaN
2022316N20167,2022,YAMANEKO,2022-11-14T15:00:00Z,27.3,167.4,NaN
2022316N20167,2022,YAMANEKO,2022-11-14T18:00:00Z,28.8,168.2,NaN
2022342N06133,2022,PAKHAR,2022-12-08T00:00:00Z,6.4,133.1,NaN
2022342N06133,2022,PAKHAR,2022-12-08T03:00:00Z,6.6,132.9,NaN
2022342N06133,2022,PAKHAR,2022-12-08T06:00:00Z,6.8,132.7,NaN
2022342N06133,2022,PAKHAR,2022-12-08T09:00:00Z,7.0,132.7,NaN
2022342N06133,2022,PAKHAR,2022-12-08T12:00:00Z,7.3,132.4,NaN
2022342N06133,2022,PAKHAR,2022-12-08T15:00:00Z,7.7,131.6,NaN
2022342N06133,2022,PAKHAR,2022-12-08T18:00:00Z,8.2,130.5,NaN
2022342N06133,2022,PAKHAR,2022-12-08T21:00:00Z,8.7,129.3,NaN
2022342N06133,2022,PAKHAR,2022-12-09T00:00:00Z,9.3,128.2,NaN
2022342N06133,2022,PAKHAR,2022-12-09T03:00:00Z,10.0,127.6,NaN
2022342N06133,2022,PAKHAR,2022-12-09T06:00:00Z,10.7,127.2,NaN
2022342N06133,2022,PAKHAR,2022-12-09T09:00:00Z,11.3,126.8,NaN
2022342N06133,2022,PAKHAR,2022-12-09T12:00:00Z,11.9,126.5,NaN
2022342N06133,2022,PAKHAR,2022-12-09T15:00:00Z,12.4,126.1,NaN
2022342N06133,2022,PAKHAR,2022-12-09T18:00:00Z,12.9,125.6,NaN
2022342N06133,2022,PAKHAR,2022-12-09T21:00:00Z,13.5,125.0,NaN
2022342N06133,2022,PAKHAR,2022-12-10T00:00:00Z,14.0,124.7,NaN
2022342N06133,2022,PAKHAR,2022-12-10T03:00:00Z,14.5,124.4,NaN
2022342N06133,2022,PAKHAR,2022-12-10T06:00:00Z,14.9,124.2,NaN
2022342N06133,2022,PAKHAR,2022-12-10T09:00:00Z,15.3,124.3,NaN
2022342N06133,2022,PAKHAR,2022-12-10T12:00:00Z,15.8,124.5,NaN
2022342N06133,2022,PAKHAR,2022-12-10T15:00:00Z,16.1,124.7,NaN
2022342N06133,2022,PAKHAR,2022-12-10T18:00:00Z,16.4,125.0,NaN
2022342N06133,2022,PAKHAR,2022-12-10T21:00:00Z,16.6,125.2,NaN
2022342N06133,2022,PAKHAR,2022-12-11T00:00:00Z,16.9,125.5,NaN
2022342N06133,2022,PAKHAR,2022-12-11T03:00:00Z,17.2,125.8,NaN
2022342N06133,2022,PAKHAR,2022-12-11T06:00:00Z,17.5,126.1,NaN
2022342N06133,2022,PAKHAR,2022-12-11T09:00:00Z,17.8,126.4,NaN
2022342N06133,2022,PAKHAR,2022-12-11T12:00:00Z,18.2,126.9,35
2022342N06133,2022,PAKHAR,2022-12-11T15:00:00Z,18.7,127.5,NaN
2022342N06133,2022,PAKHAR,2022-12-11T18:00:00Z,19.1,128.2,40
2022342N06133,2022,PAKHAR,2022-12-11T21:00:00Z,19.6,128.8,NaN
2022342N06133,2022,PAKHAR,2022-12-12T00:00:00Z,19.9,129.4,40
2022342N06133,2022,PAKHAR,2022-12-12T03:00:00Z,20.2,130.2,NaN
2022342N06133,2022,PAKHAR,2022-12-12T06:00:00Z,20.3,130.8,35
2022342N06133,2022,PAKHAR,2022-12-12T09:00:00Z,20.3,131.1,NaN
2022342N06133,2022,PAKHAR,2022-12-12T12:00:00Z,20.2,131.2,NaN
2022342N06133,2022,PAKHAR,2022-12-12T15:00:00Z,19.8,131.4,NaN
2022342N06133,2022,PAKHAR,2022-12-12T18:00:00Z,19.4,131.6,NaN
2022342N06133,2022,PAKHAR,2022-12-12T21:00:00Z,19.0,131.6,NaN
2022342N06133,2022,PAKHAR,2022-12-13T00:00:00Z,18.7,131.4,NaN
2022342N06133,2022,PAKHAR,2022-12-13T03:00:00Z,18.3,131.3,NaN
2022342N06133,2022,PAKHAR,2022-12-13T06:00:00Z,18.0,131.2,NaN
2023101N14127,2023,UNNAMED,2023-04-11T00:00:00Z,13.7,126.7,NaN
2023101N14127,2023,UNNAMED,2023-04-11T03:00:00Z,13.8,126.2,NaN
2023101N14127,2023,UNNAMED,2023-04-11T06:00:00Z,13.9,125.6,NaN
2023101N14127,2023,UNNAMED,2023-04-11T09:00:00Z,13.9,125.0,NaN
2023101N14127,2023,UNNAMED,2023-04-11T12:00:00Z,13.8,124.5,NaN
2023101N14127,2023,UNNAMED,2023-04-11T15:00:00Z,13.8,124.2,NaN
2023101N14127,2023,UNNAMED,2023-04-11T18:00:00Z,13.7,124.1,NaN
2023101N14127,2023,UNNAMED,2023-04-11T21:00:00Z,13.6,123.8,NaN
2023101N14127,2023,UNNAMED,2023-04-12T00:00:00Z,13.7,123.6,NaN
2023101N14127,2023,UNNAMED,2023-04-12T03:00:00Z,13.7,123.4,NaN
2023101N14127,2023,UNNAMED,2023-04-12T06:00:00Z,13.8,123.3,NaN
2023101N14127,2023,UNNAMED,2023-04-12T09:00:00Z,13.9,123.2,NaN
2023101N14127,2023,UNNAMED,2023-04-12T12:00:00Z,14.0,123.0,NaN
2023101N14127,2023,UNNAMED,2023-04-12T15:00:00Z,14.0,122.8,NaN
2023101N14127,2023,UNNAMED,2023-04-12T18:00:00Z,14.1,122.5,NaN
2023101N14127,2023,UNNAMED,2023-04-12T21:00:00Z,14.1,122.2,NaN
2023101N14127,2023,UNNAMED,2023-04-13T00:00:00Z,14.2,121.8,NaN
2023101N14127,2023,UNNAMED,2023-04-13T03:00:00Z,14.4,121.5,NaN
2023101N14127,2023,UNNAMED,2023-04-13T06:00:00Z,14.6,121.2,NaN
2023108N03160,2023,SANVU,2023-04-18T00:00:00Z,2.6,159.6,NaN
2023108N03160,2023,SANVU,2023-04-18T03:00:00Z,2.7,159.8,NaN
2023108N03160,2023,SANVU,2023-04-18T06:00:00Z,2.8,159.9,NaN
2023108N03160,2023,SANVU,2023-04-18T09:00:00Z,2.9,160.0,NaN
2023108N03160,2023,SANVU,2023-04-18T12:00:00Z,3.0,160.1,NaN
2023108N03160,2023,SANVU,2023-04-18T15:00:00Z,3.2,160.1,NaN
2023108N03160,2023,SANVU,2023-04-18T18:00:00Z,3.4,160.0,NaN
2023108N03160,2023,SANVU,2023-04-18T21:00:00Z,3.6,159.9,NaN
2023108N03160,2023,SANVU,2023-04-19T00:00:00Z,3.8,159.7,NaN
2023108N03160,2023,SANVU,2023-04-19T03:00:00Z,4.1,159.4,NaN
2023108N03160,2023,SANVU,2023-04-19T06:00:00Z,4.5,159.1,NaN
2023108N03160,2023,SANVU,2023-04-19T09:00:00Z,4.8,158.8,NaN
2023108N03160,2023,SANVU,2023-04-19T12:00:00Z,5.3,158.5,NaN
2023108N03160,2023,SANVU,2023-04-19T15:00:00Z,6.0,158.2,NaN
2023108N03160,2023,SANVU,2023-04-19T18:00:00Z,6.8,158.0,NaN
2023108N03160,2023,SANVU,2023-04-19T21:00:00Z,7.4,157.9,NaN
2023108N03160,2023,SANVU,2023-04-20T00:00:00Z,8.0,157.8,NaN
2023108N03160,2023,SANVU,2023-04-20T03:00:00Z,8.6,157.5,NaN
2023108N03160,2023,SANVU,2023-04-20T06:00:00Z,9.0,157.1,NaN
2023108N03160,2023,SANVU,2023-04-20T09:00:00Z,9.3,156.8,NaN
2023108N03160,2023,SANVU,2023-04-20T12:00:00Z,9.5,156.6,35
2023108N03160,2023,SANVU,2023-04-20T15:00:00Z,9.7,156.4,NaN
2023108N03160,2023,SANVU,2023-04-20T18:00:00Z,9.8,156.3,40
2023108N03160,2023,SANVU,2023-04-20T21:00:00Z,9.9,156.2,NaN
2023108N03160,2023,SANVU,2023-04-21T00:00:00Z,10.0,156.1,40
2023108N03160,2023,SANVU,2023-04-21T03:00:00Z,10.1,156.0,NaN
2023108N03160,2023,SANVU,2023-04-21T06:00:00Z,10.2,155.9,45
2023108N03160,2023,SANVU,2023-04-21T09:00:00Z,10.3,155.8,NaN
2023108N03160,2023,SANVU,2023-04-21T12:00:00Z,10.3,155.6,40
2023108N03160,2023,SANVU,2023-04-21T15:00:00Z,10.3,155.3,NaN
2023108N03160,2023,SANVU,2023-04-21T18:00:00Z,10.3,154.9,35
2023108N03160,2023,SANVU,2023-04-21T21:00:00Z,10.2,154.6,NaN
2023108N03160,2023,SANVU,2023-04-22T00:00:00Z,10.2,154.3,NaN
2023108N03160,2023,SANVU,2023-04-22T03:00:00Z,10.2,154.0,NaN
2023108N03160,2023,SANVU,2023-04-22T06:00:00Z,10.2,153.7,NaN
2023108N03160,2023,SANVU,2023-04-22T09:00:00Z,10.2,153.5,NaN
2023108N03160,2023,SANVU,2023-04-22T12:00:00Z,10.3,153.2,NaN
2023108N03160,2023,SANVU,2023-04-22T15:00:00Z,10.5,152.8,NaN
2023108N03160,2023,SANVU,2023-04-22T18:00:00Z,10.7,152.7,NaN
2023108N03160,2023,SANVU,2023-04-22T21:00:00Z,10.7,152.6,NaN
2023108N03160,2023,SANVU,2023-04-23T00:00:00Z,10.7,152.5,NaN
2023108N03160,2023,SANVU,2023-04-23T03:00:00Z,10.7,152.4,NaN
2023108N03160,2023,SANVU,2023-04-23T06:00:00Z,10.6,152.4,NaN
2023108N03160,2023,SANVU,2023-04-23T09:00:00Z,10.5,152.4,NaN
2023108N03160,2023,SANVU,2023-04-23T12:00:00Z,10.5,152.3,NaN
2023108N03160,2023,SANVU,2023-04-23T15:00:00Z,10.5,152.3,NaN
2023108N03160,2023,SANVU,2023-04-23T18:00:00Z,10.5,152.2,NaN
2023108N03160,2023,SANVU,2023-04-23T21:00:00Z,10.5,152.2,NaN
2023108N03160,2023,SANVU,2023-04-24T00:00:00Z,10.5,152.0,NaN
2023108N03160,2023,SANVU,2023-04-24T03:00:00Z,10.6,151.6,NaN
2023108N03160,2023,SANVU,2023-04-24T06:00:00Z,10.8,151.2,NaN
2023108N03160,2023,SANVU,2023-04-24T09:00:00Z,10.9,150.8,NaN
2023108N03160,2023,SANVU,2023-04-24T12:00:00Z,10.9,150.4,NaN
2023108N03160,2023,SANVU,2023-04-24T15:00:00Z,11.0,150.0,NaN
2023108N03160,2023,SANVU,2023-04-24T18:00:00Z,11.0,149.6,NaN
2023108N03160,2023,SANVU,2023-04-24T21:00:00Z,10.9,149.3,NaN
2023108N03160,2023,SANVU,2023-04-25T00:00:00Z,10.7,149.0,NaN
2023108N03160,2023,SANVU,2023-04-25T03:00:00Z,10.6,148.8,NaN
2023108N03160,2023,SANVU,2023-04-25T06:00:00Z,10.5,148.6,NaN
2023108N03160,2023,SANVU,2023-04-25T09:00:00Z,10.4,148.5,NaN
2023108N03160,2023,SANVU,2023-04-25T12:00:00Z,10.4,148.3,NaN
2023108N03160,2023,SANVU,2023-04-25T15:00:00Z,10.3,148.1,NaN
2023108N03160,2023,SANVU,2023-04-25T18:00:00Z,10.2,147.8,NaN
2023108N03160,2023,SANVU,2023-04-25T21:00:00Z,10.1,147.5,NaN
2023108N03160,2023,SANVU,2023-04-26T00:00:00Z,10.0,147.2,NaN
2023108N03160,2023,SANVU,2023-04-26T03:00:00Z,9.9,146.8,NaN
2023108N03160,2023,SANVU,2023-04-26T06:00:00Z,9.9,146.3,NaN
2023108N03160,2023,SANVU,2023-04-26T09:00:00Z,10.0,145.7,NaN
2023108N03160,2023,SANVU,2023-04-26T12:00:00Z,10.2,145.1,NaN
2023108N03160,2023,SANVU,2023-04-26T15:00:00Z,10.4,144.4,NaN
2023108N03160,2023,SANVU,2023-04-26T18:00:00Z,10.5,143.6,NaN
2023138N05151,2023,MAWAR,2023-05-18T00:00:00Z,5.4,150.9,NaN
2023138N05151,2023,MAWAR,2023-05-18T03:00:00Z,5.2,150.7,NaN
2023138N05151,2023,MAWAR,2023-05-18T06:00:00Z,5.0,150.6,NaN
2023138N05151,2023,MAWAR,2023-05-18T09:00:00Z,4.8,150.5,NaN
2023138N05151,2023,MAWAR,2023-05-18T12:00:00Z,4.7,150.4,NaN
2023138N05151,2023,MAWAR,2023-05-18T15:00:00Z,4.6,150.3,NaN
2023138N05151,2023,MAWAR,2023-05-18T18:00:00Z,4.5,150.1,NaN
2023138N05151,2023,MAWAR,2023-05-18T21:00:00Z,4.4,149.9,NaN
2023138N05151,2023,MAWAR,2023-05-19T00:00:00Z,4.4,149.7,NaN
2023138N05151,2023,MAWAR,2023-05-19T03:00:00Z,4.4,149.5,NaN
2023138N05151,2023,MAWAR,2023-05-19T06:00:00Z,4.4,149.3,NaN
2023138N05151,2023,MAWAR,2023-05-19T09:00:00Z,4.5,149.2,NaN
2023138N05151,2023,MAWAR,2023-05-19T12:00:00Z,4.6,149.1,NaN
2023138N05151,2023,MAWAR,2023-05-19T15:00:00Z,4.7,149.1,NaN
2023138N05151,2023,MAWAR,2023-05-19T18:00:00Z,5.3,149.3,NaN
2023138N05151,2023,MAWAR,2023-05-19T21:00:00Z,5.5,149.4,NaN
2023138N05151,2023,MAWAR,2023-05-20T00:00:00Z,5.6,149.4,NaN
2023138N05151,2023,MAWAR,2023-05-20T03:00:00Z,5.7,149.4,NaN
2023138N05151,2023,MAWAR,2023-05-20T06:00:00Z,5.8,149.3,NaN
2023138N05151,2023,MAWAR,2023-05-20T09:00:00Z,5.8,149.2,NaN
2023138N05151,2023,MAWAR,2023-05-20T12:00:00Z,6.0,149.2,35
2023138N05151,2023,MAWAR,2023-05-20T15:00:00Z,6.2,149.1,NaN
2023138N05151,2023,MAWAR,2023-05-20T18:00:00Z,6.6,149.0,45
2023138N05151,2023,MAWAR,2023-05-20T21:00:00Z,6.8,148.9,NaN
2023138N05151,2023,MAWAR,2023-05-21T00:00:00Z,7.0,148.8,50
2023138N05151,2023,MAWAR,2023-05-21T03:00:00Z,7.3,148.6,NaN
2023138N05151,2023,MAWAR,2023-05-21T06:00:00Z,7.5,148.3,50
2023138N05151,2023,MAWAR,2023-05-21T09:00:00Z,7.6,148.1,NaN
2023138N05151,2023,MAWAR,2023-05-21T12:00:00Z,7.8,147.9,55
2023138N05151,2023,MAWAR,2023-05-21T15:00:00Z,8.0,147.8,NaN
2023138N05151,2023,MAWAR,2023-05-21T18:00:00Z,8.2,147.6,65
2023138N05151,2023,MAWAR,2023-05-21T21:00:00Z,8.5,147.5,NaN
2023138N05151,2023,MAWAR,2023-05-22T00:00:00Z,8.8,147.3,65
2023138N05151,2023,MAWAR,2023-05-22T03:00:00Z,9.1,147.2,NaN
2023138N05151,2023,MAWAR,2023-05-22T06:00:00Z,9.4,147.0,70
2023138N05151,2023,MAWAR,2023-05-22T09:00:00Z,9.6,147.0,NaN
2023138N05151,2023,MAWAR,2023-05-22T12:00:00Z,9.9,146.9,75
2023138N05151,2023,MAWAR,2023-05-22T15:00:00Z,10.2,146.9,NaN
2023138N05151,2023,MAWAR,2023-05-22T18:00:00Z,10.5,146.9,95
2023138N05151,2023,MAWAR,2023-05-22T21:00:00Z,10.8,146.9,NaN
2023138N05151,2023,MAWAR,2023-05-23T00:00:00Z,11.2,146.9,95
2023138N05151,2023,MAWAR,2023-05-23T03:00:00Z,11.5,146.7,NaN
2023138N05151,2023,MAWAR,2023-05-23T06:00:00Z,11.8,146.5,105
2023138N05151,2023,MAWAR,2023-05-23T09:00:00Z,12.0,146.2,NaN
2023138N05151,2023,MAWAR,2023-05-23T12:00:00Z,12.2,146.0,105
2023138N05151,2023,MAWAR,2023-05-23T15:00:00Z,12.4,145.8,NaN
2023138N05151,2023,MAWAR,2023-05-23T18:00:00Z,12.5,145.7,105
2023138N05151,2023,MAWAR,2023-05-23T21:00:00Z,12.8,145.6,NaN
2023138N05151,2023,MAWAR,2023-05-24T00:00:00Z,13.0,145.6,95
2023138N05151,2023,MAWAR,2023-05-24T03:00:00Z,13.3,145.4,NaN
2023138N05151,2023,MAWAR,2023-05-24T06:00:00Z,13.6,145.2,95
2023138N05151,2023,MAWAR,2023-05-24T09:00:00Z,13.7,145.0,NaN
2023138N05151,2023,MAWAR,2023-05-24T12:00:00Z,13.8,144.7,95
2023138N05151,2023,MAWAR,2023-05-24T15:00:00Z,14.0,144.4,NaN
2023138N05151,2023,MAWAR,2023-05-24T18:00:00Z,14.1,144.1,95
2023138N05151,2023,MAWAR,2023-05-24T21:00:00Z,14.1,143.8,NaN
2023138N05151,2023,MAWAR,2023-05-25T00:00:00Z,14.2,143.5,100
2023138N05151,2023,MAWAR,2023-05-25T03:00:00Z,14.4,143.2,NaN
2023138N05151,2023,MAWAR,2023-05-25T06:00:00Z,14.5,142.8,110
2023138N05151,2023,MAWAR,2023-05-25T09:00:00Z,14.6,142.2,NaN
2023138N05151,2023,MAWAR,2023-05-25T12:00:00Z,14.7,141.5,115
2023138N05151,2023,MAWAR,2023-05-25T15:00:00Z,14.8,141.0,NaN
2023138N05151,2023,MAWAR,2023-05-25T18:00:00Z,14.9,140.4,115
2023138N05151,2023,MAWAR,2023-05-25T21:00:00Z,15.0,139.8,NaN
2023138N05151,2023,MAWAR,2023-05-26T00:00:00Z,15.1,139.2,115
2023138N05151,2023,MAWAR,2023-05-26T03:00:00Z,15.2,138.6,NaN
2023138N05151,2023,MAWAR,2023-05-26T06:00:00Z,15.3,137.9,115
2023138N05151,2023,MAWAR,2023-05-26T09:00:00Z,15.5,137.2,NaN
2023138N05151,2023,MAWAR,2023-05-26T12:00:00Z,15.7,136.5,115
2023138N05151,2023,MAWAR,2023-05-26T15:00:00Z,15.8,135.7,NaN
2023138N05151,2023,MAWAR,2023-05-26T18:00:00Z,16.0,134.9,115
2023138N05151,2023,MAWAR,2023-05-26T21:00:00Z,16.2,134.2,NaN
2023138N05151,2023,MAWAR,2023-05-27T00:00:00Z,16.4,133.5,105
2023138N05151,2023,MAWAR,2023-05-27T03:00:00Z,16.5,132.8,NaN
2023138N05151,2023,MAWAR,2023-05-27T06:00:00Z,16.6,132.2,95
2023138N05151,2023,MAWAR,2023-05-27T09:00:00Z,16.7,131.5,NaN
2023138N05151,2023,MAWAR,2023-05-27T12:00:00Z,16.8,130.9,85
2023138N05151,2023,MAWAR,2023-05-27T15:00:00Z,16.9,130.3,NaN
2023138N05151,2023,MAWAR,2023-05-27T18:00:00Z,17.1,129.7,85
2023138N05151,2023,MAWAR,2023-05-27T21:00:00Z,17.1,129.2,NaN
2023138N05151,2023,MAWAR,2023-05-28T00:00:00Z,17.2,128.7,85
2023138N05151,2023,MAWAR,2023-05-28T03:00:00Z,17.4,128.3,NaN
2023138N05151,2023,MAWAR,2023-05-28T06:00:00Z,17.6,127.9,85
2023138N05151,2023,MAWAR,2023-05-28T09:00:00Z,17.8,127.6,NaN
2023138N05151,2023,MAWAR,2023-05-28T12:00:00Z,18.0,127.4,85
2023138N05151,2023,MAWAR,2023-05-28T15:00:00Z,18.3,127.1,NaN
2023138N05151,2023,MAWAR,2023-05-28T18:00:00Z,18.6,126.7,85
2023138N05151,2023,MAWAR,2023-05-28T21:00:00Z,18.8,126.5,NaN
2023138N05151,2023,MAWAR,2023-05-29T00:00:00Z,19.0,126.2,85
2023138N05151,2023,MAWAR,2023-05-29T03:00:00Z,19.2,126.0,NaN
2023138N05151,2023,MAWAR,2023-05-29T06:00:00Z,19.4,125.8,85
2023138N05151,2023,MAWAR,2023-05-29T09:00:00Z,19.5,125.7,NaN
2023138N05151,2023,MAWAR,2023-05-29T12:00:00Z,19.7,125.6,85
2023138N05151,2023,MAWAR,2023-05-29T15:00:00Z,19.9,125.5,NaN
2023138N05151,2023,MAWAR,2023-05-29T18:00:00Z,20.1,125.4,85
2023138N05151,2023,MAWAR,2023-05-29T21:00:00Z,20.2,125.2,NaN
2023138N05151,2023,MAWAR,2023-05-30T00:00:00Z,20.4,125.1,80
2023138N05151,2023,MAWAR,2023-05-30T03:00:00Z,20.4,125.0,NaN
2023138N05151,2023,MAWAR,2023-05-30T06:00:00Z,20.6,125.0,80
2023138N05151,2023,MAWAR,2023-05-30T09:00:00Z,20.7,125.0,NaN
2023138N05151,2023,MAWAR,2023-05-30T12:00:00Z,20.8,125.0,70
2023138N05151,2023,MAWAR,2023-05-30T15:00:00Z,21.0,125.0,NaN
2023138N05151,2023,MAWAR,2023-05-30T18:00:00Z,21.2,125.0,70
2023138N05151,2023,MAWAR,2023-05-30T21:00:00Z,21.3,125.0,NaN
2023138N05151,2023,MAWAR,2023-05-31T00:00:00Z,21.5,125.1,70
2023138N05151,2023,MAWAR,2023-05-31T03:00:00Z,21.8,125.2,NaN
2023138N05151,2023,MAWAR,2023-05-31T06:00:00Z,22.2,125.3,65
2023138N05151,2023,MAWAR,2023-05-31T09:00:00Z,22.5,125.4,65
2023138N05151,2023,MAWAR,2023-05-31T12:00:00Z,22.7,125.4,65
2023138N05151,2023,MAWAR,2023-05-31T15:00:00Z,23.1,125.5,65
2023138N05151,2023,MAWAR,2023-05-31T18:00:00Z,23.5,125.5,60
2023138N05151,2023,MAWAR,2023-05-31T21:00:00Z,23.8,125.7,60
2023138N05151,2023,MAWAR,2023-06-01T00:00:00Z,24.2,125.8,50
2023138N05151,2023,MAWAR,2023-06-01T03:00:00Z,24.5,126.0,50
2023138N05151,2023,MAWAR,2023-06-01T06:00:00Z,24.9,126.2,50
2023138N05151,2023,MAWAR,2023-06-01T09:00:00Z,25.4,126.7,50
2023138N05151,2023,MAWAR,2023-06-01T12:00:00Z,25.8,127.2,50
2023138N05151,2023,MAWAR,2023-06-01T15:00:00Z,26.3,127.6,50
2023138N05151,2023,MAWAR,2023-06-01T18:00:00Z,26.8,128.1,50
2023138N05151,2023,MAWAR,2023-06-01T21:00:00Z,27.2,128.8,50
2023138N05151,2023,MAWAR,2023-06-02T00:00:00Z,27.5,129.5,45
2023138N05151,2023,MAWAR,2023-06-02T03:00:00Z,27.9,130.3,NaN
2023138N05151,2023,MAWAR,2023-06-02T06:00:00Z,28.3,131.2,45
2023138N05151,2023,MAWAR,2023-06-02T09:00:00Z,28.6,132.1,NaN
2023138N05151,2023,MAWAR,2023-06-02T12:00:00Z,28.9,133.0,45
2023138N05151,2023,MAWAR,2023-06-02T15:00:00Z,29.3,134.1,NaN
2023138N05151,2023,MAWAR,2023-06-02T18:00:00Z,29.7,135.2,45
2023138N05151,2023,MAWAR,2023-06-02T21:00:00Z,30.1,136.5,NaN
2023138N05151,2023,MAWAR,2023-06-03T00:00:00Z,30.7,137.9,NaN
2023138N05151,2023,MAWAR,2023-06-03T03:00:00Z,31.5,139.4,NaN
2023138N05151,2023,MAWAR,2023-06-03T06:00:00Z,32.5,141.0,NaN
2023138N05151,2023,MAWAR,2023-06-03T09:00:00Z,33.3,142.6,NaN
2023138N05151,2023,MAWAR,2023-06-03T12:00:00Z,34.1,144.4,NaN
2023156N12135,2023,GUCHOL,2023-06-04T18:00:00Z,11.7,135.0,NaN
2023156N12135,2023,GUCHOL,2023-06-04T21:00:00Z,11.8,134.8,NaN
2023156N12135,2023,GUCHOL,2023-06-05T00:00:00Z,11.9,134.6,NaN
2023156N12135,2023,GUCHOL,2023-06-05T03:00:00Z,12.1,134.5,NaN
2023156N12135,2023,GUCHOL,2023-06-05T06:00:00Z,12.3,134.5,NaN
2023156N12135,2023,GUCHOL,2023-06-05T09:00:00Z,12.5,134.5,NaN
2023156N12135,2023,GUCHOL,2023-06-05T12:00:00Z,12.7,134.5,NaN
2023156N12135,2023,GUCHOL,2023-06-05T15:00:00Z,12.9,134.5,NaN
2023156N12135,2023,GUCHOL,2023-06-05T18:00:00Z,13.2,134.7,NaN
2023156N12135,2023,GUCHOL,2023-06-05T21:00:00Z,13.4,134.7,NaN
2023156N12135,2023,GUCHOL,2023-06-06T00:00:00Z,13.3,134.8,NaN
2023156N12135,2023,GUCHOL,2023-06-06T03:00:00Z,13.4,134.9,NaN
2023156N12135,2023,GUCHOL,2023-06-06T06:00:00Z,13.5,135.0,NaN
2023156N12135,2023,GUCHOL,2023-06-06T09:00:00Z,13.6,135.0,NaN
2023156N12135,2023,GUCHOL,2023-06-06T12:00:00Z,13.9,135.0,35
2023156N12135,2023,GUCHOL,2023-06-06T15:00:00Z,14.0,134.9,NaN
2023156N12135,2023,GUCHOL,2023-06-06T18:00:00Z,14.2,134.7,35
2023156N12135,2023,GUCHOL,2023-06-06T21:00:00Z,14.4,134.4,NaN
2023156N12135,2023,GUCHOL,2023-06-07T00:00:00Z,14.6,134.2,40
2023156N12135,2023,GUCHOL,2023-06-07T03:00:00Z,14.8,133.9,NaN
2023156N12135,2023,GUCHOL,2023-06-07T06:00:00Z,15.0,133.7,40
2023156N12135,2023,GUCHOL,2023-06-07T09:00:00Z,15.1,133.4,NaN
2023156N12135,2023,GUCHOL,2023-06-07T12:00:00Z,15.3,133.1,45
2023156N12135,2023,GUCHOL,2023-06-07T15:00:00Z,15.4,132.8,NaN
2023156N12135,2023,GUCHOL,2023-06-07T18:00:00Z,15.6,132.4,50
2023156N12135,2023,GUCHOL,2023-06-07T21:00:00Z,15.7,132.0,NaN
2023156N12135,2023,GUCHOL,2023-06-08T00:00:00Z,15.9,131.6,55
2023156N12135,2023,GUCHOL,2023-06-08T03:00:00Z,16.0,131.4,NaN
2023156N12135,2023,GUCHOL,2023-06-08T06:00:00Z,16.1,131.2,60
2023156N12135,2023,GUCHOL,2023-06-08T09:00:00Z,16.2,131.0,NaN
2023156N12135,2023,GUCHOL,2023-06-08T12:00:00Z,16.4,130.8,70
2023156N12135,2023,GUCHOL,2023-06-08T15:00:00Z,16.6,130.6,NaN
2023156N12135,2023,GUCHOL,2023-06-08T18:00:00Z,16.8,130.4,75
2023156N12135,2023,GUCHOL,2023-06-08T21:00:00Z,17.0,130.3,NaN
2023156N12135,2023,GUCHOL,2023-06-09T00:00:00Z,17.3,130.3,75
2023156N12135,2023,GUCHOL,2023-06-09T03:00:00Z,17.6,130.2,NaN
2023156N12135,2023,GUCHOL,2023-06-09T06:00:00Z,17.9,130.1,75
2023156N12135,2023,GUCHOL,2023-06-09T09:00:00Z,18.0,130.0,NaN
2023156N12135,2023,GUCHOL,2023-06-09T12:00:00Z,18.2,129.9,75
2023156N12135,2023,GUCHOL,2023-06-09T15:00:00Z,18.3,129.9,NaN
2023156N12135,2023,GUCHOL,2023-06-09T18:00:00Z,18.5,129.9,80
2023156N12135,2023,GUCHOL,2023-06-09T21:00:00Z,18.7,129.9,NaN
2023156N12135,2023,GUCHOL,2023-06-10T00:00:00Z,19.0,129.9,80
2023156N12135,2023,GUCHOL,2023-06-10T03:00:00Z,19.4,130.0,NaN
2023156N12135,2023,GUCHOL,2023-06-10T06:00:00Z,20.0,130.2,80
2023156N12135,2023,GUCHOL,2023-06-10T09:00:00Z,20.3,130.4,NaN
2023156N12135,2023,GUCHOL,2023-06-10T12:00:00Z,20.7,130.6,75
2023156N12135,2023,GUCHOL,2023-06-10T15:00:00Z,21.3,130.8,NaN
2023156N12135,2023,GUCHOL,2023-06-10T18:00:00Z,21.9,131.0,70
2023156N12135,2023,GUCHOL,2023-06-10T21:00:00Z,22.5,131.3,NaN
2023156N12135,2023,GUCHOL,2023-06-11T00:00:00Z,23.1,131.7,65
2023156N12135,2023,GUCHOL,2023-06-11T03:00:00Z,23.6,132.0,NaN
2023156N12135,2023,GUCHOL,2023-06-11T06:00:00Z,24.2,132.5,60
2023156N12135,2023,GUCHOL,2023-06-11T09:00:00Z,24.9,133.1,NaN
2023156N12135,2023,GUCHOL,2023-06-11T12:00:00Z,25.6,133.8,55
2023156N12135,2023,GUCHOL,2023-06-11T15:00:00Z,26.1,134.4,NaN
2023156N12135,2023,GUCHOL,2023-06-11T18:00:00Z,26.6,135.1,55
2023156N12135,2023,GUCHOL,2023-06-11T21:00:00Z,27.3,135.9,NaN
2023156N12135,2023,GUCHOL,2023-06-12T00:00:00Z,28.0,136.8,55
2023156N12135,2023,GUCHOL,2023-06-12T03:00:00Z,28.7,137.4,NaN
2023156N12135,2023,GUCHOL,2023-06-12T06:00:00Z,29.4,138.1,50
2023156N12135,2023,GUCHOL,2023-06-12T09:00:00Z,30.0,138.7,NaN
2023156N12135,2023,GUCHOL,2023-06-12T12:00:00Z,30.5,139.5,NaN
2023156N12135,2023,GUCHOL,2023-06-12T15:00:00Z,31.3,140.6,NaN
2023156N12135,2023,GUCHOL,2023-06-12T18:00:00Z,32.1,141.9,NaN
2023156N12135,2023,GUCHOL,2023-06-12T21:00:00Z,32.9,142.9,NaN
2023156N12135,2023,GUCHOL,2023-06-13T00:00:00Z,33.7,144.0,NaN
2023156N12135,2023,GUCHOL,2023-06-13T03:00:00Z,34.1,145.2,NaN
2023156N12135,2023,GUCHOL,2023-06-13T06:00:00Z,34.6,146.5,NaN
2023156N12135,2023,GUCHOL,2023-06-13T09:00:00Z,35.1,147.7,NaN
2023156N12135,2023,GUCHOL,2023-06-13T12:00:00Z,35.9,149.1,NaN
2023156N12135,2023,GUCHOL,2023-06-13T15:00:00Z,36.9,150.7,NaN
2023156N12135,2023,GUCHOL,2023-06-13T18:00:00Z,37.9,152.5,NaN
2023156N12135,2023,GUCHOL,2023-06-13T21:00:00Z,38.4,153.9,NaN
2023156N12135,2023,GUCHOL,2023-06-14T00:00:00Z,38.7,155.3,NaN
2023156N12135,2023,GUCHOL,2023-06-14T03:00:00Z,39.0,156.7,NaN
2023156N12135,2023,GUCHOL,2023-06-14T06:00:00Z,39.3,158.3,NaN
2023156N12135,2023,GUCHOL,2023-06-14T09:00:00Z,39.4,160.0,NaN
2023156N12135,2023,GUCHOL,2023-06-14T12:00:00Z,39.4,162.0,NaN
2023156N12135,2023,GUCHOL,2023-06-14T15:00:00Z,39.3,164.1,NaN
2023156N12135,2023,GUCHOL,2023-06-14T18:00:00Z,39.2,166.2,NaN
2023156N12135,2023,GUCHOL,2023-06-14T21:00:00Z,38.9,168.0,NaN
2023156N12135,2023,GUCHOL,2023-06-15T00:00:00Z,38.7,169.6,NaN
2023156N12135,2023,GUCHOL,2023-06-15T03:00:00Z,38.7,170.5,NaN
2023156N12135,2023,GUCHOL,2023-06-15T06:00:00Z,38.9,171.1,NaN
2023156N12135,2023,GUCHOL,2023-06-15T09:00:00Z,38.9,171.9,NaN
2023156N12135,2023,GUCHOL,2023-06-15T12:00:00Z,39.0,172.7,NaN
2023156N12135,2023,GUCHOL,2023-06-15T15:00:00Z,39.1,173.5,NaN
2023156N12135,2023,GUCHOL,2023-06-15T18:00:00Z,39.3,174.4,NaN
2023156N12135,2023,GUCHOL,2023-06-15T21:00:00Z,39.2,175.3,NaN
2023156N12135,2023,GUCHOL,2023-06-16T00:00:00Z,39.2,176.3,NaN
2023156N12135,2023,GUCHOL,2023-06-16T03:00:00Z,39.3,177.2,NaN
2023156N12135,2023,GUCHOL,2023-06-16T06:00:00Z,39.5,178.1,NaN
2023156N12135,2023,GUCHOL,2023-06-16T09:00:00Z,39.6,178.8,NaN
2023156N12135,2023,GUCHOL,2023-06-16T12:00:00Z,39.6,179.5,NaN
2023194N16123,2023,TALIM,2023-07-13T06:00:00Z,15.8,122.8,NaN
2023194N16123,2023,TALIM,2023-07-13T09:00:00Z,16.1,122.7,NaN
2023194N16123,2023,TALIM,2023-07-13T12:00:00Z,16.3,122.6,NaN
2023194N16123,2023,TALIM,2023-07-13T15:00:00Z,16.6,122.4,NaN
2023194N16123,2023,TALIM,2023-07-13T18:00:00Z,16.9,122.2,NaN
2023194N16123,2023,TALIM,2023-07-13T21:00:00Z,17.5,121.9,NaN
2023194N16123,2023,TALIM,2023-07-14T00:00:00Z,17.9,121.3,NaN
2023194N16123,2023,TALIM,2023-07-14T03:00:00Z,17.9,120.5,NaN
2023194N16123,2023,TALIM,2023-07-14T06:00:00Z,17.7,119.8,NaN
2023194N16123,2023,TALIM,2023-07-14T09:00:00Z,17.5,119.3,NaN
2023194N16123,2023,TALIM,2023-07-14T12:00:00Z,17.4,119.0,NaN
2023194N16123,2023,TALIM,2023-07-14T15:00:00Z,17.5,118.8,NaN
2023194N16123,2023,TALIM,2023-07-14T18:00:00Z,17.6,118.6,NaN
2023194N16123,2023,TALIM,2023-07-14T21:00:00Z,17.7,118.4,NaN
2023194N16123,2023,TALIM,2023-07-15T00:00:00Z,17.8,118.3,NaN
2023194N16123,2023,TALIM,2023-07-15T03:00:00Z,18.0,118.2,NaN
2023194N16123,2023,TALIM,2023-07-15T06:00:00Z,18.1,117.9,35
2023194N16123,2023,TALIM,2023-07-15T09:00:00Z,18.2,117.6,NaN
2023194N16123,2023,TALIM,2023-07-15T12:00:00Z,18.4,117.3,40
2023194N16123,2023,TALIM,2023-07-15T15:00:00Z,18.5,117.0,NaN
2023194N16123,2023,TALIM,2023-07-15T18:00:00Z,18.7,116.8,45
2023194N16123,2023,TALIM,2023-07-15T21:00:00Z,18.8,116.5,NaN
2023194N16123,2023,TALIM,2023-07-16T00:00:00Z,18.9,116.2,50
2023194N16123,2023,TALIM,2023-07-16T03:00:00Z,19.1,115.8,NaN
2023194N16123,2023,TALIM,2023-07-16T06:00:00Z,19.2,115.5,50
2023194N16123,2023,TALIM,2023-07-16T09:00:00Z,19.4,115.1,NaN
2023194N16123,2023,TALIM,2023-07-16T12:00:00Z,19.6,114.6,50
2023194N16123,2023,TALIM,2023-07-16T13:00:00Z,19.6,114.4,NaN
2023194N16123,2023,TALIM,2023-07-16T14:00:00Z,19.6,114.3,NaN
2023194N16123,2023,TALIM,2023-07-16T15:00:00Z,19.7,114.2,NaN
2023194N16123,2023,TALIM,2023-07-16T16:00:00Z,19.7,114.0,NaN
2023194N16123,2023,TALIM,2023-07-16T17:00:00Z,19.7,113.9,NaN
2023194N16123,2023,TALIM,2023-07-16T18:00:00Z,19.8,113.8,55
2023194N16123,2023,TALIM,2023-07-16T19:00:00Z,19.8,113.7,NaN
2023194N16123,2023,TALIM,2023-07-16T20:00:00Z,19.9,113.6,NaN
2023194N16123,2023,TALIM,2023-07-16T21:00:00Z,19.9,113.5,NaN
2023194N16123,2023,TALIM,2023-07-16T22:00:00Z,20.0,113.4,NaN
2023194N16123,2023,TALIM,2023-07-16T23:00:00Z,20.1,113.3,NaN
2023194N16123,2023,TALIM,2023-07-17T00:00:00Z,20.1,113.1,60
2023194N16123,2023,TALIM,2023-07-17T01:00:00Z,20.2,113.0,NaN
2023194N16123,2023,TALIM,2023-07-17T02:00:00Z,20.3,112.8,NaN
2023194N16123,2023,TALIM,2023-07-17T03:00:00Z,20.4,112.6,NaN
2023194N16123,2023,TALIM,2023-07-17T04:00:00Z,20.5,112.5,NaN
2023194N16123,2023,TALIM,2023-07-17T05:00:00Z,20.6,112.3,NaN
2023194N16123,2023,TALIM,2023-07-17T06:00:00Z,20.7,112.1,60
2023194N16123,2023,TALIM,2023-07-17T07:00:00Z,20.8,111.9,NaN
2023194N16123,2023,TALIM,2023-07-17T08:00:00Z,20.9,111.7,NaN
2023194N16123,2023,TALIM,2023-07-17T09:00:00Z,21.0,111.5,NaN
2023194N16123,2023,TALIM,2023-07-17T10:00:00Z,21.1,111.3,NaN
2023194N16123,2023,TALIM,2023-07-17T11:00:00Z,21.1,111.1,NaN
2023194N16123,2023,TALIM,2023-07-17T12:00:00Z,21.2,110.9,60
2023194N16123,2023,TALIM,2023-07-17T15:00:00Z,21.2,110.3,NaN
2023194N16123,2023,TALIM,2023-07-17T18:00:00Z,21.3,109.7,55
2023194N16123,2023,TALIM,2023-07-17T21:00:00Z,21.5,109.3,NaN
2023194N16123,2023,TALIM,2023-07-18T00:00:00Z,21.7,108.9,50
2023194N16123,2023,TALIM,2023-07-18T03:00:00Z,22.1,108.2,NaN
2023194N16123,2023,TALIM,2023-07-18T06:00:00Z,22.4,107.6,45
2023194N16123,2023,TALIM,2023-07-18T09:00:00Z,22.3,107.0,NaN
2023194N16123,2023,TALIM,2023-07-18T12:00:00Z,22.3,106.5,NaN
2023194N16123,2023,TALIM,2023-07-18T15:00:00Z,22.3,106.1,NaN
2023194N16123,2023,TALIM,2023-07-18T18:00:00Z,22.4,105.7,NaN
2023194N16123,2023,TALIM,2023-07-18T21:00:00Z,22.6,105.1,NaN
2023194N16123,2023,TALIM,2023-07-19T00:00:00Z,22.8,104.4,NaN
2023194N16123,2023,TALIM,2023-07-19T03:00:00Z,23.1,103.8,NaN
2023194N16123,2023,TALIM,2023-07-19T06:00:00Z,23.4,103.3,NaN
2023201N13134,2023,DOKSURI,2023-07-20T06:00:00Z,12.7,133.7,NaN
2023201N13134,2023,DOKSURI,2023-07-20T09:00:00Z,12.9,133.7,NaN
2023201N13134,2023,DOKSURI,2023-07-20T12:00:00Z,13.1,133.5,NaN
2023201N13134,2023,DOKSURI,2023-07-20T15:00:00Z,13.4,133.4,NaN
2023201N13134,2023,DOKSURI,2023-07-20T18:00:00Z,13.6,133.2,NaN
2023201N13134,2023,DOKSURI,2023-07-20T21:00:00Z,13.7,133.0,NaN
2023201N13134,2023,DOKSURI,2023-07-21T00:00:00Z,13.8,132.8,35
2023201N13134,2023,DOKSURI,2023-07-21T03:00:00Z,13.9,132.6,NaN
2023201N13134,2023,DOKSURI,2023-07-21T06:00:00Z,14.0,132.5,35
2023201N13134,2023,DOKSURI,2023-07-21T09:00:00Z,14.1,132.4,NaN
2023201N13134,2023,DOKSURI,2023-07-21T12:00:00Z,14.2,132.2,35
2023201N13134,2023,DOKSURI,2023-07-21T15:00:00Z,14.2,132.0,NaN
2023201N13134,2023,DOKSURI,2023-07-21T18:00:00Z,14.2,131.8,35
2023201N13134,2023,DOKSURI,2023-07-21T21:00:00Z,14.3,131.6,NaN
2023201N13134,2023,DOKSURI,2023-07-22T00:00:00Z,14.3,131.3,40
2023201N13134,2023,DOKSURI,2023-07-22T03:00:00Z,14.4,131.1,NaN
2023201N13134,2023,DOKSURI,2023-07-22T06:00:00Z,14.4,130.8,40
2023201N13134,2023,DOKSURI,2023-07-22T09:00:00Z,14.4,130.5,NaN
2023201N13134,2023,DOKSURI,2023-07-22T12:00:00Z,14.4,130.3,45
2023201N13134,2023,DOKSURI,2023-07-22T15:00:00Z,14.5,130.0,NaN
2023201N13134,2023,DOKSURI,2023-07-22T18:00:00Z,14.6,129.7,50
2023201N13134,2023,DOKSURI,2023-07-22T21:00:00Z,14.7,129.3,NaN
2023201N13134,2023,DOKSURI,2023-07-23T00:00:00Z,14.8,129.0,55
2023201N13134,2023,DOKSURI,2023-07-23T03:00:00Z,14.8,128.6,NaN
2023201N13134,2023,DOKSURI,2023-07-23T06:00:00Z,14.9,128.3,60
2023201N13134,2023,DOKSURI,2023-07-23T09:00:00Z,15.0,128.0,NaN
2023201N13134,2023,DOKSURI,2023-07-23T12:00:00Z,15.0,127.7,60
2023201N13134,2023,DOKSURI,2023-07-23T15:00:00Z,15.1,127.4,NaN
2023201N13134,2023,DOKSURI,2023-07-23T18:00:00Z,15.1,127.0,70
2023201N13134,2023,DOKSURI,2023-07-23T21:00:00Z,15.2,126.8,NaN
2023201N13134,2023,DOKSURI,2023-07-24T00:00:00Z,15.3,126.6,75
2023201N13134,2023,DOKSURI,2023-07-24T03:00:00Z,15.4,126.5,NaN
2023201N13134,2023,DOKSURI,2023-07-24T06:00:00Z,15.7,126.3,85
2023201N13134,2023,DOKSURI,2023-07-24T09:00:00Z,16.1,126.1,NaN
2023201N13134,2023,DOKSURI,2023-07-24T12:00:00Z,16.5,125.8,90
2023201N13134,2023,DOKSURI,2023-07-24T15:00:00Z,16.7,125.4,NaN
2023201N13134,2023,DOKSURI,2023-07-24T18:00:00Z,16.9,125.1,100
2023201N13134,2023,DOKSURI,2023-07-24T21:00:00Z,17.3,124.9,NaN
2023201N13134,2023,DOKSURI,2023-07-25T00:00:00Z,17.6,124.6,100
2023201N13134,2023,DOKSURI,2023-07-25T03:00:00Z,18.0,124.2,NaN
2023201N13134,2023,DOKSURI,2023-07-25T06:00:00Z,18.3,123.7,100
2023201N13134,2023,DOKSURI,2023-07-25T09:00:00Z,18.6,123.3,NaN
2023201N13134,2023,DOKSURI,2023-07-25T12:00:00Z,18.9,122.7,100
2023201N13134,2023,DOKSURI,2023-07-25T15:00:00Z,19.0,122.1,NaN
2023201N13134,2023,DOKSURI,2023-07-25T18:00:00Z,19.0,121.6,100
2023201N13134,2023,DOKSURI,2023-07-25T21:00:00Z,18.9,121.4,NaN
2023201N13134,2023,DOKSURI,2023-07-26T00:00:00Z,18.9,121.4,90
2023201N13134,2023,DOKSURI,2023-07-26T03:00:00Z,19.1,121.2,NaN
2023201N13134,2023,DOKSURI,2023-07-26T06:00:00Z,19.3,121.0,85
2023201N13134,2023,DOKSURI,2023-07-26T09:00:00Z,19.4,120.8,NaN
2023201N13134,2023,DOKSURI,2023-07-26T12:00:00Z,19.6,120.6,80
2023201N13134,2023,DOKSURI,2023-07-26T15:00:00Z,19.8,120.3,NaN
2023201N13134,2023,DOKSURI,2023-07-26T18:00:00Z,20.0,120.0,80
2023201N13134,2023,DOKSURI,2023-07-26T21:00:00Z,20.4,119.9,NaN
2023201N13134,2023,DOKSURI,2023-07-27T00:00:00Z,20.7,119.7,75
2023201N13134,2023,DOKSURI,2023-07-27T03:00:00Z,20.9,119.4,NaN
2023201N13134,2023,DOKSURI,2023-07-27T06:00:00Z,21.1,119.3,75
2023201N13134,2023,DOKSURI,2023-07-27T09:00:00Z,21.4,119.2,NaN
2023201N13134,2023,DOKSURI,2023-07-27T12:00:00Z,21.8,119.1,80
2023201N13134,2023,DOKSURI,2023-07-27T15:00:00Z,22.2,119.1,NaN
2023201N13134,2023,DOKSURI,2023-07-27T18:00:00Z,22.8,119.0,80
2023201N13134,2023,DOKSURI,2023-07-27T21:00:00Z,23.5,118.9,NaN
2023201N13134,2023,DOKSURI,2023-07-28T00:00:00Z,24.2,118.8,70
2023201N13134,2023,DOKSURI,2023-07-28T03:00:00Z,24.9,118.6,NaN
2023201N13134,2023,DOKSURI,2023-07-28T06:00:00Z,25.5,118.3,50
2023201N13134,2023,DOKSURI,2023-07-28T09:00:00Z,26.3,118.1,NaN
2023201N13134,2023,DOKSURI,2023-07-28T12:00:00Z,27.1,117.7,40
2023201N13134,2023,DOKSURI,2023-07-28T15:00:00Z,28.0,117.4,NaN
2023201N13134,2023,DOKSURI,2023-07-28T18:00:00Z,28.7,117.1,35
2023201N13134,2023,DOKSURI,2023-07-28T21:00:00Z,29.6,116.5,NaN
2023201N13134,2023,DOKSURI,2023-07-29T00:00:00Z,30.3,115.8,NaN
2023201N13134,2023,DOKSURI,2023-07-29T03:00:00Z,31.2,115.1,NaN
2023201N13134,2023,DOKSURI,2023-07-29T06:00:00Z,31.9,114.9,NaN
2023201N13134,2023,DOKSURI,2023-07-29T09:00:00Z,32.4,114.5,NaN
2023201N13134,2023,DOKSURI,2023-07-29T12:00:00Z,33.0,114.5,NaN
2023201N13134,2023,DOKSURI,2023-07-29T15:00:00Z,33.4,114.4,NaN
2023201N13134,2023,DOKSURI,2023-07-29T18:00:00Z,34.0,114.3,NaN
2023201N13134,2023,DOKSURI,2023-07-29T21:00:00Z,34.8,114.2,NaN
2023201N13134,2023,DOKSURI,2023-07-30T00:00:00Z,35.5,113.8,NaN
2023201N13134,2023,DOKSURI,2023-07-30T03:00:00Z,35.8,113.6,NaN
2023201N13134,2023,DOKSURI,2023-07-30T06:00:00Z,36.0,113.5,NaN
2023201N13134,2023,DOKSURI,2023-07-30T09:00:00Z,36.2,113.3,NaN
2023201N13134,2023,DOKSURI,2023-07-30T12:00:00Z,36.5,112.9,NaN
2023201N13134,2023,DOKSURI,2023-07-30T15:00:00Z,36.6,112.8,NaN
2023201N13134,2023,DOKSURI,2023-07-30T18:00:00Z,36.8,113.2,NaN
2023201N13134,2023,DOKSURI,2023-07-30T21:00:00Z,37.0,113.3,NaN
2023201N13134,2023,DOKSURI,2023-07-31T00:00:00Z,37.4,113.4,NaN
2023207N09141,2023,KHANUN,2023-07-26T06:00:00Z,8.9,141.3,NaN
2023207N09141,2023,KHANUN,2023-07-26T09:00:00Z,9.3,141.2,NaN
2023207N09141,2023,KHANUN,2023-07-26T12:00:00Z,9.7,141.1,NaN
2023207N09141,2023,KHANUN,2023-07-26T15:00:00Z,10.1,141.0,NaN
2023207N09141,2023,KHANUN,2023-07-26T18:00:00Z,10.6,140.6,NaN
2023207N09141,2023,KHANUN,2023-07-26T21:00:00Z,11.1,140.3,NaN
2023207N09141,2023,KHANUN,2023-07-27T00:00:00Z,11.4,139.9,NaN
2023207N09141,2023,KHANUN,2023-07-27T03:00:00Z,11.6,139.3,NaN
2023207N09141,2023,KHANUN,2023-07-27T06:00:00Z,11.8,138.7,NaN
2023207N09141,2023,KHANUN,2023-07-27T09:00:00Z,12.0,138.2,NaN
2023207N09141,2023,KHANUN,2023-07-27T12:00:00Z,12.1,137.8,NaN
2023207N09141,2023,KHANUN,2023-07-27T15:00:00Z,12.3,137.4,NaN
2023207N09141,2023,KHANUN,2023-07-27T18:00:00Z,12.5,137.1,NaN
2023207N09141,2023,KHANUN,2023-07-27T21:00:00Z,12.7,136.8,NaN
2023207N09141,2023,KHANUN,2023-07-28T00:00:00Z,12.9,136.5,35
2023207N09141,2023,KHANUN,2023-07-28T03:00:00Z,13.2,136.2,NaN
2023207N09141,2023,KHANUN,2023-07-28T06:00:00Z,13.5,136.0,35
2023207N09141,2023,KHANUN,2023-07-28T09:00:00Z,13.8,135.7,NaN
2023207N09141,2023,KHANUN,2023-07-28T12:00:00Z,14.1,135.5,35
2023207N09141,2023,KHANUN,2023-07-28T15:00:00Z,14.5,135.1,NaN
2023207N09141,2023,KHANUN,2023-07-28T18:00:00Z,14.8,134.7,40
2023207N09141,2023,KHANUN,2023-07-28T21:00:00Z,15.2,134.3,NaN
2023207N09141,2023,KHANUN,2023-07-29T00:00:00Z,15.6,134.0,40
2023207N09141,2023,KHANUN,2023-07-29T03:00:00Z,16.0,133.8,NaN
2023207N09141,2023,KHANUN,2023-07-29T06:00:00Z,16.3,133.7,45
2023207N09141,2023,KHANUN,2023-07-29T09:00:00Z,16.6,133.5,NaN
2023207N09141,2023,KHANUN,2023-07-29T12:00:00Z,16.9,133.4,50
2023207N09141,2023,KHANUN,2023-07-29T15:00:00Z,17.3,133.2,NaN
2023207N09141,2023,KHANUN,2023-07-29T18:00:00Z,17.7,133.1,55
2023207N09141,2023,KHANUN,2023-07-29T21:00:00Z,18.2,132.9,NaN
2023207N09141,2023,KHANUN,2023-07-30T00:00:00Z,18.7,132.8,65
2023207N09141,2023,KHANUN,2023-07-30T03:00:00Z,19.2,132.7,NaN
2023207N09141,2023,KHANUN,2023-07-30T06:00:00Z,19.7,132.6,70
2023207N09141,2023,KHANUN,2023-07-30T09:00:00Z,20.0,132.5,NaN
2023207N09141,2023,KHANUN,2023-07-30T12:00:00Z,20.3,132.4,75
2023207N09141,2023,KHANUN,2023-07-30T15:00:00Z,20.7,132.3,NaN
2023207N09141,2023,KHANUN,2023-07-30T18:00:00Z,21.1,132.2,80
2023207N09141,2023,KHANUN,2023-07-30T21:00:00Z,21.6,132.1,80
2023207N09141,2023,KHANUN,2023-07-31T00:00:00Z,22.0,132.0,85
2023207N09141,2023,KHANUN,2023-07-31T03:00:00Z,22.4,131.8,85
2023207N09141,2023,KHANUN,2023-07-31T06:00:00Z,22.8,131.5,85
2023207N09141,2023,KHANUN,2023-07-31T09:00:00Z,23.1,131.3,85
2023207N09141,2023,KHANUN,2023-07-31T12:00:00Z,23.4,131.0,90
2023207N09141,2023,KHANUN,2023-07-31T15:00:00Z,23.8,130.7,90
2023207N09141,2023,KHANUN,2023-07-31T18:00:00Z,24.1,130.3,90
2023207N09141,2023,KHANUN,2023-07-31T21:00:00Z,24.4,129.8,90
2023207N09141,2023,KHANUN,2023-08-01T00:00:00Z,24.6,129.4,95
2023207N09141,2023,KHANUN,2023-08-01T03:00:00Z,24.8,129.0,95
2023207N09141,2023,KHANUN,2023-08-01T06:00:00Z,25.0,128.7,95
2023207N09141,2023,KHANUN,2023-08-01T09:00:00Z,25.2,128.4,95
2023207N09141,2023,KHANUN,2023-08-01T12:00:00Z,25.3,128.0,95
2023207N09141,2023,KHANUN,2023-08-01T15:00:00Z,25.4,127.7,95
2023207N09141,2023,KHANUN,2023-08-01T18:00:00Z,25.5,127.4,90
2023207N09141,2023,KHANUN,2023-08-01T21:00:00Z,25.7,127.1,90
2023207N09141,2023,KHANUN,2023-08-02T00:00:00Z,25.8,126.9,90
2023207N09141,2023,KHANUN,2023-08-02T03:00:00Z,26.0,126.5,90
2023207N09141,2023,KHANUN,2023-08-02T06:00:00Z,26.1,126.1,90
2023207N09141,2023,KHANUN,2023-08-02T09:00:00Z,26.1,125.8,90
2023207N09141,2023,KHANUN,2023-08-02T12:00:00Z,26.2,125.6,90
2023207N09141,2023,KHANUN,2023-08-02T15:00:00Z,26.3,125.3,90
2023207N09141,2023,KHANUN,2023-08-02T18:00:00Z,26.5,125.0,90
2023207N09141,2023,KHANUN,2023-08-02T21:00:00Z,26.5,124.8,90
2023207N09141,2023,KHANUN,2023-08-03T00:00:00Z,26.6,124.7,85
2023207N09141,2023,KHANUN,2023-08-03T03:00:00Z,26.7,124.5,85
2023207N09141,2023,KHANUN,2023-08-03T06:00:00Z,26.7,124.3,80
2023207N09141,2023,KHANUN,2023-08-03T09:00:00Z,26.7,124.2,80
2023207N09141,2023,KHANUN,2023-08-03T12:00:00Z,26.7,124.2,70
2023207N09141,2023,KHANUN,2023-08-03T15:00:00Z,26.8,124.3,70
2023207N09141,2023,KHANUN,2023-08-03T18:00:00Z,26.9,124.3,65
2023207N09141,2023,KHANUN,2023-08-03T21:00:00Z,26.9,124.4,65
2023207N09141,2023,KHANUN,2023-08-04T00:00:00Z,27.0,124.5,60
2023207N09141,2023,KHANUN,2023-08-04T03:00:00Z,27.1,124.8,60
2023207N09141,2023,KHANUN,2023-08-04T06:00:00Z,27.2,125.1,60
2023207N09141,2023,KHANUN,2023-08-04T09:00:00Z,27.3,125.4,60
2023207N09141,2023,KHANUN,2023-08-04T12:00:00Z,27.5,125.7,60
2023207N09141,2023,KHANUN,2023-08-04T15:00:00Z,27.6,126.0,60
2023207N09141,2023,KHANUN,2023-08-04T18:00:00Z,27.7,126.4,55
2023207N09141,2023,KHANUN,2023-08-04T21:00:00Z,27.7,126.6,55
2023207N09141,2023,KHANUN,2023-08-05T00:00:00Z,27.7,126.9,55
2023207N09141,2023,KHANUN,2023-08-05T03:00:00Z,27.8,127.2,55
2023207N09141,2023,KHANUN,2023-08-05T06:00:00Z,27.8,127.6,50
2023207N09141,2023,KHANUN,2023-08-05T09:00:00Z,27.8,128.1,50
2023207N09141,2023,KHANUN,2023-08-05T12:00:00Z,27.8,128.4,50
2023207N09141,2023,KHANUN,2023-08-05T15:00:00Z,27.9,128.7,50
2023207N09141,2023,KHANUN,2023-08-05T18:00:00Z,28.0,128.9,50
2023207N09141,2023,KHANUN,2023-08-05T21:00:00Z,27.8,129.2,50
2023207N09141,2023,KHANUN,2023-08-06T00:00:00Z,27.7,129.5,50
2023207N09141,2023,KHANUN,2023-08-06T03:00:00Z,27.7,129.8,50
2023207N09141,2023,KHANUN,2023-08-06T06:00:00Z,27.8,130.0,50
2023207N09141,2023,KHANUN,2023-08-06T09:00:00Z,27.7,130.3,50
2023207N09141,2023,KHANUN,2023-08-06T12:00:00Z,27.5,130.5,50
2023207N09141,2023,KHANUN,2023-08-06T15:00:00Z,27.5,130.7,50
2023207N09141,2023,KHANUN,2023-08-06T18:00:00Z,27.6,130.9,50
2023207N09141,2023,KHANUN,2023-08-06T21:00:00Z,27.7,131.0,50
2023207N09141,2023,KHANUN,2023-08-07T00:00:00Z,27.8,131.1,50
2023207N09141,2023,KHANUN,2023-08-07T03:00:00Z,27.9,131.2,50
2023207N09141,2023,KHANUN,2023-08-07T06:00:00Z,28.0,131.1,50
2023207N09141,2023,KHANUN,2023-08-07T09:00:00Z,28.1,131.2,50
2023207N09141,2023,KHANUN,2023-08-07T12:00:00Z,28.2,131.2,45
2023207N09141,2023,KHANUN,2023-08-07T15:00:00Z,28.3,131.1,45
2023207N09141,2023,KHANUN,2023-08-07T18:00:00Z,28.5,131.1,45
2023207N09141,2023,KHANUN,2023-08-07T21:00:00Z,28.7,131.0,45
2023207N09141,2023,KHANUN,2023-08-08T00:00:00Z,29.0,130.9,45
2023207N09141,2023,KHANUN,2023-08-08T03:00:00Z,29.2,130.8,45
2023207N09141,2023,KHANUN,2023-08-08T06:00:00Z,29.4,130.7,50
2023207N09141,2023,KHANUN,2023-08-08T09:00:00Z,29.7,130.6,50
2023207N09141,2023,KHANUN,2023-08-08T12:00:00Z,29.9,130.4,50
2023207N09141,2023,KHANUN,2023-08-08T15:00:00Z,30.2,130.1,50
2023207N09141,2023,KHANUN,2023-08-08T18:00:00Z,30.4,129.7,50
2023207N09141,2023,KHANUN,2023-08-08T21:00:00Z,30.6,129.5,50
2023207N09141,2023,KHANUN,2023-08-09T00:00:00Z,30.9,129.3,50
2023207N09141,2023,KHANUN,2023-08-09T03:00:00Z,31.3,129.1,50
2023207N09141,2023,KHANUN,2023-08-09T06:00:00Z,31.6,128.9,50
2023207N09141,2023,KHANUN,2023-08-09T09:00:00Z,32.0,128.8,50
2023207N09141,2023,KHANUN,2023-08-09T12:00:00Z,32.4,128.8,50
2023207N09141,2023,KHANUN,2023-08-09T15:00:00Z,32.9,128.7,50
2023207N09141,2023,KHANUN,2023-08-09T18:00:00Z,33.5,128.6,50
2023207N09141,2023,KHANUN,2023-08-09T21:00:00Z,34.1,128.7,50
2023207N09141,2023,KHANUN,2023-08-10T00:00:00Z,34.8,128.7,45
2023207N09141,2023,KHANUN,2023-08-10T03:00:00Z,35.7,128.5,NaN
2023207N09141,2023,KHANUN,2023-08-10T06:00:00Z,36.6,128.1,NaN
2023207N09141,2023,KHANUN,2023-08-10T09:00:00Z,37.3,128.0,NaN
2023207N09141,2023,KHANUN,2023-08-10T12:00:00Z,37.8,127.7,NaN
2023207N09141,2023,KHANUN,2023-08-10T15:00:00Z,38.1,127.2,NaN
2023207N09141,2023,KHANUN,2023-08-10T18:00:00Z,38.3,126.7,NaN
2023207N09141,2023,KHANUN,2023-08-10T21:00:00Z,38.5,126.3,NaN
2023207N09141,2023,KHANUN,2023-08-11T00:00:00Z,38.7,126.0,NaN
2023207N09141,2023,KHANUN,2023-08-11T03:00:00Z,38.9,125.5,NaN
2023207N09141,2023,KHANUN,2023-08-11T06:00:00Z,39.1,125.0,NaN
2023207N09141,2023,KHANUN,2023-08-11T09:00:00Z,39.1,124.4,NaN
2023207N09141,2023,KHANUN,2023-08-11T12:00:00Z,38.9,124.1,NaN
2023207N09141,2023,KHANUN,2023-08-11T15:00:00Z,38.3,124.3,NaN
2023207N09141,2023,KHANUN,2023-08-11T18:00:00Z,37.6,124.9,NaN
2023213N14257,2023,DORA,2023-08-12T03:00:00Z,16.0,179.6,NaN
2023213N14257,2023,DORA,2023-08-12T06:00:00Z,16.4,179.0,75
2023213N14257,2023,DORA,2023-08-12T09:00:00Z,16.8,178.5,NaN
2023213N14257,2023,DORA,2023-08-12T12:00:00Z,17.1,178.0,75
2023213N14257,2023,DORA,2023-08-12T15:00:00Z,17.4,177.4,NaN
2023213N14257,2023,DORA,2023-08-12T18:00:00Z,17.7,176.8,75
2023213N14257,2023,DORA,2023-08-12T21:00:00Z,17.9,176.0,NaN
2023213N14257,2023,DORA,2023-08-13T00:00:00Z,18.0,175.3,70
2023213N14257,2023,DORA,2023-08-13T03:00:00Z,18.1,174.7,NaN
2023213N14257,2023,DORA,2023-08-13T06:00:00Z,18.1,174.1,65
2023213N14257,2023,DORA,2023-08-13T09:00:00Z,18.1,173.4,NaN
2023213N14257,2023,DORA,2023-08-13T12:00:00Z,18.1,172.7,55
2023213N14257,2023,DORA,2023-08-13T15:00:00Z,18.2,172.1,NaN
2023213N14257,2023,DORA,2023-08-13T18:00:00Z,18.3,171.4,50
2023213N14257,2023,DORA,2023-08-13T21:00:00Z,18.5,170.8,NaN
2023213N14257,2023,DORA,2023-08-14T00:00:00Z,18.7,170.2,45
2023213N14257,2023,DORA,2023-08-14T03:00:00Z,19.0,169.6,NaN
2023213N14257,2023,DORA,2023-08-14T06:00:00Z,19.3,169.2,45
2023213N14257,2023,DORA,2023-08-14T09:00:00Z,19.5,168.8,NaN
2023213N14257,2023,DORA,2023-08-14T12:00:00Z,19.7,168.6,45
2023213N14257,2023,DORA,2023-08-14T15:00:00Z,20.0,168.3,NaN
2023213N14257,2023,DORA,2023-08-14T18:00:00Z,20.2,168.1,35
2023213N14257,2023,DORA,2023-08-14T21:00:00Z,20.4,168.0,NaN
2023213N14257,2023,DORA,2023-08-15T00:00:00Z,20.6,167.8,NaN
2023213N14257,2023,DORA,2023-08-15T03:00:00Z,21.0,167.7,NaN
2023213N14257,2023,DORA,2023-08-15T06:00:00Z,21.4,167.7,NaN
2023213N14257,2023,DORA,2023-08-15T09:00:00Z,22.0,167.8,NaN
2023213N14257,2023,DORA,2023-08-15T12:00:00Z,22.6,167.9,NaN
2023213N14257,2023,DORA,2023-08-15T15:00:00Z,23.1,168.1,NaN
2023213N14257,2023,DORA,2023-08-15T18:00:00Z,23.6,168.2,NaN
2023213N14257,2023,DORA,2023-08-15T21:00:00Z,24.0,168.3,NaN
2023213N14257,2023,DORA,2023-08-16T00:00:00Z,24.4,168.4,NaN
2023213N14257,2023,DORA,2023-08-16T03:00:00Z,24.8,168.5,NaN
2023213N14257,2023,DORA,2023-08-16T06:00:00Z,25.4,168.6,NaN
2023213N14257,2023,DORA,2023-08-16T09:00:00Z,26.1,168.7,NaN
2023213N14257,2023,DORA,2023-08-16T12:00:00Z,26.8,168.7,NaN
2023213N14257,2023,DORA,2023-08-16T15:00:00Z,27.3,168.6,NaN
2023213N14257,2023,DORA,2023-08-16T18:00:00Z,27.8,168.4,NaN
2023213N14257,2023,DORA,2023-08-16T21:00:00Z,28.4,168.3,NaN
2023213N14257,2023,DORA,2023-08-17T00:00:00Z,28.9,168.2,NaN
2023213N14257,2023,DORA,2023-08-17T03:00:00Z,29.4,168.0,NaN
2023213N14257,2023,DORA,2023-08-17T06:00:00Z,29.8,167.7,NaN
2023213N14257,2023,DORA,2023-08-17T09:00:00Z,30.2,167.5,NaN
2023213N14257,2023,DORA,2023-08-17T12:00:00Z,30.5,167.3,NaN
2023213N14257,2023,DORA,2023-08-17T15:00:00Z,30.9,167.0,NaN
2023213N14257,2023,DORA,2023-08-17T18:00:00Z,31.2,166.7,NaN
2023213N14257,2023,DORA,2023-08-17T21:00:00Z,31.5,166.4,NaN
2023213N14257,2023,DORA,2023-08-18T00:00:00Z,31.7,166.2,NaN
2023213N14257,2023,DORA,2023-08-18T03:00:00Z,31.8,166.1,NaN
2023213N14257,2023,DORA,2023-08-18T06:00:00Z,32.0,166.0,NaN
2023213N14257,2023,DORA,2023-08-18T09:00:00Z,32.0,166.0,NaN
2023213N14257,2023,DORA,2023-08-18T12:00:00Z,32.2,166.1,NaN
2023213N14257,2023,DORA,2023-08-18T15:00:00Z,32.3,166.5,NaN
2023213N14257,2023,DORA,2023-08-18T18:00:00Z,32.5,166.9,NaN
2023213N14257,2023,DORA,2023-08-18T21:00:00Z,32.7,167.3,NaN
2023213N14257,2023,DORA,2023-08-19T00:00:00Z,32.9,167.5,NaN
2023213N14257,2023,DORA,2023-08-19T03:00:00Z,33.1,167.8,NaN
2023213N14257,2023,DORA,2023-08-19T06:00:00Z,33.2,168.0,NaN
2023213N14257,2023,DORA,2023-08-19T09:00:00Z,33.2,168.3,NaN
2023213N14257,2023,DORA,2023-08-19T12:00:00Z,33.2,168.7,NaN
2023213N14257,2023,DORA,2023-08-19T15:00:00Z,33.2,169.1,NaN
2023213N14257,2023,DORA,2023-08-19T18:00:00Z,33.1,169.5,NaN
2023213N14257,2023,DORA,2023-08-19T21:00:00Z,33.0,169.9,NaN
2023213N14257,2023,DORA,2023-08-20T00:00:00Z,32.9,170.4,NaN
2023213N14257,2023,DORA,2023-08-20T03:00:00Z,32.7,170.9,NaN
2023213N14257,2023,DORA,2023-08-20T06:00:00Z,32.6,171.5,NaN
2023213N14257,2023,DORA,2023-08-20T09:00:00Z,32.4,172.1,NaN
2023213N14257,2023,DORA,2023-08-20T12:00:00Z,32.4,172.7,NaN
2023213N14257,2023,DORA,2023-08-20T15:00:00Z,32.4,173.3,NaN
2023213N14257,2023,DORA,2023-08-20T18:00:00Z,32.6,173.9,NaN
2023213N14257,2023,DORA,2023-08-20T21:00:00Z,32.7,174.5,NaN
2023213N14257,2023,DORA,2023-08-21T00:00:00Z,33.0,175.0,NaN
2023213N14257,2023,DORA,2023-08-21T03:00:00Z,33.3,175.3,NaN
2023213N14257,2023,DORA,2023-08-21T06:00:00Z,33.6,175.8,NaN
2023213N14257,2023,DORA,2023-08-21T09:00:00Z,33.9,176.3,NaN
2023213N14257,2023,DORA,2023-08-21T12:00:00Z,34.3,177.0,NaN
2023213N14257,2023,DORA,2023-08-21T15:00:00Z,34.8,177.6,NaN
2023213N14257,2023,DORA,2023-08-21T18:00:00Z,35.3,178.3,NaN
2023213N14257,2023,DORA,2023-08-21T21:00:00Z,35.7,178.9,NaN
2023213N14257,2023,DORA,2023-08-22T00:00:00Z,36.2,179.6,NaN
2023218N25145,2023,LAN,2023-08-06T00:00:00Z,24.5,145.1,NaN
2023218N25145,2023,LAN,2023-08-06T03:00:00Z,24.4,145.2,NaN
2023218N25145,2023,LAN,2023-08-06T06:00:00Z,24.2,145.5,NaN
2023218N25145,2023,LAN,2023-08-06T09:00:00Z,24.0,146.0,NaN
2023218N25145,2023,LAN,2023-08-06T12:00:00Z,23.8,146.6,NaN
2023218N25145,2023,LAN,2023-08-06T15:00:00Z,23.7,147.1,NaN
2023218N25145,2023,LAN,2023-08-06T18:00:00Z,23.7,147.5,NaN
2023218N25145,2023,LAN,2023-08-06T21:00:00Z,23.6,148.0,NaN
2023218N25145,2023,LAN,2023-08-07T00:00:00Z,23.3,148.5,NaN
2023218N25145,2023,LAN,2023-08-07T03:00:00Z,23.3,148.9,NaN
2023218N25145,2023,LAN,2023-08-07T06:00:00Z,23.3,149.2,NaN
2023218N25145,2023,LAN,2023-08-07T09:00:00Z,23.3,149.4,NaN
2023218N25145,2023,LAN,2023-08-07T12:00:00Z,23.4,149.5,NaN
2023218N25145,2023,LAN,2023-08-07T15:00:00Z,23.5,149.6,NaN
2023218N25145,2023,LAN,2023-08-07T18:00:00Z,23.8,149.5,NaN
2023218N25145,2023,LAN,2023-08-07T21:00:00Z,24.0,149.4,NaN
2023218N25145,2023,LAN,2023-08-08T00:00:00Z,24.1,149.2,35
2023218N25145,2023,LAN,2023-08-08T03:00:00Z,24.1,149.0,NaN
2023218N25145,2023,LAN,2023-08-08T06:00:00Z,24.1,148.7,40
2023218N25145,2023,LAN,2023-08-08T09:00:00Z,24.2,148.5,NaN
2023218N25145,2023,LAN,2023-08-08T12:00:00Z,24.2,148.3,45
2023218N25145,2023,LAN,2023-08-08T15:00:00Z,24.3,148.0,NaN
2023218N25145,2023,LAN,2023-08-08T18:00:00Z,24.3,147.6,45
2023218N25145,2023,LAN,2023-08-08T21:00:00Z,24.2,147.3,NaN
2023218N25145,2023,LAN,2023-08-09T00:00:00Z,24.2,146.9,50
2023218N25145,2023,LAN,2023-08-09T03:00:00Z,24.4,146.5,NaN
2023218N25145,2023,LAN,2023-08-09T06:00:00Z,24.5,146.0,50
2023218N25145,2023,LAN,2023-08-09T09:00:00Z,24.7,145.7,NaN
2023218N25145,2023,LAN,2023-08-09T12:00:00Z,24.8,145.3,55
2023218N25145,2023,LAN,2023-08-09T15:00:00Z,24.9,145.0,NaN
2023218N25145,2023,LAN,2023-08-09T18:00:00Z,25.0,144.6,60
2023218N25145,2023,LAN,2023-08-09T21:00:00Z,25.1,144.3,NaN
2023218N25145,2023,LAN,2023-08-10T00:00:00Z,25.2,143.9,65
2023218N25145,2023,LAN,2023-08-10T03:00:00Z,25.3,143.6,NaN
2023218N25145,2023,LAN,2023-08-10T06:00:00Z,25.5,143.5,75
2023218N25145,2023,LAN,2023-08-10T09:00:00Z,25.7,143.3,80
2023218N25145,2023,LAN,2023-08-10T12:00:00Z,25.9,143.2,85
2023218N25145,2023,LAN,2023-08-10T15:00:00Z,26.1,143.0,85
2023218N25145,2023,LAN,2023-08-10T18:00:00Z,26.3,142.9,90
2023218N25145,2023,LAN,2023-08-10T21:00:00Z,26.6,142.9,90
2023218N25145,2023,LAN,2023-08-11T00:00:00Z,26.8,142.9,90
2023218N25145,2023,LAN,2023-08-11T03:00:00Z,27.1,142.9,90
2023218N25145,2023,LAN,2023-08-11T06:00:00Z,27.4,142.9,90
2023218N25145,2023,LAN,2023-08-11T09:00:00Z,27.7,142.8,90
2023218N25145,2023,LAN,2023-08-11T12:00:00Z,27.9,142.6,90
2023218N25145,2023,LAN,2023-08-11T15:00:00Z,28.1,142.5,90
2023218N25145,2023,LAN,2023-08-11T18:00:00Z,28.2,142.4,85
2023218N25145,2023,LAN,2023-08-11T21:00:00Z,28.4,142.1,NaN
2023218N25145,2023,LAN,2023-08-12T00:00:00Z,28.5,141.8,85
2023218N25145,2023,LAN,2023-08-12T03:00:00Z,28.7,141.6,NaN
2023218N25145,2023,LAN,2023-08-12T06:00:00Z,28.9,141.4,85
2023218N25145,2023,LAN,2023-08-12T09:00:00Z,29.0,141.1,NaN
2023218N25145,2023,LAN,2023-08-12T12:00:00Z,29.1,140.7,80
2023218N25145,2023,LAN,2023-08-12T15:00:00Z,29.2,140.3,NaN
2023218N25145,2023,LAN,2023-08-12T18:00:00Z,29.3,140.0,75
2023218N25145,2023,LAN,2023-08-12T21:00:00Z,29.5,139.8,NaN
2023218N25145,2023,LAN,2023-08-13T00:00:00Z,29.8,139.6,75
2023218N25145,2023,LAN,2023-08-13T03:00:00Z,30.0,139.3,NaN
2023218N25145,2023,LAN,2023-08-13T06:00:00Z,30.3,138.9,75
2023218N25145,2023,LAN,2023-08-13T09:00:00Z,30.5,138.7,NaN
2023218N25145,2023,LAN,2023-08-13T12:00:00Z,30.8,138.5,75
2023218N25145,2023,LAN,2023-08-13T15:00:00Z,31.0,138.3,NaN
2023218N25145,2023,LAN,2023-08-13T18:00:00Z,31.3,138.0,70
2023218N25145,2023,LAN,2023-08-13T21:00:00Z,31.5,137.8,NaN
2023218N25145,2023,LAN,2023-08-14T00:00:00Z,31.8,137.5,70
2023218N25145,2023,LAN,2023-08-14T03:00:00Z,32.1,137.2,70
2023218N25145,2023,LAN,2023-08-14T06:00:00Z,32.3,136.9,65
2023218N25145,2023,LAN,2023-08-14T09:00:00Z,32.5,136.7,65
2023218N25145,2023,LAN,2023-08-14T12:00:00Z,32.7,136.6,60
2023218N25145,2023,LAN,2023-08-14T15:00:00Z,33.0,136.3,60
2023218N25145,2023,LAN,2023-08-14T18:00:00Z,33.3,136.0,60
2023218N25145,2023,LAN,2023-08-14T19:00:00Z,33.4,135.9,60
2023218N25145,2023,LAN,2023-08-14T21:00:00Z,33.7,135.7,60
2023218N25145,2023,LAN,2023-08-15T00:00:00Z,34.1,135.3,55
2023218N25145,2023,LAN,2023-08-15T03:00:00Z,34.6,135.1,50
2023218N25145,2023,LAN,2023-08-15T04:00:00Z,34.8,135.0,50
2023218N25145,2023,LAN,2023-08-15T06:00:00Z,35.1,134.9,50
2023218N25145,2023,LAN,2023-08-15T09:00:00Z,35.6,134.8,45
2023218N25145,2023,LAN,2023-08-15T12:00:00Z,36.1,134.7,45
2023218N25145,2023,LAN,2023-08-15T15:00:00Z,36.5,134.7,NaN
2023218N25145,2023,LAN,2023-08-15T18:00:00Z,37.0,134.7,40
2023218N25145,2023,LAN,2023-08-15T21:00:00Z,37.6,135.0,NaN
2023218N25145,2023,LAN,2023-08-16T00:00:00Z,38.2,135.4,40
2023218N25145,2023,LAN,2023-08-16T03:00:00Z,38.9,135.7,NaN
2023218N25145,2023,LAN,2023-08-16T06:00:00Z,39.7,136.0,40
2023218N25145,2023,LAN,2023-08-16T09:00:00Z,40.2,136.2,NaN
2023218N25145,2023,LAN,2023-08-16T12:00:00Z,40.8,136.4,40
2023218N25145,2023,LAN,2023-08-16T15:00:00Z,41.4,137.0,NaN
2023218N25145,2023,LAN,2023-08-16T18:00:00Z,42.1,137.5,40
2023218N25145,2023,LAN,2023-08-16T21:00:00Z,43.1,138.0,NaN
2023218N25145,2023,LAN,2023-08-17T00:00:00Z,44.0,138.4,40
2023218N25145,2023,LAN,2023-08-17T03:00:00Z,44.5,138.9,NaN
2023218N25145,2023,LAN,2023-08-17T06:00:00Z,44.9,139.5,NaN
2023218N25145,2023,LAN,2023-08-17T09:00:00Z,45.4,140.2,NaN
2023218N25145,2023,LAN,2023-08-17T12:00:00Z,46.0,141.2,NaN
2023218N25145,2023,LAN,2023-08-17T15:00:00Z,46.5,142.6,NaN
2023218N25145,2023,LAN,2023-08-17T18:00:00Z,47.0,144.2,NaN
2023218N25145,2023,LAN,2023-08-17T21:00:00Z,47.4,145.8,NaN
2023218N25145,2023,LAN,2023-08-18T00:00:00Z,47.8,147.4,NaN
2023218N25145,2023,LAN,2023-08-18T03:00:00Z,48.2,149.0,NaN
2023218N25145,2023,LAN,2023-08-18T06:00:00Z,48.5,150.6,NaN
2023218N25145,2023,LAN,2023-08-18T09:00:00Z,48.9,152.4,NaN
2023218N25145,2023,LAN,2023-08-18T12:00:00Z,49.2,154.3,NaN
2023234N18128,2023,SAOLA,2023-08-22T00:00:00Z,18.2,128.0,NaN
2023234N18128,2023,SAOLA,2023-08-22T03:00:00Z,18.2,127.8,NaN
2023234N18128,2023,SAOLA,2023-08-22T06:00:00Z,18.4,127.5,NaN
2023234N18128,2023,SAOLA,2023-08-22T09:00:00Z,18.5,127.2,NaN
2023234N18128,2023,SAOLA,2023-08-22T12:00:00Z,18.7,126.9,NaN
2023234N18128,2023,SAOLA,2023-08-22T15:00:00Z,18.7,126.7,NaN
2023234N18128,2023,SAOLA,2023-08-22T18:00:00Z,18.7,126.5,NaN
2023234N18128,2023,SAOLA,2023-08-22T21:00:00Z,18.7,126.3,NaN
2023234N18128,2023,SAOLA,2023-08-23T00:00:00Z,18.8,126.2,NaN
2023234N18128,2023,SAOLA,2023-08-23T03:00:00Z,18.9,126.0,NaN
2023234N18128,2023,SAOLA,2023-08-23T06:00:00Z,19.0,125.8,NaN
2023234N18128,2023,SAOLA,2023-08-23T09:00:00Z,19.0,125.7,NaN
2023234N18128,2023,SAOLA,2023-08-23T12:00:00Z,19.1,125.5,NaN
2023234N18128,2023,SAOLA,2023-08-23T15:00:00Z,19.4,125.3,NaN
2023234N18128,2023,SAOLA,2023-08-23T18:00:00Z,19.7,125.2,NaN
2023234N18128,2023,SAOLA,2023-08-23T21:00:00Z,19.9,125.1,NaN
2023234N18128,2023,SAOLA,2023-08-24T00:00:00Z,20.1,125.0,NaN
2023234N18128,2023,SAOLA,2023-08-24T03:00:00Z,20.3,124.8,NaN
2023234N18128,2023,SAOLA,2023-08-24T06:00:00Z,20.4,124.7,35
2023234N18128,2023,SAOLA,2023-08-24T09:00:00Z,20.3,124.5,NaN
2023234N18128,2023,SAOLA,2023-08-24T12:00:00Z,20.2,124.3,35
2023234N18128,2023,SAOLA,2023-08-24T15:00:00Z,20.1,124.2,NaN
2023234N18128,2023,SAOLA,2023-08-24T18:00:00Z,20.1,124.2,40
2023234N18128,2023,SAOLA,2023-08-24T21:00:00Z,20.0,124.1,NaN
2023234N18128,2023,SAOLA,2023-08-25T00:00:00Z,19.9,124.0,45
2023234N18128,2023,SAOLA,2023-08-25T03:00:00Z,19.8,123.9,NaN
2023234N18128,2023,SAOLA,2023-08-25T06:00:00Z,19.8,123.8,50
2023234N18128,2023,SAOLA,2023-08-25T09:00:00Z,19.6,123.7,NaN
2023234N18128,2023,SAOLA,2023-08-25T12:00:00Z,19.5,123.6,65
2023234N18128,2023,SAOLA,2023-08-25T15:00:00Z,19.3,123.5,NaN
2023234N18128,2023,SAOLA,2023-08-25T18:00:00Z,19.1,123.4,70
2023234N18128,2023,SAOLA,2023-08-25T21:00:00Z,18.8,123.3,NaN
2023234N18128,2023,SAOLA,2023-08-26T00:00:00Z,18.5,123.2,75
2023234N18128,2023,SAOLA,2023-08-26T03:00:00Z,18.2,123.2,NaN
2023234N18128,2023,SAOLA,2023-08-26T06:00:00Z,18.0,123.2,85
2023234N18128,2023,SAOLA,2023-08-26T09:00:00Z,17.8,123.1,NaN
2023234N18128,2023,SAOLA,2023-08-26T12:00:00Z,17.5,123.1,90
2023234N18128,2023,SAOLA,2023-08-26T15:00:00Z,17.3,123.0,NaN
2023234N18128,2023,SAOLA,2023-08-26T18:00:00Z,17.2,123.0,95
2023234N18128,2023,SAOLA,2023-08-26T21:00:00Z,17.0,122.9,NaN
2023234N18128,2023,SAOLA,2023-08-27T00:00:00Z,16.8,122.9,95
2023234N18128,2023,SAOLA,2023-08-27T03:00:00Z,16.6,122.9,NaN
2023234N18128,2023,SAOLA,2023-08-27T06:00:00Z,16.5,123.0,95
2023234N18128,2023,SAOLA,2023-08-27T09:00:00Z,16.4,123.1,NaN
2023234N18128,2023,SAOLA,2023-08-27T12:00:00Z,16.2,123.2,95
2023234N18128,2023,SAOLA,2023-08-27T15:00:00Z,16.0,123.4,NaN
2023234N18128,2023,SAOLA,2023-08-27T18:00:00Z,16.0,123.8,85
2023234N18128,2023,SAOLA,2023-08-27T21:00:00Z,16.4,124.1,NaN
2023234N18128,2023,SAOLA,2023-08-28T00:00:00Z,16.8,124.4,80
2023234N18128,2023,SAOLA,2023-08-28T03:00:00Z,17.2,124.3,NaN
2023234N18128,2023,SAOLA,2023-08-28T06:00:00Z,17.5,124.2,85
2023234N18128,2023,SAOLA,2023-08-28T09:00:00Z,17.7,124.2,NaN
2023234N18128,2023,SAOLA,2023-08-28T12:00:00Z,17.9,124.1,85
2023234N18128,2023,SAOLA,2023-08-28T15:00:00Z,18.1,124.0,NaN
2023234N18128,2023,SAOLA,2023-08-28T18:00:00Z,18.3,123.8,85
2023234N18128,2023,SAOLA,2023-08-28T21:00:00Z,18.4,123.6,NaN
2023234N18128,2023,SAOLA,2023-08-29T00:00:00Z,18.5,123.5,85
2023234N18128,2023,SAOLA,2023-08-29T03:00:00Z,18.7,123.3,NaN
2023234N18128,2023,SAOLA,2023-08-29T06:00:00Z,18.9,123.1,90
2023234N18128,2023,SAOLA,2023-08-29T09:00:00Z,19.1,122.9,NaN
2023234N18128,2023,SAOLA,2023-08-29T12:00:00Z,19.3,122.7,95
2023234N18128,2023,SAOLA,2023-08-29T15:00:00Z,19.6,122.3,NaN
2023234N18128,2023,SAOLA,2023-08-29T18:00:00Z,19.9,121.9,100
2023234N18128,2023,SAOLA,2023-08-29T21:00:00Z,20.0,121.4,NaN
2023234N18128,2023,SAOLA,2023-08-30T00:00:00Z,20.1,121.0,105
2023234N18128,2023,SAOLA,2023-08-30T03:00:00Z,20.2,120.7,NaN
2023234N18128,2023,SAOLA,2023-08-30T06:00:00Z,20.4,120.3,105
2023234N18128,2023,SAOLA,2023-08-30T09:00:00Z,20.6,120.0,NaN
2023234N18128,2023,SAOLA,2023-08-30T12:00:00Z,20.7,119.6,105
2023234N18128,2023,SAOLA,2023-08-30T15:00:00Z,20.8,119.2,NaN
2023234N18128,2023,SAOLA,2023-08-30T18:00:00Z,20.9,118.7,105
2023234N18128,2023,SAOLA,2023-08-30T21:00:00Z,21.0,118.4,NaN
2023234N18128,2023,SAOLA,2023-08-31T00:00:00Z,21.0,118.2,105
2023234N18128,2023,SAOLA,2023-08-31T03:00:00Z,21.1,118.0,NaN
2023234N18128,2023,SAOLA,2023-08-31T06:00:00Z,21.2,117.8,105
2023234N18128,2023,SAOLA,2023-08-31T09:00:00Z,21.3,117.6,NaN
2023234N18128,2023,SAOLA,2023-08-31T12:00:00Z,21.5,117.3,100
2023234N18128,2023,SAOLA,2023-08-31T15:00:00Z,21.5,117.1,NaN
2023234N18128,2023,SAOLA,2023-08-31T18:00:00Z,21.6,116.8,95
2023234N18128,2023,SAOLA,2023-08-31T19:00:00Z,21.6,116.7,NaN
2023234N18128,2023,SAOLA,2023-08-31T20:00:00Z,21.7,116.6,NaN
2023234N18128,2023,SAOLA,2023-08-31T21:00:00Z,21.7,116.5,NaN
2023234N18128,2023,SAOLA,2023-08-31T22:00:00Z,21.8,116.4,NaN
2023234N18128,2023,SAOLA,2023-08-31T23:00:00Z,21.8,116.3,NaN
2023234N18128,2023,SAOLA,2023-09-01T00:00:00Z,21.9,116.2,95
2023234N18128,2023,SAOLA,2023-09-01T01:00:00Z,21.9,116.1,NaN
2023234N18128,2023,SAOLA,2023-09-01T02:00:00Z,21.9,116.0,NaN
2023234N18128,2023,SAOLA,2023-09-01T03:00:00Z,21.9,115.9,NaN
2023234N18128,2023,SAOLA,2023-09-01T04:00:00Z,22.0,115.7,NaN
2023234N18128,2023,SAOLA,2023-09-01T05:00:00Z,22.0,115.6,NaN
2023234N18128,2023,SAOLA,2023-09-01T06:00:00Z,22.0,115.4,95
2023234N18128,2023,SAOLA,2023-09-01T07:00:00Z,22.0,115.3,NaN
2023234N18128,2023,SAOLA,2023-09-01T08:00:00Z,22.0,115.1,NaN
2023234N18128,2023,SAOLA,2023-09-01T09:00:00Z,22.0,114.9,NaN
2023234N18128,2023,SAOLA,2023-09-01T10:00:00Z,22.0,114.8,NaN
2023234N18128,2023,SAOLA,2023-09-01T11:00:00Z,22.0,114.6,NaN
2023234N18128,2023,SAOLA,2023-09-01T12:00:00Z,22.0,114.4,85
2023234N18128,2023,SAOLA,2023-09-01T13:00:00Z,22.0,114.3,NaN
2023234N18128,2023,SAOLA,2023-09-01T14:00:00Z,22.0,114.1,NaN
2023234N18128,2023,SAOLA,2023-09-01T15:00:00Z,22.0,114.0,NaN
2023234N18128,2023,SAOLA,2023-09-01T16:00:00Z,22.0,113.8,NaN
2023234N18128,2023,SAOLA,2023-09-01T17:00:00Z,22.0,113.6,NaN
2023234N18128,2023,SAOLA,2023-09-01T18:00:00Z,22.0,113.5,70
2023234N18128,2023,SAOLA,2023-09-01T19:00:00Z,21.9,113.3,NaN
2023234N18128,2023,SAOLA,2023-09-01T20:00:00Z,21.9,113.2,NaN
2023234N18128,2023,SAOLA,2023-09-01T21:00:00Z,21.9,113.1,NaN
2023234N18128,2023,SAOLA,2023-09-01T22:00:00Z,21.8,113.0,NaN
2023234N18128,2023,SAOLA,2023-09-01T23:00:00Z,21.8,112.9,NaN
2023234N18128,2023,SAOLA,2023-09-02T00:00:00Z,21.7,112.8,60
2023234N18128,2023,SAOLA,2023-09-02T01:00:00Z,21.7,112.6,NaN
2023234N18128,2023,SAOLA,2023-09-02T02:00:00Z,21.7,112.5,NaN
2023234N18128,2023,SAOLA,2023-09-02T03:00:00Z,21.7,112.3,NaN
2023234N18128,2023,SAOLA,2023-09-02T04:00:00Z,21.7,112.2,NaN
2023234N18128,2023,SAOLA,2023-09-02T05:00:00Z,21.7,112.1,NaN
2023234N18128,2023,SAOLA,2023-09-02T06:00:00Z,21.7,111.9,50
2023234N18128,2023,SAOLA,2023-09-02T07:00:00Z,21.8,111.8,NaN
2023234N18128,2023,SAOLA,2023-09-02T08:00:00Z,21.8,111.6,NaN
2023234N18128,2023,SAOLA,2023-09-02T09:00:00Z,21.8,111.5,NaN
2023234N18128,2023,SAOLA,2023-09-02T12:00:00Z,21.7,111.0,35
2023234N18128,2023,SAOLA,2023-09-02T15:00:00Z,21.6,110.6,NaN
2023234N18128,2023,SAOLA,2023-09-02T18:00:00Z,21.5,110.2,NaN
2023234N18128,2023,SAOLA,2023-09-02T21:00:00Z,21.3,109.9,NaN
2023234N18128,2023,SAOLA,2023-09-03T00:00:00Z,21.2,109.6,NaN
2023234N18128,2023,SAOLA,2023-09-03T03:00:00Z,21.2,109.5,NaN
2023234N18128,2023,SAOLA,2023-09-03T06:00:00Z,21.1,109.4,NaN
2023234N18128,2023,SAOLA,2023-09-03T09:00:00Z,20.9,109.3,NaN
2023234N18128,2023,SAOLA,2023-09-03T12:00:00Z,20.7,109.2,NaN
2023234N18128,2023,SAOLA,2023-09-03T15:00:00Z,20.5,109.1,NaN
2023234N18128,2023,SAOLA,2023-09-03T18:00:00Z,20.3,109.1,NaN
2023234N18128,2023,SAOLA,2023-09-03T21:00:00Z,20.1,109.1,NaN
2023234N18128,2023,SAOLA,2023-09-04T00:00:00Z,19.9,109.1,NaN
2023234N19154,2023,DAMREY,2023-08-21T12:00:00Z,18.9,154.3,NaN
2023234N19154,2023,DAMREY,2023-08-21T15:00:00Z,18.9,154.0,NaN
2023234N19154,2023,DAMREY,2023-08-21T18:00:00Z,19.0,153.8,NaN
2023234N19154,2023,DAMREY,2023-08-21T21:00:00Z,19.1,153.6,NaN
2023234N19154,2023,DAMREY,2023-08-22T00:00:00Z,19.1,153.3,NaN
2023234N19154,2023,DAMREY,2023-08-22T03:00:00Z,19.0,152.8,NaN
2023234N19154,2023,DAMREY,2023-08-22T06:00:00Z,18.8,152.4,NaN
2023234N19154,2023,DAMREY,2023-08-22T09:00:00Z,18.4,152.1,NaN
2023234N19154,2023,DAMREY,2023-08-22T12:00:00Z,18.0,151.9,NaN
2023234N19154,2023,DAMREY,2023-08-22T15:00:00Z,17.8,151.7,NaN
2023234N19154,2023,DAMREY,2023-08-22T18:00:00Z,17.6,151.6,NaN
2023234N19154,2023,DAMREY,2023-08-22T21:00:00Z,17.3,151.5,NaN
2023234N19154,2023,DAMREY,2023-08-23T00:00:00Z,17.1,151.3,NaN
2023234N19154,2023,DAMREY,2023-08-23T03:00:00Z,17.1,151.1,NaN
2023234N19154,2023,DAMREY,2023-08-23T06:00:00Z,17.1,150.8,NaN
2023234N19154,2023,DAMREY,2023-08-23T09:00:00Z,17.0,150.3,NaN
2023234N19154,2023,DAMREY,2023-08-23T12:00:00Z,16.8,150.0,NaN
2023234N19154,2023,DAMREY,2023-08-23T15:00:00Z,16.7,149.9,NaN
2023234N19154,2023,DAMREY,2023-08-23T18:00:00Z,16.6,149.8,NaN
2023234N19154,2023,DAMREY,2023-08-23T21:00:00Z,16.5,149.7,NaN
2023234N19154,2023,DAMREY,2023-08-24T00:00:00Z,16.4,149.7,NaN
2023234N19154,2023,DAMREY,2023-08-24T03:00:00Z,16.4,149.8,NaN
2023234N19154,2023,DAMREY,2023-08-24T06:00:00Z,16.5,150.0,NaN
2023234N19154,2023,DAMREY,2023-08-24T09:00:00Z,16.6,150.4,NaN
2023234N19154,2023,DAMREY,2023-08-24T12:00:00Z,16.7,151.0,NaN
2023234N19154,2023,DAMREY,2023-08-24T15:00:00Z,17.1,151.9,NaN
2023234N19154,2023,DAMREY,2023-08-24T18:00:00Z,17.6,153.0,35
2023234N19154,2023,DAMREY,2023-08-24T21:00:00Z,18.2,153.9,NaN
2023234N19154,2023,DAMREY,2023-08-25T00:00:00Z,18.8,154.7,35
2023234N19154,2023,DAMREY,2023-08-25T03:00:00Z,19.4,155.2,NaN
2023234N19154,2023,DAMREY,2023-08-25T06:00:00Z,20.1,155.5,40
2023234N19154,2023,DAMREY,2023-08-25T09:00:00Z,20.8,155.5,NaN
2023234N19154,2023,DAMREY,2023-08-25T12:00:00Z,21.5,155.4,40
2023234N19154,2023,DAMREY,2023-08-25T15:00:00Z,22.3,155.1,NaN
2023234N19154,2023,DAMREY,2023-08-25T18:00:00Z,23.0,154.8,40
2023234N19154,2023,DAMREY,2023-08-25T21:00:00Z,23.6,154.5,NaN
2023234N19154,2023,DAMREY,2023-08-26T00:00:00Z,24.3,154.1,45
2023234N19154,2023,DAMREY,2023-08-26T03:00:00Z,25.2,153.5,NaN
2023234N19154,2023,DAMREY,2023-08-26T06:00:00Z,26.1,152.8,50
2023234N19154,2023,DAMREY,2023-08-26T09:00:00Z,26.9,152.0,NaN
2023234N19154,2023,DAMREY,2023-08-26T12:00:00Z,27.7,151.0,50
2023234N19154,2023,DAMREY,2023-08-26T15:00:00Z,28.6,150.2,NaN
2023234N19154,2023,DAMREY,2023-08-26T18:00:00Z,29.5,149.4,50
2023234N19154,2023,DAMREY,2023-08-26T21:00:00Z,30.6,148.4,NaN
2023234N19154,2023,DAMREY,2023-08-27T00:00:00Z,31.7,147.4,50
2023234N19154,2023,DAMREY,2023-08-27T03:00:00Z,32.8,146.5,NaN
2023234N19154,2023,DAMREY,2023-08-27T06:00:00Z,33.8,145.7,50
2023234N19154,2023,DAMREY,2023-08-27T09:00:00Z,34.8,145.0,NaN
2023234N19154,2023,DAMREY,2023-08-27T12:00:00Z,35.6,144.5,50
2023234N19154,2023,DAMREY,2023-08-27T15:00:00Z,36.5,144.2,NaN
2023234N19154,2023,DAMREY,2023-08-27T18:00:00Z,37.2,144.2,45
2023234N19154,2023,DAMREY,2023-08-27T21:00:00Z,37.9,144.3,NaN
2023234N19154,2023,DAMREY,2023-08-28T00:00:00Z,38.6,144.6,45
2023234N19154,2023,DAMREY,2023-08-28T03:00:00Z,39.2,144.9,NaN
2023234N19154,2023,DAMREY,2023-08-28T06:00:00Z,39.8,145.5,45
2023234N19154,2023,DAMREY,2023-08-28T09:00:00Z,40.2,146.4,NaN
2023234N19154,2023,DAMREY,2023-08-28T12:00:00Z,40.5,147.4,50
2023234N19154,2023,DAMREY,2023-08-28T15:00:00Z,40.8,148.4,NaN
2023234N19154,2023,DAMREY,2023-08-28T18:00:00Z,41.0,149.5,50
2023234N19154,2023,DAMREY,2023-08-28T21:00:00Z,41.2,150.8,NaN
2023234N19154,2023,DAMREY,2023-08-29T00:00:00Z,41.2,152.4,45
2023234N19154,2023,DAMREY,2023-08-29T03:00:00Z,41.2,154.4,NaN
2023234N19154,2023,DAMREY,2023-08-29T06:00:00Z,41.1,156.6,NaN
2023234N19154,2023,DAMREY,2023-08-29T09:00:00Z,41.2,158.8,NaN
2023234N19154,2023,DAMREY,2023-08-29T12:00:00Z,41.3,161.1,NaN
2023234N19154,2023,DAMREY,2023-08-29T15:00:00Z,41.3,163.4,NaN
2023234N19154,2023,DAMREY,2023-08-29T18:00:00Z,41.4,165.9,NaN
2023234N19154,2023,DAMREY,2023-08-29T21:00:00Z,41.8,169.1,NaN
2023234N19154,2023,DAMREY,2023-08-30T00:00:00Z,42.4,172.7,NaN
2023234N19154,2023,DAMREY,2023-08-30T03:00:00Z,43.4,176.0,NaN
2023234N19154,2023,DAMREY,2023-08-30T06:00:00Z,44.5,178.8,NaN
2023239N18144,2023,HAIKUI,2023-08-27T00:00:00Z,18.1,144.4,NaN
2023239N18144,2023,HAIKUI,2023-08-27T03:00:00Z,18.2,144.4,NaN
2023239N18144,2023,HAIKUI,2023-08-27T06:00:00Z,18.3,144.4,NaN
2023239N18144,2023,HAIKUI,2023-08-27T09:00:00Z,18.4,144.2,NaN
2023239N18144,2023,HAIKUI,2023-08-27T12:00:00Z,18.3,144.0,NaN
2023239N18144,2023,HAIKUI,2023-08-27T15:00:00Z,18.2,143.8,NaN
2023239N18144,2023,HAIKUI,2023-08-27T18:00:00Z,18.2,143.5,NaN
2023239N18144,2023,HAIKUI,2023-08-27T21:00:00Z,18.2,143.2,NaN
2023239N18144,2023,HAIKUI,2023-08-28T00:00:00Z,18.3,142.7,NaN
2023239N18144,2023,HAIKUI,2023-08-28T03:00:00Z,18.4,142.2,NaN
2023239N18144,2023,HAIKUI,2023-08-28T06:00:00Z,18.5,141.6,NaN
2023239N18144,2023,HAIKUI,2023-08-28T09:00:00Z,18.5,141.1,NaN
2023239N18144,2023,HAIKUI,2023-08-28T12:00:00Z,18.6,140.6,NaN
2023239N18144,2023,HAIKUI,2023-08-28T15:00:00Z,18.6,140.0,NaN
2023239N18144,2023,HAIKUI,2023-08-28T18:00:00Z,18.7,139.4,35
2023239N18144,2023,HAIKUI,2023-08-28T21:00:00Z,18.8,138.8,NaN
2023239N18144,2023,HAIKUI,2023-08-29T00:00:00Z,19.0,138.2,40
2023239N18144,2023,HAIKUI,2023-08-29T03:00:00Z,19.0,137.7,NaN
2023239N18144,2023,HAIKUI,2023-08-29T06:00:00Z,19.1,137.3,45
2023239N18144,2023,HAIKUI,2023-08-29T09:00:00Z,19.2,137.0,NaN
2023239N18144,2023,HAIKUI,2023-08-29T12:00:00Z,19.3,136.8,45
2023239N18144,2023,HAIKUI,2023-08-29T15:00:00Z,19.5,136.7,NaN
2023239N18144,2023,HAIKUI,2023-08-29T18:00:00Z,19.7,136.6,45
2023239N18144,2023,HAIKUI,2023-08-29T21:00:00Z,19.9,136.4,NaN
2023239N18144,2023,HAIKUI,2023-08-30T00:00:00Z,20.1,136.1,45
2023239N18144,2023,HAIKUI,2023-08-30T03:00:00Z,20.3,135.8,NaN
2023239N18144,2023,HAIKUI,2023-08-30T06:00:00Z,20.4,135.5,45
2023239N18144,2023,HAIKUI,2023-08-30T09:00:00Z,20.6,135.2,NaN
2023239N18144,2023,HAIKUI,2023-08-30T12:00:00Z,20.8,134.9,45
2023239N18144,2023,HAIKUI,2023-08-30T15:00:00Z,20.9,134.4,NaN
2023239N18144,2023,HAIKUI,2023-08-30T18:00:00Z,21.0,133.8,50
2023239N18144,2023,HAIKUI,2023-08-30T21:00:00Z,21.1,133.4,NaN
2023239N18144,2023,HAIKUI,2023-08-31T00:00:00Z,21.1,133.0,55
2023239N18144,2023,HAIKUI,2023-08-31T03:00:00Z,21.2,132.5,NaN
2023239N18144,2023,HAIKUI,2023-08-31T06:00:00Z,21.3,132.1,55
2023239N18144,2023,HAIKUI,2023-08-31T09:00:00Z,21.5,131.6,NaN
2023239N18144,2023,HAIKUI,2023-08-31T12:00:00Z,21.7,131.2,55
2023239N18144,2023,HAIKUI,2023-08-31T15:00:00Z,21.8,130.7,NaN
2023239N18144,2023,HAIKUI,2023-08-31T18:00:00Z,21.9,130.3,55
2023239N18144,2023,HAIKUI,2023-08-31T21:00:00Z,22.0,129.9,NaN
2023239N18144,2023,HAIKUI,2023-09-01T00:00:00Z,22.1,129.5,60
2023239N18144,2023,HAIKUI,2023-09-01T03:00:00Z,22.1,129.0,NaN
2023239N18144,2023,HAIKUI,2023-09-01T06:00:00Z,22.1,128.5,60
2023239N18144,2023,HAIKUI,2023-09-01T09:00:00Z,22.0,128.1,NaN
2023239N18144,2023,HAIKUI,2023-09-01T12:00:00Z,21.9,127.8,65
2023239N18144,2023,HAIKUI,2023-09-01T15:00:00Z,21.8,127.4,NaN
2023239N18144,2023,HAIKUI,2023-09-01T18:00:00Z,21.9,127.1,65
2023239N18144,2023,HAIKUI,2023-09-01T21:00:00Z,22.0,126.7,NaN
2023239N18144,2023,HAIKUI,2023-09-02T00:00:00Z,22.1,126.3,70
2023239N18144,2023,HAIKUI,2023-09-02T03:00:00Z,22.3,125.8,NaN
2023239N18144,2023,HAIKUI,2023-09-02T06:00:00Z,22.4,125.3,75
2023239N18144,2023,HAIKUI,2023-09-02T09:00:00Z,22.6,124.8,NaN
2023239N18144,2023,HAIKUI,2023-09-02T12:00:00Z,22.7,124.3,75
2023239N18144,2023,HAIKUI,2023-09-02T15:00:00Z,22.7,123.7,NaN
2023239N18144,2023,HAIKUI,2023-09-02T18:00:00Z,22.6,123.2,85
2023239N18144,2023,HAIKUI,2023-09-02T21:00:00Z,22.5,122.9,NaN
2023239N18144,2023,HAIKUI,2023-09-03T00:00:00Z,22.6,122.6,80
2023239N18144,2023,HAIKUI,2023-09-03T03:00:00Z,22.7,122.1,NaN
2023239N18144,2023,HAIKUI,2023-09-03T06:00:00Z,22.9,121.5,65
2023239N18144,2023,HAIKUI,2023-09-03T09:00:00Z,22.9,120.8,NaN
2023239N18144,2023,HAIKUI,2023-09-03T12:00:00Z,22.8,120.2,55
2023239N18144,2023,HAIKUI,2023-09-03T15:00:00Z,22.6,120.0,NaN
2023239N18144,2023,HAIKUI,2023-09-03T18:00:00Z,22.6,120.1,50
2023239N18144,2023,HAIKUI,2023-09-03T21:00:00Z,22.9,120.1,NaN
2023239N18144,2023,HAIKUI,2023-09-04T00:00:00Z,23.2,119.8,45
2023239N18144,2023,HAIKUI,2023-09-04T03:00:00Z,23.2,119.5,NaN
2023239N18144,2023,HAIKUI,2023-09-04T06:00:00Z,23.2,119.2,45
2023239N18144,2023,HAIKUI,2023-09-04T09:00:00Z,23.4,119.0,NaN
2023239N18144,2023,HAIKUI,2023-09-04T12:00:00Z,23.6,118.6,40
2023239N18144,2023,HAIKUI,2023-09-04T15:00:00Z,23.6,118.1,NaN
2023239N18144,2023,HAIKUI,2023-09-04T18:00:00Z,23.6,117.5,35
2023239N18144,2023,HAIKUI,2023-09-04T21:00:00Z,23.5,117.2,NaN
2023239N18144,2023,HAIKUI,2023-09-05T00:00:00Z,23.5,116.9,NaN
2023239N18144,2023,HAIKUI,2023-09-05T03:00:00Z,23.5,116.7,NaN
2023239N18144,2023,HAIKUI,2023-09-05T06:00:00Z,23.6,116.6,NaN
2023239N18144,2023,HAIKUI,2023-09-05T09:00:00Z,23.7,116.4,NaN
2023239N18144,2023,HAIKUI,2023-09-05T12:00:00Z,23.6,116.2,NaN
2023239N18144,2023,HAIKUI,2023-09-05T15:00:00Z,23.5,115.9,NaN
2023239N18144,2023,HAIKUI,2023-09-05T18:00:00Z,23.4,115.6,NaN
2023239N18144,2023,HAIKUI,2023-09-05T21:00:00Z,23.3,115.4,NaN
2023239N18144,2023,HAIKUI,2023-09-06T00:00:00Z,23.3,115.1,NaN
2023239N18144,2023,HAIKUI,2023-09-06T03:00:00Z,23.2,114.9,NaN
2023239N18144,2023,HAIKUI,2023-09-06T06:00:00Z,23.1,114.8,NaN
2023239N18144,2023,HAIKUI,2023-09-06T09:00:00Z,23.0,114.7,NaN
2023239N18144,2023,HAIKUI,2023-09-06T12:00:00Z,22.9,114.6,NaN
2023239N18144,2023,HAIKUI,2023-09-06T15:00:00Z,22.8,114.5,NaN
2023239N18144,2023,HAIKUI,2023-09-06T18:00:00Z,22.7,114.2,NaN
2023239N18144,2023,HAIKUI,2023-09-06T21:00:00Z,22.7,113.9,NaN
2023239N18144,2023,HAIKUI,2023-09-07T00:00:00Z,23.0,113.8,NaN
2023239N18144,2023,HAIKUI,2023-09-07T03:00:00Z,23.2,113.6,NaN
2023239N18144,2023,HAIKUI,2023-09-07T06:00:00Z,23.2,113.4,NaN
2023239N18144,2023,HAIKUI,2023-09-07T09:00:00Z,23.2,113.3,NaN
2023239N18144,2023,HAIKUI,2023-09-07T12:00:00Z,23.2,113.2,NaN
2023239N18144,2023,HAIKUI,2023-09-07T15:00:00Z,23.1,113.0,NaN
2023239N18144,2023,HAIKUI,2023-09-07T18:00:00Z,23.0,112.7,NaN
2023239N18144,2023,HAIKUI,2023-09-07T21:00:00Z,22.9,112.3,NaN
2023239N18144,2023,HAIKUI,2023-09-08T00:00:00Z,22.7,111.9,NaN
2023239N18144,2023,HAIKUI,2023-09-08T03:00:00Z,22.6,111.5,NaN
2023239N18144,2023,HAIKUI,2023-09-08T06:00:00Z,22.6,111.1,NaN
2023239N18144,2023,HAIKUI,2023-09-08T09:00:00Z,22.4,111.0,NaN
2023239N18144,2023,HAIKUI,2023-09-08T12:00:00Z,22.2,110.8,NaN
2023239N18144,2023,HAIKUI,2023-09-08T15:00:00Z,21.9,110.6,NaN
2023239N18144,2023,HAIKUI,2023-09-08T18:00:00Z,21.5,110.3,NaN
2023239N18144,2023,HAIKUI,2023-09-08T21:00:00Z,21.2,110.0,NaN
2023239N18144,2023,HAIKUI,2023-09-09T00:00:00Z,21.2,109.8,NaN
2023239N18144,2023,HAIKUI,2023-09-09T03:00:00Z,21.4,109.9,NaN
2023239N18144,2023,HAIKUI,2023-09-09T06:00:00Z,21.5,110.0,NaN
2023239N18144,2023,HAIKUI,2023-09-09T09:00:00Z,21.5,110.0,NaN
2023239N18144,2023,HAIKUI,2023-09-09T12:00:00Z,21.6,110.0,NaN
2023239N18144,2023,HAIKUI,2023-09-09T15:00:00Z,21.6,110.0,NaN
2023239N18144,2023,HAIKUI,2023-09-09T18:00:00Z,21.7,110.0,NaN
2023239N18144,2023,HAIKUI,2023-09-09T21:00:00Z,21.9,110.0,NaN
2023239N18144,2023,HAIKUI,2023-09-10T00:00:00Z,22.1,110.0,NaN
2023239N18144,2023,HAIKUI,2023-09-10T03:00:00Z,22.4,109.9,NaN
2023239N18144,2023,HAIKUI,2023-09-10T06:00:00Z,22.6,109.7,NaN
2023239N18144,2023,HAIKUI,2023-09-10T09:00:00Z,22.5,109.5,NaN
2023239N18144,2023,HAIKUI,2023-09-10T12:00:00Z,22.3,109.4,NaN
2023241N10158,2023,KIROGI,2023-08-29T00:00:00Z,10.4,157.5,NaN
2023241N10158,2023,KIROGI,2023-08-29T03:00:00Z,10.6,157.0,NaN
2023241N10158,2023,KIROGI,2023-08-29T06:00:00Z,10.8,156.4,NaN
2023241N10158,2023,KIROGI,2023-08-29T09:00:00Z,10.9,155.8,NaN
2023241N10158,2023,KIROGI,2023-08-29T12:00:00Z,11.1,155.3,NaN
2023241N10158,2023,KIROGI,2023-08-29T15:00:00Z,11.4,155.0,NaN
2023241N10158,2023,KIROGI,2023-08-29T18:00:00Z,11.6,154.7,NaN
2023241N10158,2023,KIROGI,2023-08-29T21:00:00Z,12.0,154.6,NaN
2023241N10158,2023,KIROGI,2023-08-30T00:00:00Z,12.4,154.5,NaN
2023241N10158,2023,KIROGI,2023-08-30T03:00:00Z,12.6,154.5,NaN
2023241N10158,2023,KIROGI,2023-08-30T06:00:00Z,12.9,154.4,NaN
2023241N10158,2023,KIROGI,2023-08-30T09:00:00Z,13.1,154.4,NaN
2023241N10158,2023,KIROGI,2023-08-30T12:00:00Z,13.3,154.4,35
2023241N10158,2023,KIROGI,2023-08-30T15:00:00Z,13.6,154.4,NaN
2023241N10158,2023,KIROGI,2023-08-30T18:00:00Z,14.1,154.5,40
2023241N10158,2023,KIROGI,2023-08-30T21:00:00Z,14.6,154.5,NaN
2023241N10158,2023,KIROGI,2023-08-31T00:00:00Z,15.2,154.5,40
2023241N10158,2023,KIROGI,2023-08-31T03:00:00Z,15.9,154.4,NaN
2023241N10158,2023,KIROGI,2023-08-31T06:00:00Z,16.7,154.2,45
2023241N10158,2023,KIROGI,2023-08-31T09:00:00Z,17.3,154.0,NaN
2023241N10158,2023,KIROGI,2023-08-31T12:00:00Z,17.9,153.6,45
2023241N10158,2023,KIROGI,2023-08-31T15:00:00Z,18.5,153.2,NaN
2023241N10158,2023,KIROGI,2023-08-31T18:00:00Z,19.1,152.8,45
2023241N10158,2023,KIROGI,2023-08-31T21:00:00Z,19.7,152.3,NaN
2023241N10158,2023,KIROGI,2023-09-01T00:00:00Z,20.4,151.8,45
2023241N10158,2023,KIROGI,2023-09-01T03:00:00Z,21.2,151.4,NaN
2023241N10158,2023,KIROGI,2023-09-01T06:00:00Z,21.9,150.8,40
2023241N10158,2023,KIROGI,2023-09-01T09:00:00Z,22.6,150.1,NaN
2023241N10158,2023,KIROGI,2023-09-01T12:00:00Z,23.3,149.4,40
2023241N10158,2023,KIROGI,2023-09-01T15:00:00Z,23.9,148.9,NaN
2023241N10158,2023,KIROGI,2023-09-01T18:00:00Z,24.4,148.4,40
2023241N10158,2023,KIROGI,2023-09-01T21:00:00Z,24.8,148.1,NaN
2023241N10158,2023,KIROGI,2023-09-02T00:00:00Z,25.4,147.6,35
2023241N10158,2023,KIROGI,2023-09-02T03:00:00Z,26.2,147.0,NaN
2023241N10158,2023,KIROGI,2023-09-02T06:00:00Z,27.1,146.2,35
2023241N10158,2023,KIROGI,2023-09-02T09:00:00Z,28.0,145.6,NaN
2023241N10158,2023,KIROGI,2023-09-02T12:00:00Z,28.6,144.9,35
2023241N10158,2023,KIROGI,2023-09-02T15:00:00Z,29.0,143.9,NaN
2023241N10158,2023,KIROGI,2023-09-02T18:00:00Z,29.1,143.0,35
2023241N10158,2023,KIROGI,2023-09-02T21:00:00Z,29.3,142.4,NaN
2023241N10158,2023,KIROGI,2023-09-03T00:00:00Z,29.5,142.0,NaN
2023241N10158,2023,KIROGI,2023-09-03T03:00:00Z,29.9,141.3,NaN
2023241N10158,2023,KIROGI,2023-09-03T06:00:00Z,30.2,140.7,NaN
2023241N10158,2023,KIROGI,2023-09-03T09:00:00Z,30.4,140.2,NaN
2023241N10158,2023,KIROGI,2023-09-03T12:00:00Z,30.5,139.7,NaN
2023241N10158,2023,KIROGI,2023-09-03T15:00:00Z,30.9,139.1,NaN
2023241N10158,2023,KIROGI,2023-09-03T18:00:00Z,31.3,138.5,NaN
2023241N10158,2023,KIROGI,2023-09-03T21:00:00Z,31.6,137.8,NaN
2023241N10158,2023,KIROGI,2023-09-04T00:00:00Z,31.8,137.1,NaN
2023241N10158,2023,KIROGI,2023-09-04T03:00:00Z,31.8,136.4,NaN
2023241N10158,2023,KIROGI,2023-09-04T06:00:00Z,31.7,135.8,NaN
2023241N10158,2023,KIROGI,2023-09-04T09:00:00Z,31.6,135.1,NaN
2023241N10158,2023,KIROGI,2023-09-04T12:00:00Z,31.5,134.4,NaN
2023241N10158,2023,KIROGI,2023-09-04T15:00:00Z,31.3,133.9,NaN
2023241N10158,2023,KIROGI,2023-09-04T18:00:00Z,31.2,133.4,NaN
2023241N10158,2023,KIROGI,2023-09-04T21:00:00Z,31.1,132.7,NaN
2023241N10158,2023,KIROGI,2023-09-05T00:00:00Z,31.0,132.1,NaN
2023241N10158,2023,KIROGI,2023-09-05T03:00:00Z,30.9,131.9,NaN
2023241N10158,2023,KIROGI,2023-09-05T06:00:00Z,30.9,132.1,NaN
2023241N10158,2023,KIROGI,2023-09-05T09:00:00Z,31.0,132.2,NaN
2023241N10158,2023,KIROGI,2023-09-05T12:00:00Z,31.2,132.4,NaN
2023241N10158,2023,KIROGI,2023-09-05T15:00:00Z,31.5,132.5,NaN
2023241N10158,2023,KIROGI,2023-09-05T18:00:00Z,31.8,132.7,NaN
2023241N10158,2023,KIROGI,2023-09-05T21:00:00Z,32.0,133.0,NaN
2023241N10158,2023,KIROGI,2023-09-06T00:00:00Z,32.1,133.3,NaN
2023241N10158,2023,KIROGI,2023-09-06T03:00:00Z,32.1,133.7,NaN
2023241N10158,2023,KIROGI,2023-09-06T06:00:00Z,32.0,134.1,NaN
2023241N10158,2023,KIROGI,2023-09-06T09:00:00Z,31.9,134.4,NaN
2023241N10158,2023,KIROGI,2023-09-06T12:00:00Z,31.6,134.4,NaN
2023241N10158,2023,KIROGI,2023-09-06T15:00:00Z,31.3,134.0,NaN
2023241N10158,2023,KIROGI,2023-09-06T18:00:00Z,30.9,133.5,NaN
2023241N10158,2023,KIROGI,2023-09-06T21:00:00Z,30.2,133.3,NaN
2023241N10158,2023,KIROGI,2023-09-07T00:00:00Z,29.5,133.5,NaN
2023241N10158,2023,KIROGI,2023-09-07T03:00:00Z,28.8,134.0,NaN
2023241N10158,2023,KIROGI,2023-09-07T06:00:00Z,28.5,134.8,NaN
2023241N10158,2023,KIROGI,2023-09-07T09:00:00Z,28.7,135.7,NaN
2023241N10158,2023,KIROGI,2023-09-07T12:00:00Z,29.1,136.7,NaN
2023247N20130,2023,YUN-YEUNG,2023-09-04T00:00:00Z,20.3,130.0,NaN
2023247N20130,2023,YUN-YEUNG,2023-09-04T03:00:00Z,20.6,130.2,NaN
2023247N20130,2023,YUN-YEUNG,2023-09-04T06:00:00Z,20.5,130.1,NaN
2023247N20130,2023,YUN-YEUNG,2023-09-04T09:00:00Z,20.7,130.3,NaN
2023247N20130,2023,YUN-YEUNG,2023-09-04T12:00:00Z,20.8,130.5,NaN
2023247N20130,2023,YUN-YEUNG,2023-09-04T15:00:00Z,20.9,130.7,NaN
2023247N20130,2023,YUN-YEUNG,2023-09-04T18:00:00Z,21.1,130.8,NaN
2023247N20130,2023,YUN-YEUNG,2023-09-04T21:00:00Z,21.2,131.0,NaN
2023247N20130,2023,YUN-YEUNG,2023-09-05T00:00:00Z,21.3,131.1,NaN
2023247N20130,2023,YUN-YEUNG,2023-09-05T03:00:00Z,21.6,131.3,NaN
2023247N20130,2023,YUN-YEUNG,2023-09-05T06:00:00Z,22.0,131.5,NaN
2023247N20130,2023,YUN-YEUNG,2023-09-05T09:00:00Z,22.3,131.7,NaN
2023247N20130,2023,YUN-YEUNG,2023-09-05T12:00:00Z,22.7,132.0,35
2023247N20130,2023,YUN-YEUNG,2023-09-05T15:00:00Z,23.4,132.3,NaN
2023247N20130,2023,YUN-YEUNG,2023-09-05T18:00:00Z,24.1,132.7,35
2023247N20130,2023,YUN-YEUNG,2023-09-05T21:00:00Z,24.9,132.9,NaN
2023247N20130,2023,YUN-YEUNG,2023-09-06T00:00:00Z,25.7,133.1,35
2023247N20130,2023,YUN-YEUNG,2023-09-06T03:00:00Z,26.1,133.7,NaN
2023247N20130,2023,YUN-YEUNG,2023-09-06T06:00:00Z,26.6,134.2,40
2023247N20130,2023,YUN-YEUNG,2023-09-06T09:00:00Z,27.1,134.5,NaN
2023247N20130,2023,YUN-YEUNG,2023-09-06T12:00:00Z,27.6,134.7,40
2023247N20130,2023,YUN-YEUNG,2023-09-06T15:00:00Z,28.1,135.2,NaN
2023247N20130,2023,YUN-YEUNG,2023-09-06T18:00:00Z,28.6,135.6,40
2023247N20130,2023,YUN-YEUNG,2023-09-06T21:00:00Z,29.2,136.1,NaN
2023247N20130,2023,YUN-YEUNG,2023-09-07T00:00:00Z,29.8,136.5,40
2023247N20130,2023,YUN-YEUNG,2023-09-07T03:00:00Z,30.3,136.8,NaN
2023247N20130,2023,YUN-YEUNG,2023-09-07T06:00:00Z,30.9,137.0,40
2023247N20130,2023,YUN-YEUNG,2023-09-07T09:00:00Z,31.4,137.1,NaN
2023247N20130,2023,YUN-YEUNG,2023-09-07T12:00:00Z,31.9,137.1,40
2023247N20130,2023,YUN-YEUNG,2023-09-07T15:00:00Z,32.3,137.1,NaN
2023247N20130,2023,YUN-YEUNG,2023-09-07T18:00:00Z,32.6,137.1,40
2023247N20130,2023,YUN-YEUNG,2023-09-07T21:00:00Z,32.7,137.1,NaN
2023247N20130,2023,YUN-YEUNG,2023-09-08T00:00:00Z,32.7,137.2,40
2023247N20130,2023,YUN-YEUNG,2023-09-08T03:00:00Z,32.6,137.3,NaN
2023247N20130,2023,YUN-YEUNG,2023-09-08T06:00:00Z,32.6,137.5,35
2023247N20130,2023,YUN-YEUNG,2023-09-08T09:00:00Z,33.0,137.7,NaN
2023247N20130,2023,YUN-YEUNG,2023-09-08T12:00:00Z,33.6,138.0,NaN
2023247N20130,2023,YUN-YEUNG,2023-09-08T15:00:00Z,33.9,138.2,NaN
2023247N20130,2023,YUN-YEUNG,2023-09-08T18:00:00Z,34.2,138.3,NaN
2023247N20130,2023,YUN-YEUNG,2023-09-08T21:00:00Z,34.5,138.5,NaN
2023247N20130,2023,YUN-YEUNG,2023-09-09T00:00:00Z,34.7,138.6,NaN
2023247N20130,2023,YUN-YEUNG,2023-09-09T03:00:00Z,34.9,138.7,NaN
2023247N20130,2023,YUN-YEUNG,2023-09-09T06:00:00Z,35.1,138.7,NaN
2023266N16116,2023,UNNAMED,2023-09-23T00:00:00Z,15.5,116.1,NaN
2023266N16116,2023,UNNAMED,2023-09-23T03:00:00Z,15.4,116.1,NaN
2023266N16116,2023,UNNAMED,2023-09-23T06:00:00Z,15.4,116.0,NaN
2023266N16116,2023,UNNAMED,2023-09-23T09:00:00Z,15.4,115.7,NaN
2023266N16116,2023,UNNAMED,2023-09-23T12:00:00Z,15.3,115.4,NaN
2023266N16116,2023,UNNAMED,2023-09-23T15:00:00Z,15.2,115.1,NaN
2023266N16116,2023,UNNAMED,2023-09-23T18:00:00Z,15.2,114.7,NaN
2023266N16116,2023,UNNAMED,2023-09-23T21:00:00Z,15.2,114.4,NaN
2023266N16116,2023,UNNAMED,2023-09-24T00:00:00Z,15.1,114.0,NaN
2023266N16116,2023,UNNAMED,2023-09-24T03:00:00Z,14.9,113.4,NaN
2023266N16116,2023,UNNAMED,2023-09-24T06:00:00Z,14.8,112.8,NaN
2023266N16116,2023,UNNAMED,2023-09-24T09:00:00Z,14.8,112.2,NaN
2023266N16116,2023,UNNAMED,2023-09-24T12:00:00Z,14.8,111.6,NaN
2023266N16116,2023,UNNAMED,2023-09-24T15:00:00Z,14.9,111.2,NaN
2023266N16116,2023,UNNAMED,2023-09-24T18:00:00Z,14.9,110.9,NaN
2023266N16116,2023,UNNAMED,2023-09-24T21:00:00Z,14.9,110.7,NaN
2023266N16116,2023,UNNAMED,2023-09-25T00:00:00Z,15.1,110.4,NaN
2023266N16116,2023,UNNAMED,2023-09-25T03:00:00Z,15.5,109.9,NaN
2023266N16116,2023,UNNAMED,2023-09-25T06:00:00Z,15.8,109.4,NaN
2023266N16116,2023,UNNAMED,2023-09-25T09:00:00Z,15.9,108.9,NaN
2023266N16116,2023,UNNAMED,2023-09-25T12:00:00Z,16.0,108.4,NaN
2023266N16116,2023,UNNAMED,2023-09-25T15:00:00Z,16.2,108.0,NaN
2023266N16116,2023,UNNAMED,2023-09-25T18:00:00Z,16.3,107.5,NaN
2023266N16116,2023,UNNAMED,2023-09-25T21:00:00Z,16.3,106.9,NaN
2023266N16116,2023,UNNAMED,2023-09-26T00:00:00Z,16.3,106.3,NaN
2023266N16116,2023,UNNAMED,2023-09-26T03:00:00Z,16.3,105.8,NaN
2023266N16116,2023,UNNAMED,2023-09-26T06:00:00Z,16.4,105.2,NaN
2023266N16116,2023,UNNAMED,2023-09-26T09:00:00Z,16.4,104.7,NaN
2023266N16116,2023,UNNAMED,2023-09-26T12:00:00Z,16.6,104.2,NaN
2023266N16116,2023,UNNAMED,2023-09-26T15:00:00Z,16.8,103.7,NaN
2023266N16116,2023,UNNAMED,2023-09-26T18:00:00Z,17.1,103.3,NaN
2023271N14144,2023,KOINU,2023-09-27T12:00:00Z,14.2,143.8,NaN
2023271N14144,2023,KOINU,2023-09-27T15:00:00Z,14.4,143.6,NaN
2023271N14144,2023,KOINU,2023-09-27T18:00:00Z,14.7,143.1,NaN
2023271N14144,2023,KOINU,2023-09-27T21:00:00Z,15.1,142.2,NaN
2023271N14144,2023,KOINU,2023-09-28T00:00:00Z,15.5,141.2,NaN
2023271N14144,2023,KOINU,2023-09-28T03:00:00Z,15.7,140.5,NaN
2023271N14144,2023,KOINU,2023-09-28T06:00:00Z,15.7,139.9,NaN
2023271N14144,2023,KOINU,2023-09-28T09:00:00Z,15.8,139.1,NaN
2023271N14144,2023,KOINU,2023-09-28T12:00:00Z,15.8,138.5,NaN
2023271N14144,2023,KOINU,2023-09-28T15:00:00Z,15.8,137.8,NaN
2023271N14144,2023,KOINU,2023-09-28T18:00:00Z,15.7,137.2,NaN
2023271N14144,2023,KOINU,2023-09-28T21:00:00Z,15.5,136.5,NaN
2023271N14144,2023,KOINU,2023-09-29T00:00:00Z,15.5,135.9,NaN
2023271N14144,2023,KOINU,2023-09-29T03:00:00Z,15.4,135.6,NaN
2023271N14144,2023,KOINU,2023-09-29T06:00:00Z,15.4,135.2,NaN
2023271N14144,2023,KOINU,2023-09-29T09:00:00Z,15.5,134.8,NaN
2023271N14144,2023,KOINU,2023-09-29T12:00:00Z,15.5,134.3,NaN
2023271N14144,2023,KOINU,2023-09-29T15:00:00Z,15.5,133.4,NaN
2023271N14144,2023,KOINU,2023-09-29T18:00:00Z,15.5,132.6,35
2023271N14144,2023,KOINU,2023-09-29T21:00:00Z,15.4,132.1,NaN
2023271N14144,2023,KOINU,2023-09-30T00:00:00Z,15.4,131.9,35
2023271N14144,2023,KOINU,2023-09-30T03:00:00Z,15.7,131.6,NaN
2023271N14144,2023,KOINU,2023-09-30T06:00:00Z,16.0,131.3,35
2023271N14144,2023,KOINU,2023-09-30T09:00:00Z,16.2,131.0,NaN
2023271N14144,2023,KOINU,2023-09-30T12:00:00Z,16.4,130.7,40
2023271N14144,2023,KOINU,2023-09-30T15:00:00Z,16.6,130.4,NaN
2023271N14144,2023,KOINU,2023-09-30T18:00:00Z,16.9,130.1,45
2023271N14144,2023,KOINU,2023-09-30T21:00:00Z,17.1,129.8,NaN
2023271N14144,2023,KOINU,2023-10-01T00:00:00Z,17.4,129.5,50
2023271N14144,2023,KOINU,2023-10-01T03:00:00Z,17.7,129.1,NaN
2023271N14144,2023,KOINU,2023-10-01T06:00:00Z,17.9,128.9,50
2023271N14144,2023,KOINU,2023-10-01T09:00:00Z,18.1,128.7,NaN
2023271N14144,2023,KOINU,2023-10-01T12:00:00Z,18.3,128.5,55
2023271N14144,2023,KOINU,2023-10-01T15:00:00Z,18.5,128.3,NaN
2023271N14144,2023,KOINU,2023-10-01T18:00:00Z,18.7,128.0,65
2023271N14144,2023,KOINU,2023-10-01T21:00:00Z,18.9,127.7,NaN
2023271N14144,2023,KOINU,2023-10-02T00:00:00Z,19.2,127.3,75
2023271N14144,2023,KOINU,2023-10-02T03:00:00Z,19.4,127.0,NaN
2023271N14144,2023,KOINU,2023-10-02T06:00:00Z,19.6,126.6,80
2023271N14144,2023,KOINU,2023-10-02T09:00:00Z,19.8,126.4,NaN
2023271N14144,2023,KOINU,2023-10-02T12:00:00Z,19.9,126.2,85
2023271N14144,2023,KOINU,2023-10-02T15:00:00Z,20.1,125.9,NaN
2023271N14144,2023,KOINU,2023-10-02T18:00:00Z,20.2,125.5,90
2023271N14144,2023,KOINU,2023-10-02T21:00:00Z,20.3,125.3,NaN
2023271N14144,2023,KOINU,2023-10-03T00:00:00Z,20.5,125.1,90
2023271N14144,2023,KOINU,2023-10-03T03:00:00Z,20.8,125.0,NaN
2023271N14144,2023,KOINU,2023-10-03T06:00:00Z,21.2,124.9,90
2023271N14144,2023,KOINU,2023-10-03T09:00:00Z,21.5,124.8,NaN
2023271N14144,2023,KOINU,2023-10-03T12:00:00Z,21.7,124.6,90
2023271N14144,2023,KOINU,2023-10-03T15:00:00Z,21.9,124.4,NaN
2023271N14144,2023,KOINU,2023-10-03T18:00:00Z,22.0,124.1,85
2023271N14144,2023,KOINU,2023-10-03T21:00:00Z,22.1,123.8,NaN
2023271N14144,2023,KOINU,2023-10-04T00:00:00Z,22.2,123.5,85
2023271N14144,2023,KOINU,2023-10-04T03:00:00Z,22.2,123.1,NaN
2023271N14144,2023,KOINU,2023-10-04T06:00:00Z,22.1,122.7,90
2023271N14144,2023,KOINU,2023-10-04T09:00:00Z,22.1,122.3,NaN
2023271N14144,2023,KOINU,2023-10-04T12:00:00Z,22.0,122.0,90
2023271N14144,2023,KOINU,2023-10-04T15:00:00Z,22.0,121.6,NaN
2023271N14144,2023,KOINU,2023-10-04T18:00:00Z,21.9,121.3,90
2023271N14144,2023,KOINU,2023-10-04T21:00:00Z,21.9,121.1,NaN
2023271N14144,2023,KOINU,2023-10-05T00:00:00Z,22.0,120.8,80
2023271N14144,2023,KOINU,2023-10-05T03:00:00Z,22.0,120.4,NaN
2023271N14144,2023,KOINU,2023-10-05T06:00:00Z,22.1,120.0,70
2023271N14144,2023,KOINU,2023-10-05T09:00:00Z,22.1,119.5,NaN
2023271N14144,2023,KOINU,2023-10-05T12:00:00Z,22.0,119.1,70
2023271N14144,2023,KOINU,2023-10-05T15:00:00Z,22.0,118.7,NaN
2023271N14144,2023,KOINU,2023-10-05T18:00:00Z,21.9,118.4,65
2023271N14144,2023,KOINU,2023-10-05T21:00:00Z,21.9,118.0,NaN
2023271N14144,2023,KOINU,2023-10-06T00:00:00Z,21.8,117.7,75
2023271N14144,2023,KOINU,2023-10-06T03:00:00Z,21.7,117.3,NaN
2023271N14144,2023,KOINU,2023-10-06T06:00:00Z,21.7,116.9,80
2023271N14144,2023,KOINU,2023-10-06T09:00:00Z,21.6,116.6,NaN
2023271N14144,2023,KOINU,2023-10-06T12:00:00Z,21.4,116.3,80
2023271N14144,2023,KOINU,2023-10-06T15:00:00Z,21.3,116.0,NaN
2023271N14144,2023,KOINU,2023-10-06T18:00:00Z,21.2,115.7,85
2023271N14144,2023,KOINU,2023-10-06T21:00:00Z,21.1,115.6,NaN
2023271N14144,2023,KOINU,2023-10-07T00:00:00Z,21.1,115.4,85
2023271N14144,2023,KOINU,2023-10-07T03:00:00Z,21.1,115.3,NaN
2023271N14144,2023,KOINU,2023-10-07T06:00:00Z,21.2,115.2,85
2023271N14144,2023,KOINU,2023-10-07T09:00:00Z,21.2,115.2,NaN
2023271N14144,2023,KOINU,2023-10-07T12:00:00Z,21.3,115.1,80
2023271N14144,2023,KOINU,2023-10-07T15:00:00Z,21.3,115.0,NaN
2023271N14144,2023,KOINU,2023-10-07T18:00:00Z,21.4,114.9,75
2023271N14144,2023,KOINU,2023-10-07T21:00:00Z,21.4,114.8,NaN
2023271N14144,2023,KOINU,2023-10-08T00:00:00Z,21.5,114.6,70
2023271N14144,2023,KOINU,2023-10-08T01:00:00Z,21.5,114.6,NaN
2023271N14144,2023,KOINU,2023-10-08T02:00:00Z,21.5,114.5,NaN
2023271N14144,2023,KOINU,2023-10-08T03:00:00Z,21.5,114.5,NaN
2023271N14144,2023,KOINU,2023-10-08T04:00:00Z,21.6,114.4,NaN
2023271N14144,2023,KOINU,2023-10-08T05:00:00Z,21.6,114.4,NaN
2023271N14144,2023,KOINU,2023-10-08T06:00:00Z,21.6,114.3,70
2023271N14144,2023,KOINU,2023-10-08T07:00:00Z,21.6,114.3,NaN
2023271N14144,2023,KOINU,2023-10-08T08:00:00Z,21.6,114.2,NaN
2023271N14144,2023,KOINU,2023-10-08T09:00:00Z,21.6,114.2,NaN
2023271N14144,2023,KOINU,2023-10-08T10:00:00Z,21.7,114.1,NaN
2023271N14144,2023,KOINU,2023-10-08T11:00:00Z,21.7,114.1,NaN
2023271N14144,2023,KOINU,2023-10-08T12:00:00Z,21.7,114.0,65
2023271N14144,2023,KOINU,2023-10-08T13:00:00Z,21.7,114.0,NaN
2023271N14144,2023,KOINU,2023-10-08T14:00:00Z,21.7,113.9,NaN
2023271N14144,2023,KOINU,2023-10-08T15:00:00Z,21.7,113.8,NaN
2023271N14144,2023,KOINU,2023-10-08T16:00:00Z,21.7,113.8,NaN
2023271N14144,2023,KOINU,2023-10-08T17:00:00Z,21.7,113.7,NaN
2023271N14144,2023,KOINU,2023-10-08T18:00:00Z,21.7,113.7,55
2023271N14144,2023,KOINU,2023-10-08T19:00:00Z,21.7,113.6,NaN
2023271N14144,2023,KOINU,2023-10-08T20:00:00Z,21.7,113.5,NaN
2023271N14144,2023,KOINU,2023-10-08T21:00:00Z,21.7,113.4,NaN
2023271N14144,2023,KOINU,2023-10-08T22:00:00Z,21.7,113.4,NaN
2023271N14144,2023,KOINU,2023-10-08T23:00:00Z,21.7,113.3,NaN
2023271N14144,2023,KOINU,2023-10-09T00:00:00Z,21.7,113.3,45
2023271N14144,2023,KOINU,2023-10-09T03:00:00Z,21.6,113.0,NaN
2023271N14144,2023,KOINU,2023-10-09T06:00:00Z,21.5,112.7,NaN
2023271N14144,2023,KOINU,2023-10-09T09:00:00Z,21.4,112.5,NaN
2023271N14144,2023,KOINU,2023-10-09T12:00:00Z,21.2,112.4,NaN
2023271N14144,2023,KOINU,2023-10-09T15:00:00Z,21.0,112.2,NaN
2023271N14144,2023,KOINU,2023-10-09T18:00:00Z,20.9,111.9,NaN
2023271N14144,2023,KOINU,2023-10-09T21:00:00Z,20.8,111.5,NaN
2023271N14144,2023,KOINU,2023-10-10T00:00:00Z,20.6,111.3,NaN
2023279N08157,2023,BOLAVEN,2023-10-06T00:00:00Z,8.0,156.5,NaN
2023279N08157,2023,BOLAVEN,2023-10-06T03:00:00Z,8.2,156.4,NaN
2023279N08157,2023,BOLAVEN,2023-10-06T06:00:00Z,8.7,156.1,NaN
2023279N08157,2023,BOLAVEN,2023-10-06T09:00:00Z,8.9,155.8,NaN
2023279N08157,2023,BOLAVEN,2023-10-06T12:00:00Z,9.2,155.6,NaN
2023279N08157,2023,BOLAVEN,2023-10-06T15:00:00Z,9.4,155.3,NaN
2023279N08157,2023,BOLAVEN,2023-10-06T18:00:00Z,9.5,155.1,NaN
2023279N08157,2023,BOLAVEN,2023-10-06T21:00:00Z,9.5,154.9,NaN
2023279N08157,2023,BOLAVEN,2023-10-07T00:00:00Z,9.6,154.7,NaN
2023279N08157,2023,BOLAVEN,2023-10-07T03:00:00Z,9.6,154.4,NaN
2023279N08157,2023,BOLAVEN,2023-10-07T06:00:00Z,9.6,154.2,NaN
2023279N08157,2023,BOLAVEN,2023-10-07T09:00:00Z,9.7,154.0,NaN
2023279N08157,2023,BOLAVEN,2023-10-07T12:00:00Z,9.7,153.8,35
2023279N08157,2023,BOLAVEN,2023-10-07T15:00:00Z,9.7,153.6,NaN
2023279N08157,2023,BOLAVEN,2023-10-07T18:00:00Z,9.7,153.4,35
2023279N08157,2023,BOLAVEN,2023-10-07T21:00:00Z,9.7,153.1,NaN
2023279N08157,2023,BOLAVEN,2023-10-08T00:00:00Z,9.7,152.9,35
2023279N08157,2023,BOLAVEN,2023-10-08T03:00:00Z,9.7,152.7,NaN
2023279N08157,2023,BOLAVEN,2023-10-08T06:00:00Z,9.8,152.5,40
2023279N08157,2023,BOLAVEN,2023-10-08T09:00:00Z,9.9,152.2,NaN
2023279N08157,2023,BOLAVEN,2023-10-08T12:00:00Z,10.0,152.0,45
2023279N08157,2023,BOLAVEN,2023-10-08T15:00:00Z,10.2,151.6,NaN
2023279N08157,2023,BOLAVEN,2023-10-08T18:00:00Z,10.3,151.2,50
2023279N08157,2023,BOLAVEN,2023-10-08T21:00:00Z,10.5,150.7,NaN
2023279N08157,2023,BOLAVEN,2023-10-09T00:00:00Z,10.7,150.3,55
2023279N08157,2023,BOLAVEN,2023-10-09T03:00:00Z,11.0,149.8,NaN
2023279N08157,2023,BOLAVEN,2023-10-09T06:00:00Z,11.2,149.3,55
2023279N08157,2023,BOLAVEN,2023-10-09T09:00:00Z,11.5,148.9,NaN
2023279N08157,2023,BOLAVEN,2023-10-09T12:00:00Z,11.9,148.5,55
2023279N08157,2023,BOLAVEN,2023-10-09T15:00:00Z,12.4,148.1,NaN
2023279N08157,2023,BOLAVEN,2023-10-09T18:00:00Z,12.9,147.6,60
2023279N08157,2023,BOLAVEN,2023-10-09T21:00:00Z,13.3,147.0,NaN
2023279N08157,2023,BOLAVEN,2023-10-10T00:00:00Z,13.7,146.5,65
2023279N08157,2023,BOLAVEN,2023-10-10T03:00:00Z,14.0,146.0,NaN
2023279N08157,2023,BOLAVEN,2023-10-10T06:00:00Z,14.3,145.6,70
2023279N08157,2023,BOLAVEN,2023-10-10T09:00:00Z,14.7,145.3,NaN
2023279N08157,2023,BOLAVEN,2023-10-10T12:00:00Z,15.1,145.0,75
2023279N08157,2023,BOLAVEN,2023-10-10T15:00:00Z,15.6,144.7,NaN
2023279N08157,2023,BOLAVEN,2023-10-10T18:00:00Z,16.0,144.5,85
2023279N08157,2023,BOLAVEN,2023-10-10T21:00:00Z,16.5,144.3,NaN
2023279N08157,2023,BOLAVEN,2023-10-11T00:00:00Z,17.1,144.0,100
2023279N08157,2023,BOLAVEN,2023-10-11T03:00:00Z,17.7,143.7,NaN
2023279N08157,2023,BOLAVEN,2023-10-11T06:00:00Z,18.2,143.4,110
2023279N08157,2023,BOLAVEN,2023-10-11T09:00:00Z,18.6,143.2,NaN
2023279N08157,2023,BOLAVEN,2023-10-11T12:00:00Z,18.9,143.0,115
2023279N08157,2023,BOLAVEN,2023-10-11T15:00:00Z,19.3,142.9,NaN
2023279N08157,2023,BOLAVEN,2023-10-11T18:00:00Z,19.7,142.8,115
2023279N08157,2023,BOLAVEN,2023-10-11T21:00:00Z,20.1,142.8,NaN
2023279N08157,2023,BOLAVEN,2023-10-12T00:00:00Z,20.6,143.0,115
2023279N08157,2023,BOLAVEN,2023-10-12T03:00:00Z,21.2,143.1,NaN
2023279N08157,2023,BOLAVEN,2023-10-12T06:00:00Z,21.8,143.4,115
2023279N08157,2023,BOLAVEN,2023-10-12T09:00:00Z,22.2,143.8,NaN
2023279N08157,2023,BOLAVEN,2023-10-12T12:00:00Z,22.7,144.3,115
2023279N08157,2023,BOLAVEN,2023-10-12T15:00:00Z,23.3,144.8,NaN
2023279N08157,2023,BOLAVEN,2023-10-12T18:00:00Z,24.0,145.4,105
2023279N08157,2023,BOLAVEN,2023-10-12T21:00:00Z,24.7,146.1,NaN
2023279N08157,2023,BOLAVEN,2023-10-13T00:00:00Z,25.5,146.9,100
2023279N08157,2023,BOLAVEN,2023-10-13T03:00:00Z,26.3,147.7,NaN
2023279N08157,2023,BOLAVEN,2023-10-13T06:00:00Z,27.2,148.7,95
2023279N08157,2023,BOLAVEN,2023-10-13T09:00:00Z,28.2,149.7,NaN
2023279N08157,2023,BOLAVEN,2023-10-13T12:00:00Z,29.4,150.8,90
2023279N08157,2023,BOLAVEN,2023-10-13T15:00:00Z,30.3,152.0,NaN
2023279N08157,2023,BOLAVEN,2023-10-13T18:00:00Z,31.4,153.3,85
2023279N08157,2023,BOLAVEN,2023-10-13T21:00:00Z,32.7,154.8,NaN
2023279N08157,2023,BOLAVEN,2023-10-14T00:00:00Z,34.2,156.5,80
2023279N08157,2023,BOLAVEN,2023-10-14T03:00:00Z,35.6,158.3,NaN
2023279N08157,2023,BOLAVEN,2023-10-14T06:00:00Z,37.1,160.3,75
2023279N08157,2023,BOLAVEN,2023-10-14T09:00:00Z,38.8,162.5,NaN
2023279N08157,2023,BOLAVEN,2023-10-14T12:00:00Z,40.3,164.6,NaN
2023279N08157,2023,BOLAVEN,2023-10-14T15:00:00Z,41.7,166.5,NaN
2023279N08157,2023,BOLAVEN,2023-10-14T18:00:00Z,42.9,168.2,NaN
2023279N08157,2023,BOLAVEN,2023-10-14T21:00:00Z,43.8,169.8,NaN
2023279N08157,2023,BOLAVEN,2023-10-15T00:00:00Z,44.3,171.4,NaN
2023279N08157,2023,BOLAVEN,2023-10-15T03:00:00Z,44.6,173.0,NaN
2023279N08157,2023,BOLAVEN,2023-10-15T06:00:00Z,44.9,174.9,NaN
2023279N08157,2023,BOLAVEN,2023-10-15T09:00:00Z,45.1,177.0,NaN
2023279N08157,2023,BOLAVEN,2023-10-15T12:00:00Z,45.3,179.3,NaN
2023289N15111,2023,SANBA,2023-10-15T18:00:00Z,14.6,110.5,NaN
2023289N15111,2023,SANBA,2023-10-15T21:00:00Z,14.6,110.6,NaN
2023289N15111,2023,SANBA,2023-10-16T00:00:00Z,14.7,110.7,NaN
2023289N15111,2023,SANBA,2023-10-16T03:00:00Z,14.8,110.8,NaN
2023289N15111,2023,SANBA,2023-10-16T06:00:00Z,14.9,110.9,NaN
2023289N15111,2023,SANBA,2023-10-16T09:00:00Z,15.0,111.0,NaN
2023289N15111,2023,SANBA,2023-10-16T12:00:00Z,15.1,111.1,NaN
2023289N15111,2023,SANBA,2023-10-16T15:00:00Z,15.2,111.0,NaN
2023289N15111,2023,SANBA,2023-10-16T18:00:00Z,15.3,110.8,NaN
2023289N15111,2023,SANBA,2023-10-16T21:00:00Z,15.3,110.7,NaN
2023289N15111,2023,SANBA,2023-10-17T00:00:00Z,15.5,110.6,NaN
2023289N15111,2023,SANBA,2023-10-17T03:00:00Z,15.6,110.4,NaN
2023289N15111,2023,SANBA,2023-10-17T06:00:00Z,15.8,110.3,NaN
2023289N15111,2023,SANBA,2023-10-17T09:00:00Z,15.8,110.2,NaN
2023289N15111,2023,SANBA,2023-10-17T12:00:00Z,16.0,110.1,NaN
2023289N15111,2023,SANBA,2023-10-17T15:00:00Z,16.2,109.9,NaN
2023289N15111,2023,SANBA,2023-10-17T18:00:00Z,16.4,109.8,NaN
2023289N15111,2023,SANBA,2023-10-17T21:00:00Z,16.7,109.7,NaN
2023289N15111,2023,SANBA,2023-10-18T00:00:00Z,17.0,109.5,35
2023289N15111,2023,SANBA,2023-10-18T03:00:00Z,17.3,109.3,NaN
2023289N15111,2023,SANBA,2023-10-18T06:00:00Z,17.6,109.0,35
2023289N15111,2023,SANBA,2023-10-18T09:00:00Z,18.0,108.7,NaN
2023289N15111,2023,SANBA,2023-10-18T12:00:00Z,18.3,108.5,35
2023289N15111,2023,SANBA,2023-10-18T15:00:00Z,18.5,108.5,NaN
2023289N15111,2023,SANBA,2023-10-18T18:00:00Z,18.7,108.5,35
2023289N15111,2023,SANBA,2023-10-18T21:00:00Z,19.0,108.5,NaN
2023289N15111,2023,SANBA,2023-10-19T00:00:00Z,19.3,108.6,35
2023289N15111,2023,SANBA,2023-10-19T03:00:00Z,19.6,108.7,NaN
2023289N15111,2023,SANBA,2023-10-19T06:00:00Z,20.0,108.9,35
2023289N15111,2023,SANBA,2023-10-19T09:00:00Z,20.6,109.1,NaN
2023289N15111,2023,SANBA,2023-10-19T12:00:00Z,21.0,109.2,40
2023289N15111,2023,SANBA,2023-10-19T15:00:00Z,21.2,109.3,NaN
2023289N15111,2023,SANBA,2023-10-19T18:00:00Z,21.3,109.4,35
2023289N15111,2023,SANBA,2023-10-19T21:00:00Z,21.4,109.6,NaN
2023289N15111,2023,SANBA,2023-10-20T00:00:00Z,21.3,109.7,NaN
2023289N15111,2023,SANBA,2023-10-20T03:00:00Z,21.0,109.7,NaN
2023289N15111,2023,SANBA,2023-10-20T06:00:00Z,20.7,109.8,NaN
2023289N15111,2023,SANBA,2023-10-20T09:00:00Z,20.4,109.7,NaN
2023289N15111,2023,SANBA,2023-10-20T12:00:00Z,20.1,109.6,NaN
2023289N15111,2023,SANBA,2023-10-20T15:00:00Z,19.9,109.2,NaN
2023289N15111,2023,SANBA,2023-10-20T18:00:00Z,19.8,108.9,NaN
2023289N15111,2023,SANBA,2023-10-20T21:00:00Z,19.7,108.7,NaN
2023289N15111,2023,SANBA,2023-10-21T00:00:00Z,19.9,108.2,NaN
2023314N05149,2023,UNNAMED,2023-11-09T18:00:00Z,5.1,149.0,NaN
2023314N05149,2023,UNNAMED,2023-11-09T21:00:00Z,5.2,148.7,NaN
2023314N05149,2023,UNNAMED,2023-11-10T00:00:00Z,5.3,148.4,NaN
2023314N05149,2023,UNNAMED,2023-11-10T03:00:00Z,5.4,148.1,NaN
2023314N05149,2023,UNNAMED,2023-11-10T06:00:00Z,5.5,147.9,NaN
2023314N05149,2023,UNNAMED,2023-11-10T09:00:00Z,5.6,147.7,NaN
2023314N05149,2023,UNNAMED,2023-11-10T12:00:00Z,5.7,147.5,NaN
2023314N05149,2023,UNNAMED,2023-11-10T15:00:00Z,5.9,147.3,NaN
2023314N05149,2023,UNNAMED,2023-11-10T18:00:00Z,6.1,147.1,NaN
2023314N05149,2023,UNNAMED,2023-11-10T21:00:00Z,6.3,147.0,NaN
2023314N05149,2023,UNNAMED,2023-11-11T00:00:00Z,6.4,146.8,NaN
2023314N05149,2023,UNNAMED,2023-11-11T03:00:00Z,6.4,146.4,NaN
2023314N05149,2023,UNNAMED,2023-11-11T06:00:00Z,6.3,145.9,NaN
2023314N05149,2023,UNNAMED,2023-11-11T09:00:00Z,6.3,145.5,NaN
2023314N05149,2023,UNNAMED,2023-11-11T12:00:00Z,6.3,144.9,NaN
2023314N05149,2023,UNNAMED,2023-11-11T15:00:00Z,6.4,144.1,NaN
2023314N05149,2023,UNNAMED,2023-11-11T18:00:00Z,6.5,143.2,NaN
2023314N05149,2023,UNNAMED,2023-11-11T21:00:00Z,6.6,142.3,NaN
2023314N05149,2023,UNNAMED,2023-11-12T00:00:00Z,6.7,141.5,NaN
2023314N05149,2023,UNNAMED,2023-11-12T03:00:00Z,6.9,141.1,NaN
2023314N05149,2023,UNNAMED,2023-11-12T06:00:00Z,7.1,140.8,NaN
2023314N05149,2023,UNNAMED,2023-11-12T09:00:00Z,7.4,140.4,NaN
2023314N05149,2023,UNNAMED,2023-11-12T12:00:00Z,7.6,140.0,NaN
2023314N05149,2023,UNNAMED,2023-11-12T15:00:00Z,7.6,139.7,NaN
2023314N05149,2023,UNNAMED,2023-11-12T18:00:00Z,7.6,139.4,NaN
2023314N05149,2023,UNNAMED,2023-11-12T21:00:00Z,7.8,139.1,NaN
2023314N05149,2023,UNNAMED,2023-11-13T00:00:00Z,8.0,139.0,NaN
2023314N05149,2023,UNNAMED,2023-11-13T03:00:00Z,7.8,139.2,NaN
2023314N05149,2023,UNNAMED,2023-11-13T06:00:00Z,7.5,139.5,NaN
2023314N05149,2023,UNNAMED,2023-11-13T09:00:00Z,7.3,139.7,NaN
2023314N05149,2023,UNNAMED,2023-11-13T12:00:00Z,6.9,139.9,NaN
2023314N05149,2023,UNNAMED,2023-11-13T15:00:00Z,6.1,140.0,NaN
2023314N05149,2023,UNNAMED,2023-11-13T18:00:00Z,5.4,140.1,NaN
2023314N05149,2023,UNNAMED,2023-11-13T21:00:00Z,5.3,140.1,NaN
2023314N05149,2023,UNNAMED,2023-11-14T00:00:00Z,5.4,140.0,NaN
2023314N05149,2023,UNNAMED,2023-11-14T03:00:00Z,5.4,140.0,NaN
2023314N05149,2023,UNNAMED,2023-11-14T06:00:00Z,5.4,139.9,NaN
2023314N05149,2023,UNNAMED,2023-11-14T09:00:00Z,5.6,139.9,NaN
2023314N05149,2023,UNNAMED,2023-11-14T12:00:00Z,5.8,139.8,NaN
2023314N05149,2023,UNNAMED,2023-11-14T15:00:00Z,5.9,139.4,NaN
2023314N05149,2023,UNNAMED,2023-11-14T18:00:00Z,6.0,139.1,NaN
2023314N05149,2023,UNNAMED,2023-11-14T21:00:00Z,6.1,138.8,NaN
2023314N05149,2023,UNNAMED,2023-11-15T00:00:00Z,6.1,138.6,NaN
2023314N05149,2023,UNNAMED,2023-11-15T03:00:00Z,6.0,138.6,NaN
2023314N05149,2023,UNNAMED,2023-11-15T06:00:00Z,5.9,138.3,NaN
2023314N05149,2023,UNNAMED,2023-11-15T09:00:00Z,5.8,137.9,NaN
2023314N05149,2023,UNNAMED,2023-11-15T12:00:00Z,5.8,137.4,NaN
2023314N05149,2023,UNNAMED,2023-11-15T15:00:00Z,5.8,137.0,NaN
2023314N05149,2023,UNNAMED,2023-11-15T18:00:00Z,5.9,136.6,NaN
2023314N05149,2023,UNNAMED,2023-11-15T21:00:00Z,6.0,136.2,NaN
2023314N05149,2023,UNNAMED,2023-11-16T00:00:00Z,6.1,135.9,NaN
2023314N05149,2023,UNNAMED,2023-11-16T03:00:00Z,6.4,135.5,NaN
2023314N05149,2023,UNNAMED,2023-11-16T06:00:00Z,6.7,135.2,NaN
2023314N05149,2023,UNNAMED,2023-11-16T09:00:00Z,7.1,134.9,NaN
2023314N05149,2023,UNNAMED,2023-11-16T12:00:00Z,7.5,134.7,NaN
2023314N05149,2023,UNNAMED,2023-11-16T15:00:00Z,7.8,134.6,NaN
2023314N05149,2023,UNNAMED,2023-11-16T18:00:00Z,8.0,134.4,NaN
2023314N05149,2023,UNNAMED,2023-11-16T21:00:00Z,8.2,134.1,NaN
2023314N05149,2023,UNNAMED,2023-11-17T00:00:00Z,8.4,133.8,NaN
2023314N05149,2023,UNNAMED,2023-11-17T03:00:00Z,8.6,133.4,NaN
2023314N05149,2023,UNNAMED,2023-11-17T06:00:00Z,8.8,133.0,NaN
2023314N05149,2023,UNNAMED,2023-11-17T09:00:00Z,9.0,132.5,NaN
2023314N05149,2023,UNNAMED,2023-11-17T12:00:00Z,9.2,132.0,NaN
2023349N04141,2023,JELAWAT,2023-12-14T12:00:00Z,3.7,140.6,NaN
2023349N04141,2023,JELAWAT,2023-12-14T15:00:00Z,3.9,140.4,NaN
2023349N04141,2023,JELAWAT,2023-12-14T18:00:00Z,4.1,140.3,NaN
2023349N04141,2023,JELAWAT,2023-12-14T21:00:00Z,4.3,140.2,NaN
2023349N04141,2023,JELAWAT,2023-12-15T00:00:00Z,4.5,140.0,NaN
2023349N04141,2023,JELAWAT,2023-12-15T03:00:00Z,4.8,139.5,NaN
2023349N04141,2023,JELAWAT,2023-12-15T06:00:00Z,5.1,138.8,NaN
2023349N04141,2023,JELAWAT,2023-12-15T09:00:00Z,5.3,138.2,NaN
2023349N04141,2023,JELAWAT,2023-12-15T12:00:00Z,5.7,137.8,NaN
2023349N04141,2023,JELAWAT,2023-12-15T15:00:00Z,6.0,137.2,NaN
2023349N04141,2023,JELAWAT,2023-12-15T18:00:00Z,6.1,136.5,NaN
2023349N04141,2023,JELAWAT,2023-12-15T21:00:00Z,6.2,135.9,NaN
2023349N04141,2023,JELAWAT,2023-12-16T00:00:00Z,6.2,135.4,NaN
2023349N04141,2023,JELAWAT,2023-12-16T03:00:00Z,6.3,134.6,NaN
2023349N04141,2023,JELAWAT,2023-12-16T06:00:00Z,6.6,133.7,NaN
2023349N04141,2023,JELAWAT,2023-12-16T09:00:00Z,6.8,133.0,NaN
2023349N04141,2023,JELAWAT,2023-12-16T12:00:00Z,7.0,132.3,NaN
2023349N04141,2023,JELAWAT,2023-12-16T15:00:00Z,7.0,131.7,NaN
2023349N04141,2023,JELAWAT,2023-12-16T18:00:00Z,7.0,131.2,NaN
2023349N04141,2023,JELAWAT,2023-12-16T21:00:00Z,7.0,130.7,NaN
2023349N04141,2023,JELAWAT,2023-12-17T00:00:00Z,7.0,130.3,NaN
2023349N04141,2023,JELAWAT,2023-12-17T03:00:00Z,7.1,129.8,NaN
2023349N04141,2023,JELAWAT,2023-12-17T06:00:00Z,7.3,129.4,35
2023349N04141,2023,JELAWAT,2023-12-17T09:00:00Z,7.3,129.0,NaN
2023349N04141,2023,JELAWAT,2023-12-17T12:00:00Z,7.2,128.5,35
2023349N04141,2023,JELAWAT,2023-12-17T15:00:00Z,7.2,128.1,NaN
2023349N04141,2023,JELAWAT,2023-12-17T18:00:00Z,7.2,127.6,35
2023349N04141,2023,JELAWAT,2023-12-17T21:00:00Z,7.3,127.2,NaN
2023349N04141,2023,JELAWAT,2023-12-18T00:00:00Z,7.3,126.7,NaN
2023349N04141,2023,JELAWAT,2023-12-18T03:00:00Z,7.3,126.3,NaN
2023349N04141,2023,JELAWAT,2023-12-18T06:00:00Z,7.4,126.0,NaN
2023349N04141,2023,JELAWAT,2023-12-18T09:00:00Z,7.3,126.0,NaN
2023349N04141,2023,JELAWAT,2023-12-18T12:00:00Z,7.3,125.8,NaN
2023349N04141,2023,JELAWAT,2023-12-18T15:00:00Z,7.4,125.7,NaN
2023349N04141,2023,JELAWAT,2023-12-18T18:00:00Z,7.7,125.1,NaN
2024141N03142,2024,EWINIAR,2024-05-20T00:00:00Z,2.5,142.2,NaN
2024141N03142,2024,EWINIAR,2024-05-20T03:00:00Z,2.4,141.5,NaN
2024141N03142,2024,EWINIAR,2024-05-20T06:00:00Z,2.2,140.9,NaN
2024141N03142,2024,EWINIAR,2024-05-20T09:00:00Z,2.0,140.3,NaN
2024141N03142,2024,EWINIAR,2024-05-20T12:00:00Z,1.9,139.7,NaN
2024141N03142,2024,EWINIAR,2024-05-20T15:00:00Z,2.2,139.3,NaN
2024141N03142,2024,EWINIAR,2024-05-20T18:00:00Z,2.6,138.9,NaN
2024141N03142,2024,EWINIAR,2024-05-20T21:00:00Z,2.9,138.5,NaN
2024141N03142,2024,EWINIAR,2024-05-21T00:00:00Z,3.1,138.1,NaN
2024141N03142,2024,EWINIAR,2024-05-21T03:00:00Z,3.4,137.8,NaN
2024141N03142,2024,EWINIAR,2024-05-21T06:00:00Z,3.7,137.5,NaN
2024141N03142,2024,EWINIAR,2024-05-21T09:00:00Z,4.0,137.2,NaN
2024141N03142,2024,EWINIAR,2024-05-21T12:00:00Z,4.2,136.9,NaN
2024141N03142,2024,EWINIAR,2024-05-21T15:00:00Z,4.4,136.6,NaN
2024141N03142,2024,EWINIAR,2024-05-21T18:00:00Z,4.6,136.4,NaN
2024141N03142,2024,EWINIAR,2024-05-21T21:00:00Z,4.9,136.2,NaN
2024141N03142,2024,EWINIAR,2024-05-22T00:00:00Z,5.1,135.9,NaN
2024141N03142,2024,EWINIAR,2024-05-22T03:00:00Z,5.2,135.5,NaN
2024141N03142,2024,EWINIAR,2024-05-22T06:00:00Z,5.3,135.1,NaN
2024141N03142,2024,EWINIAR,2024-05-22T09:00:00Z,5.3,134.7,NaN
2024141N03142,2024,EWINIAR,2024-05-22T12:00:00Z,5.4,134.3,NaN
2024141N03142,2024,EWINIAR,2024-05-22T15:00:00Z,5.5,133.9,NaN
2024141N03142,2024,EWINIAR,2024-05-22T18:00:00Z,5.6,133.6,NaN
2024141N03142,2024,EWINIAR,2024-05-22T21:00:00Z,5.6,133.2,NaN
2024141N03142,2024,EWINIAR,2024-05-23T00:00:00Z,5.8,132.9,NaN
2024141N03142,2024,EWINIAR,2024-05-23T03:00:00Z,6.3,132.8,NaN
2024141N03142,2024,EWINIAR,2024-05-23T06:00:00Z,6.9,132.5,NaN
2024141N03142,2024,EWINIAR,2024-05-23T09:00:00Z,7.4,131.7,NaN
2024141N03142,2024,EWINIAR,2024-05-23T12:00:00Z,7.8,130.8,NaN
2024141N03142,2024,EWINIAR,2024-05-23T15:00:00Z,8.0,129.9,NaN
2024141N03142,2024,EWINIAR,2024-05-23T18:00:00Z,8.1,129.2,NaN
2024141N03142,2024,EWINIAR,2024-05-23T21:00:00Z,8.2,128.5,NaN
2024141N03142,2024,EWINIAR,2024-05-24T00:00:00Z,8.4,127.9,NaN
2024141N03142,2024,EWINIAR,2024-05-24T03:00:00Z,8.8,127.5,NaN
2024141N03142,2024,EWINIAR,2024-05-24T06:00:00Z,9.3,127.2,NaN
2024141N03142,2024,EWINIAR,2024-05-24T09:00:00Z,9.7,126.7,NaN
2024141N03142,2024,EWINIAR,2024-05-24T12:00:00Z,10.2,126.3,NaN
2024141N03142,2024,EWINIAR,2024-05-24T15:00:00Z,10.7,125.8,NaN
2024141N03142,2024,EWINIAR,2024-05-24T18:00:00Z,11.2,125.3,NaN
2024141N03142,2024,EWINIAR,2024-05-24T21:00:00Z,11.8,124.6,NaN
2024141N03142,2024,EWINIAR,2024-05-25T00:00:00Z,12.2,123.9,NaN
2024141N03142,2024,EWINIAR,2024-05-25T03:00:00Z,12.5,123.4,NaN
2024141N03142,2024,EWINIAR,2024-05-25T06:00:00Z,12.7,122.9,NaN
2024141N03142,2024,EWINIAR,2024-05-25T09:00:00Z,13.0,122.6,NaN
2024141N03142,2024,EWINIAR,2024-05-25T12:00:00Z,13.2,122.3,35
2024141N03142,2024,EWINIAR,2024-05-25T15:00:00Z,13.4,122.0,NaN
2024141N03142,2024,EWINIAR,2024-05-25T18:00:00Z,13.6,121.8,45
2024141N03142,2024,EWINIAR,2024-05-25T21:00:00Z,13.8,121.6,NaN
2024141N03142,2024,EWINIAR,2024-05-26T00:00:00Z,14.0,121.5,50
2024141N03142,2024,EWINIAR,2024-05-26T03:00:00Z,14.2,121.5,NaN
2024141N03142,2024,EWINIAR,2024-05-26T06:00:00Z,14.4,121.7,55
2024141N03142,2024,EWINIAR,2024-05-26T09:00:00Z,14.6,121.9,NaN
2024141N03142,2024,EWINIAR,2024-05-26T12:00:00Z,14.9,122.2,65
2024141N03142,2024,EWINIAR,2024-05-26T15:00:00Z,15.2,122.4,NaN
2024141N03142,2024,EWINIAR,2024-05-26T18:00:00Z,15.5,122.5,70
2024141N03142,2024,EWINIAR,2024-05-26T21:00:00Z,15.7,122.6,NaN
2024141N03142,2024,EWINIAR,2024-05-27T00:00:00Z,15.8,122.8,75
2024141N03142,2024,EWINIAR,2024-05-27T03:00:00Z,16.0,123.1,NaN
2024141N03142,2024,EWINIAR,2024-05-27T06:00:00Z,16.3,123.4,70
2024141N03142,2024,EWINIAR,2024-05-27T09:00:00Z,16.7,123.7,NaN
2024141N03142,2024,EWINIAR,2024-05-27T12:00:00Z,17.1,124.0,70
2024141N03142,2024,EWINIAR,2024-05-27T15:00:00Z,17.4,124.2,NaN
2024141N03142,2024,EWINIAR,2024-05-27T18:00:00Z,17.7,124.6,70
2024141N03142,2024,EWINIAR,2024-05-27T21:00:00Z,18.1,125.0,NaN
2024141N03142,2024,EWINIAR,2024-05-28T00:00:00Z,18.5,125.6,65
2024141N03142,2024,EWINIAR,2024-05-28T03:00:00Z,19.1,126.1,NaN
2024141N03142,2024,EWINIAR,2024-05-28T06:00:00Z,19.8,126.7,65
2024141N03142,2024,EWINIAR,2024-05-28T09:00:00Z,20.4,127.4,NaN
2024141N03142,2024,EWINIAR,2024-05-28T12:00:00Z,21.1,128.1,65
2024141N03142,2024,EWINIAR,2024-05-28T15:00:00Z,21.9,128.7,NaN
2024141N03142,2024,EWINIAR,2024-05-28T18:00:00Z,22.7,129.4,65
2024141N03142,2024,EWINIAR,2024-05-28T21:00:00Z,23.5,130.1,NaN
2024141N03142,2024,EWINIAR,2024-05-29T00:00:00Z,24.2,130.8,60
2024141N03142,2024,EWINIAR,2024-05-29T03:00:00Z,24.9,131.5,60
2024141N03142,2024,EWINIAR,2024-05-29T06:00:00Z,25.5,132.1,60
2024141N03142,2024,EWINIAR,2024-05-29T09:00:00Z,25.9,132.6,NaN
2024141N03142,2024,EWINIAR,2024-05-29T12:00:00Z,26.4,133.0,55
2024141N03142,2024,EWINIAR,2024-05-29T15:00:00Z,26.9,133.5,NaN
2024141N03142,2024,EWINIAR,2024-05-29T18:00:00Z,27.3,133.9,50
2024141N03142,2024,EWINIAR,2024-05-29T21:00:00Z,27.7,134.4,NaN
2024141N03142,2024,EWINIAR,2024-05-30T00:00:00Z,28.0,134.8,45
2024141N03142,2024,EWINIAR,2024-05-30T03:00:00Z,28.4,135.3,NaN
2024141N03142,2024,EWINIAR,2024-05-30T06:00:00Z,28.9,135.8,40
2024141N03142,2024,EWINIAR,2024-05-30T09:00:00Z,29.4,136.3,NaN
2024141N03142,2024,EWINIAR,2024-05-30T12:00:00Z,30.0,136.9,40
2024141N03142,2024,EWINIAR,2024-05-30T15:00:00Z,30.7,137.4,NaN
2024141N03142,2024,EWINIAR,2024-05-30T18:00:00Z,31.5,138.1,NaN
2024141N03142,2024,EWINIAR,2024-05-30T21:00:00Z,32.3,138.9,NaN
2024141N03142,2024,EWINIAR,2024-05-31T00:00:00Z,33.1,140.0,NaN
2024141N03142,2024,EWINIAR,2024-05-31T03:00:00Z,33.9,141.4,NaN
2024141N03142,2024,EWINIAR,2024-05-31T06:00:00Z,34.7,143.1,NaN
2024141N03142,2024,EWINIAR,2024-05-31T09:00:00Z,35.5,144.7,NaN
2024141N03142,2024,EWINIAR,2024-05-31T12:00:00Z,36.3,146.5,NaN
2024141N03142,2024,EWINIAR,2024-05-31T15:00:00Z,37.2,148.6,NaN
2024141N03142,2024,EWINIAR,2024-05-31T18:00:00Z,38.1,150.9,NaN
2024141N03142,2024,EWINIAR,2024-05-31T21:00:00Z,38.7,153.1,NaN
2024141N03142,2024,EWINIAR,2024-06-01T00:00:00Z,39.2,155.1,NaN
2024141N03142,2024,EWINIAR,2024-06-01T03:00:00Z,39.9,157.0,NaN
2024141N03142,2024,EWINIAR,2024-06-01T06:00:00Z,40.5,158.9,NaN
2024141N03142,2024,EWINIAR,2024-06-01T09:00:00Z,41.0,160.7,NaN
2024141N03142,2024,EWINIAR,2024-06-01T12:00:00Z,41.6,162.8,NaN
2024141N03142,2024,EWINIAR,2024-06-01T15:00:00Z,42.3,165.4,NaN
2024141N03142,2024,EWINIAR,2024-06-01T18:00:00Z,43.1,168.4,NaN
2024141N03142,2024,EWINIAR,2024-06-01T21:00:00Z,43.9,171.2,NaN
2024141N03142,2024,EWINIAR,2024-06-02T00:00:00Z,44.7,174.1,NaN
2024141N03142,2024,EWINIAR,2024-06-02T03:00:00Z,45.4,176.6,NaN
2024141N03142,2024,EWINIAR,2024-06-02T06:00:00Z,46.2,179.1,NaN
2024151N18113,2024,MALIKSI,2024-05-30T00:00:00Z,17.8,112.5,NaN
2024151N18113,2024,MALIKSI,2024-05-30T03:00:00Z,17.8,112.4,NaN
2024151N18113,2024,MALIKSI,2024-05-30T06:00:00Z,17.8,112.3,NaN
2024151N18113,2024,MALIKSI,2024-05-30T09:00:00Z,17.7,112.2,NaN
2024151N18113,2024,MALIKSI,2024-05-30T12:00:00Z,17.8,112.2,NaN
2024151N18113,2024,MALIKSI,2024-05-30T15:00:00Z,18.1,112.2,NaN
2024151N18113,2024,MALIKSI,2024-05-30T18:00:00Z,18.6,112.3,NaN
2024151N18113,2024,MALIKSI,2024-05-30T21:00:00Z,19.1,112.4,NaN
2024151N18113,2024,MALIKSI,2024-05-31T00:00:00Z,19.6,112.4,35
2024151N18113,2024,MALIKSI,2024-05-31T03:00:00Z,20.0,112.2,NaN
2024151N18113,2024,MALIKSI,2024-05-31T06:00:00Z,20.4,111.9,35
2024151N18113,2024,MALIKSI,2024-05-31T09:00:00Z,20.6,111.6,NaN
2024151N18113,2024,MALIKSI,2024-05-31T12:00:00Z,20.9,111.4,NaN
2024151N18113,2024,MALIKSI,2024-05-31T15:00:00Z,21.3,111.4,NaN
2024151N18113,2024,MALIKSI,2024-05-31T18:00:00Z,21.6,111.5,NaN
2024151N18113,2024,MALIKSI,2024-05-31T21:00:00Z,21.9,111.7,NaN
2024151N18113,2024,MALIKSI,2024-06-01T00:00:00Z,22.4,112.0,NaN
2024151N18113,2024,MALIKSI,2024-06-01T03:00:00Z,22.9,112.2,NaN
2024151N18113,2024,MALIKSI,2024-06-01T06:00:00Z,23.4,112.5,NaN
2024151N18113,2024,MALIKSI,2024-06-01T09:00:00Z,23.7,112.8,NaN
2024151N18113,2024,MALIKSI,2024-06-01T12:00:00Z,24.0,113.5,NaN
2024151N18113,2024,MALIKSI,2024-06-01T15:00:00Z,24.4,114.3,NaN
2024151N18113,2024,MALIKSI,2024-06-01T18:00:00Z,24.8,115.1,NaN
2024151N18113,2024,MALIKSI,2024-06-01T21:00:00Z,24.9,115.6,NaN
2024151N18113,2024,MALIKSI,2024-06-02T00:00:00Z,24.9,116.4,NaN
2024151N18113,2024,MALIKSI,2024-06-02T03:00:00Z,24.8,117.6,NaN
2024151N18113,2024,MALIKSI,2024-06-02T06:00:00Z,24.7,119.4,NaN
2024151N18113,2024,MALIKSI,2024-06-02T09:00:00Z,24.3,121.9,NaN
2024151N18113,2024,MALIKSI,2024-06-02T12:00:00Z,23.8,123.3,NaN
2024151N18113,2024,MALIKSI,2024-06-02T15:00:00Z,23.7,123.8,NaN
2024151N18113,2024,MALIKSI,2024-06-02T18:00:00Z,23.8,124.2,NaN
2024151N18113,2024,MALIKSI,2024-06-02T21:00:00Z,23.8,125.2,NaN
2024151N18113,2024,MALIKSI,2024-06-03T00:00:00Z,23.9,126.4,NaN
2024151N18113,2024,MALIKSI,2024-06-03T03:00:00Z,23.9,127.3,NaN
2024151N18113,2024,MALIKSI,2024-06-03T06:00:00Z,24.0,128.2,NaN
2024151N18113,2024,MALIKSI,2024-06-03T09:00:00Z,24.0,129.0,NaN
2024151N18113,2024,MALIKSI,2024-06-03T12:00:00Z,24.1,129.8,NaN
2024151N18113,2024,MALIKSI,2024-06-03T15:00:00Z,24.3,130.7,NaN
2024151N18113,2024,MALIKSI,2024-06-03T18:00:00Z,24.5,131.6,NaN
2024151N18113,2024,MALIKSI,2024-06-03T21:00:00Z,24.7,132.7,NaN
2024151N18113,2024,MALIKSI,2024-06-04T00:00:00Z,24.8,133.7,NaN
2024151N18113,2024,MALIKSI,2024-06-04T03:00:00Z,24.8,134.5,NaN
2024151N18113,2024,MALIKSI,2024-06-04T06:00:00Z,24.8,135.1,NaN
2024151N18113,2024,MALIKSI,2024-06-04T09:00:00Z,24.8,135.8,NaN
2024151N18113,2024,MALIKSI,2024-06-04T12:00:00Z,24.9,136.4,NaN
2024151N18113,2024,MALIKSI,2024-06-04T15:00:00Z,24.9,136.9,NaN
2024151N18113,2024,MALIKSI,2024-06-04T18:00:00Z,24.9,137.3,NaN
2024151N18113,2024,MALIKSI,2024-06-04T21:00:00Z,24.8,137.6,NaN
2024151N18113,2024,MALIKSI,2024-06-05T00:00:00Z,24.8,138.0,NaN
2024151N18113,2024,MALIKSI,2024-06-05T03:00:00Z,24.8,138.5,NaN
2024151N18113,2024,MALIKSI,2024-06-05T06:00:00Z,24.8,139.0,NaN
2024195N13114,2024,UNNAMED,2024-07-13T00:00:00Z,13.2,113.9,NaN
2024195N13114,2024,UNNAMED,2024-07-13T03:00:00Z,13.1,113.6,NaN
2024195N13114,2024,UNNAMED,2024-07-13T06:00:00Z,13.1,113.3,NaN
2024195N13114,2024,UNNAMED,2024-07-13T09:00:00Z,13.3,113.0,NaN
2024195N13114,2024,UNNAMED,2024-07-13T12:00:00Z,13.4,112.7,NaN
2024195N13114,2024,UNNAMED,2024-07-13T15:00:00Z,13.5,112.5,NaN
2024195N13114,2024,UNNAMED,2024-07-13T18:00:00Z,13.7,112.3,NaN
2024195N13114,2024,UNNAMED,2024-07-13T21:00:00Z,13.9,112.1,NaN
2024195N13114,2024,UNNAMED,2024-07-14T00:00:00Z,14.2,111.9,NaN
2024195N13114,2024,UNNAMED,2024-07-14T03:00:00Z,14.4,111.6,NaN
2024195N13114,2024,UNNAMED,2024-07-14T06:00:00Z,14.6,111.5,NaN
2024195N13114,2024,UNNAMED,2024-07-14T09:00:00Z,14.8,111.3,NaN
2024195N13114,2024,UNNAMED,2024-07-14T12:00:00Z,14.9,111.1,NaN
2024195N13114,2024,UNNAMED,2024-07-14T15:00:00Z,15.2,110.8,NaN
2024195N13114,2024,UNNAMED,2024-07-14T18:00:00Z,15.5,110.3,NaN
2024195N13114,2024,UNNAMED,2024-07-14T21:00:00Z,15.9,109.7,NaN
2024195N13114,2024,UNNAMED,2024-07-15T00:00:00Z,16.3,109.2,NaN
2024195N13114,2024,UNNAMED,2024-07-15T03:00:00Z,16.7,108.4,NaN
2024195N13114,2024,UNNAMED,2024-07-15T06:00:00Z,17.1,107.7,NaN
2024195N13114,2024,UNNAMED,2024-07-15T09:00:00Z,17.4,106.8,NaN
2024195N13114,2024,UNNAMED,2024-07-15T12:00:00Z,17.8,106.2,NaN
2024195N13114,2024,UNNAMED,2024-07-15T15:00:00Z,18.0,105.8,NaN
2024195N13114,2024,UNNAMED,2024-07-15T18:00:00Z,18.2,105.4,NaN
2024198N08130,2024,PRAPIROON,2024-07-15T12:00:00Z,7.7,129.7,NaN
2024198N08130,2024,PRAPIROON,2024-07-15T15:00:00Z,8.3,129.1,NaN
2024198N08130,2024,PRAPIROON,2024-07-15T18:00:00Z,8.9,128.6,NaN
2024198N08130,2024,PRAPIROON,2024-07-15T21:00:00Z,9.4,128.1,NaN
2024198N08130,2024,PRAPIROON,2024-07-16T00:00:00Z,9.7,127.8,NaN
2024198N08130,2024,PRAPIROON,2024-07-16T03:00:00Z,9.9,127.6,NaN
2024198N08130,2024,PRAPIROON,2024-07-16T06:00:00Z,10.1,127.4,NaN
2024198N08130,2024,PRAPIROON,2024-07-16T09:00:00Z,10.3,127.2,NaN
2024198N08130,2024,PRAPIROON,2024-07-16T12:00:00Z,10.5,127.0,NaN
2024198N08130,2024,PRAPIROON,2024-07-16T15:00:00Z,10.7,126.9,NaN
2024198N08130,2024,PRAPIROON,2024-07-16T18:00:00Z,10.8,126.8,NaN
2024198N08130,2024,PRAPIROON,2024-07-16T21:00:00Z,10.9,126.8,NaN
2024198N08130,2024,PRAPIROON,2024-07-17T00:00:00Z,11.1,126.7,NaN
2024198N08130,2024,PRAPIROON,2024-07-17T03:00:00Z,11.2,126.5,NaN
2024198N08130,2024,PRAPIROON,2024-07-17T06:00:00Z,11.4,126.3,NaN
2024198N08130,2024,PRAPIROON,2024-07-17T09:00:00Z,11.5,126.1,NaN
2024198N08130,2024,PRAPIROON,2024-07-17T12:00:00Z,11.7,125.7,NaN
2024198N08130,2024,PRAPIROON,2024-07-17T15:00:00Z,11.9,124.9,NaN
2024198N08130,2024,PRAPIROON,2024-07-17T18:00:00Z,12.1,124.0,NaN
2024198N08130,2024,PRAPIROON,2024-07-17T21:00:00Z,12.3,123.2,NaN
2024198N08130,2024,PRAPIROON,2024-07-18T00:00:00Z,12.5,122.5,NaN
2024198N08130,2024,PRAPIROON,2024-07-18T03:00:00Z,12.6,122.0,NaN
2024198N08130,2024,PRAPIROON,2024-07-18T06:00:00Z,12.6,121.7,NaN
2024198N08130,2024,PRAPIROON,2024-07-18T09:00:00Z,12.7,121.4,NaN
2024198N08130,2024,PRAPIROON,2024-07-18T12:00:00Z,12.8,121.0,NaN
2024198N08130,2024,PRAPIROON,2024-07-18T15:00:00Z,12.9,120.5,NaN
2024198N08130,2024,PRAPIROON,2024-07-18T18:00:00Z,13.1,120.0,NaN
2024198N08130,2024,PRAPIROON,2024-07-18T21:00:00Z,13.3,119.6,NaN
2024198N08130,2024,PRAPIROON,2024-07-19T00:00:00Z,13.5,119.1,NaN
2024198N08130,2024,PRAPIROON,2024-07-19T03:00:00Z,13.8,118.5,NaN
2024198N08130,2024,PRAPIROON,2024-07-19T06:00:00Z,14.2,117.8,NaN
2024198N08130,2024,PRAPIROON,2024-07-19T09:00:00Z,14.4,117.3,NaN
2024198N08130,2024,PRAPIROON,2024-07-19T12:00:00Z,14.7,116.7,NaN
2024198N08130,2024,PRAPIROON,2024-07-19T15:00:00Z,14.9,116.2,NaN
2024198N08130,2024,PRAPIROON,2024-07-19T18:00:00Z,15.1,115.7,NaN
2024198N08130,2024,PRAPIROON,2024-07-19T21:00:00Z,15.4,115.1,NaN
2024198N08130,2024,PRAPIROON,2024-07-20T00:00:00Z,15.5,114.7,NaN
2024198N08130,2024,PRAPIROON,2024-07-20T03:00:00Z,15.7,114.3,NaN
2024198N08130,2024,PRAPIROON,2024-07-20T06:00:00Z,15.8,113.9,NaN
2024198N08130,2024,PRAPIROON,2024-07-20T09:00:00Z,16.0,113.4,NaN
2024198N08130,2024,PRAPIROON,2024-07-20T12:00:00Z,16.1,112.8,NaN
2024198N08130,2024,PRAPIROON,2024-07-20T15:00:00Z,16.2,112.2,NaN
2024198N08130,2024,PRAPIROON,2024-07-20T18:00:00Z,16.1,111.8,NaN
2024198N08130,2024,PRAPIROON,2024-07-20T21:00:00Z,16.1,111.5,NaN
2024198N08130,2024,PRAPIROON,2024-07-21T00:00:00Z,16.2,111.3,35
2024198N08130,2024,PRAPIROON,2024-07-21T03:00:00Z,16.5,111.2,NaN
2024198N08130,2024,PRAPIROON,2024-07-21T06:00:00Z,17.0,111.1,35
2024198N08130,2024,PRAPIROON,2024-07-21T09:00:00Z,17.4,111.0,NaN
2024198N08130,2024,PRAPIROON,2024-07-21T12:00:00Z,17.8,110.8,40
2024198N08130,2024,PRAPIROON,2024-07-21T15:00:00Z,18.3,110.5,NaN
2024198N08130,2024,PRAPIROON,2024-07-21T18:00:00Z,18.8,110.2,45
2024198N08130,2024,PRAPIROON,2024-07-21T21:00:00Z,19.2,109.7,NaN
2024198N08130,2024,PRAPIROON,2024-07-22T00:00:00Z,19.5,109.2,50
2024198N08130,2024,PRAPIROON,2024-07-22T03:00:00Z,19.8,108.9,NaN
2024198N08130,2024,PRAPIROON,2024-07-22T06:00:00Z,20.1,108.6,55
2024198N08130,2024,PRAPIROON,2024-07-22T09:00:00Z,20.2,108.4,NaN
2024198N08130,2024,PRAPIROON,2024-07-22T12:00:00Z,20.4,108.2,55
2024198N08130,2024,PRAPIROON,2024-07-22T15:00:00Z,20.7,108.0,NaN
2024198N08130,2024,PRAPIROON,2024-07-22T18:00:00Z,20.9,107.9,55
2024198N08130,2024,PRAPIROON,2024-07-22T21:00:00Z,21.2,107.7,NaN
2024198N08130,2024,PRAPIROON,2024-07-23T00:00:00Z,21.4,107.6,45
2024198N08130,2024,PRAPIROON,2024-07-23T03:00:00Z,21.5,107.5,NaN
2024198N08130,2024,PRAPIROON,2024-07-23T06:00:00Z,21.6,107.4,35
2024198N08130,2024,PRAPIROON,2024-07-23T09:00:00Z,21.6,107.2,NaN
2024198N08130,2024,PRAPIROON,2024-07-23T12:00:00Z,21.7,106.9,NaN
2024198N08130,2024,PRAPIROON,2024-07-23T15:00:00Z,21.6,106.7,NaN
2024198N08130,2024,PRAPIROON,2024-07-23T18:00:00Z,21.7,106.6,NaN
2024198N08130,2024,PRAPIROON,2024-07-23T21:00:00Z,21.7,106.6,NaN
2024198N08130,2024,PRAPIROON,2024-07-24T00:00:00Z,21.8,106.6,NaN
2024198N08130,2024,PRAPIROON,2024-07-24T03:00:00Z,21.8,106.7,NaN
2024198N08130,2024,PRAPIROON,2024-07-24T06:00:00Z,21.8,106.8,NaN
2024198N08130,2024,PRAPIROON,2024-07-24T09:00:00Z,21.7,106.8,NaN
2024198N08130,2024,PRAPIROON,2024-07-24T12:00:00Z,21.5,106.9,NaN
2024198N08130,2024,PRAPIROON,2024-07-24T15:00:00Z,21.2,107.2,NaN
2024198N08130,2024,PRAPIROON,2024-07-24T18:00:00Z,21.0,107.7,NaN
2024198N08130,2024,PRAPIROON,2024-07-24T21:00:00Z,21.1,108.2,NaN
2024198N08130,2024,PRAPIROON,2024-07-25T00:00:00Z,21.2,108.5,NaN
2024198N08130,2024,PRAPIROON,2024-07-25T03:00:00Z,21.3,108.7,NaN
2024198N08130,2024,PRAPIROON,2024-07-25T06:00:00Z,21.5,108.8,NaN
2024201N12133,2024,GAEMI,2024-07-19T00:00:00Z,11.6,133.2,NaN
2024201N12133,2024,GAEMI,2024-07-19T03:00:00Z,12.1,132.8,NaN
2024201N12133,2024,GAEMI,2024-07-19T06:00:00Z,12.7,132.3,NaN
2024201N12133,2024,GAEMI,2024-07-19T09:00:00Z,13.3,131.8,NaN
2024201N12133,2024,GAEMI,2024-07-19T12:00:00Z,13.9,131.2,NaN
2024201N12133,2024,GAEMI,2024-07-19T15:00:00Z,14.3,130.5,NaN
2024201N12133,2024,GAEMI,2024-07-19T18:00:00Z,14.7,129.8,NaN
2024201N12133,2024,GAEMI,2024-07-19T21:00:00Z,15.0,129.3,NaN
2024201N12133,2024,GAEMI,2024-07-20T00:00:00Z,15.4,128.8,35
2024201N12133,2024,GAEMI,2024-07-20T03:00:00Z,15.7,128.4,NaN
2024201N12133,2024,GAEMI,2024-07-20T06:00:00Z,15.9,127.9,40
2024201N12133,2024,GAEMI,2024-07-20T09:00:00Z,16.1,127.6,NaN
2024201N12133,2024,GAEMI,2024-07-20T12:00:00Z,16.2,127.2,40
2024201N12133,2024,GAEMI,2024-07-20T15:00:00Z,16.3,126.9,NaN
2024201N12133,2024,GAEMI,2024-07-20T18:00:00Z,16.4,126.5,40
2024201N12133,2024,GAEMI,2024-07-20T21:00:00Z,16.5,126.1,NaN
2024201N12133,2024,GAEMI,2024-07-21T00:00:00Z,16.6,125.8,45
2024201N12133,2024,GAEMI,2024-07-21T03:00:00Z,16.6,125.7,NaN
2024201N12133,2024,GAEMI,2024-07-21T06:00:00Z,16.6,125.7,50
2024201N12133,2024,GAEMI,2024-07-21T09:00:00Z,16.7,125.6,NaN
2024201N12133,2024,GAEMI,2024-07-21T12:00:00Z,16.8,125.6,50
2024201N12133,2024,GAEMI,2024-07-21T15:00:00Z,16.9,125.6,NaN
2024201N12133,2024,GAEMI,2024-07-21T18:00:00Z,17.1,125.6,60
2024201N12133,2024,GAEMI,2024-07-21T21:00:00Z,17.3,125.6,NaN
2024201N12133,2024,GAEMI,2024-07-22T00:00:00Z,17.5,125.6,65
2024201N12133,2024,GAEMI,2024-07-22T03:00:00Z,17.7,125.5,NaN
2024201N12133,2024,GAEMI,2024-07-22T06:00:00Z,17.9,125.5,65
2024201N12133,2024,GAEMI,2024-07-22T09:00:00Z,18.1,125.4,NaN
2024201N12133,2024,GAEMI,2024-07-22T12:00:00Z,18.4,125.3,65
2024201N12133,2024,GAEMI,2024-07-22T15:00:00Z,18.6,125.2,NaN
2024201N12133,2024,GAEMI,2024-07-22T18:00:00Z,18.8,125.1,70
2024201N12133,2024,GAEMI,2024-07-22T21:00:00Z,19.2,125.1,NaN
2024201N12133,2024,GAEMI,2024-07-23T00:00:00Z,19.6,125.0,75
2024201N12133,2024,GAEMI,2024-07-23T03:00:00Z,20.1,125.0,NaN
2024201N12133,2024,GAEMI,2024-07-23T06:00:00Z,20.7,125.0,75
2024201N12133,2024,GAEMI,2024-07-23T09:00:00Z,21.3,124.9,NaN
2024201N12133,2024,GAEMI,2024-07-23T12:00:00Z,21.9,124.5,75
2024201N12133,2024,GAEMI,2024-07-23T15:00:00Z,22.5,124.0,80
2024201N12133,2024,GAEMI,2024-07-23T18:00:00Z,22.8,123.6,85
2024201N12133,2024,GAEMI,2024-07-23T21:00:00Z,23.1,123.4,85
2024201N12133,2024,GAEMI,2024-07-24T00:00:00Z,23.5,123.3,85
2024201N12133,2024,GAEMI,2024-07-24T03:00:00Z,23.9,122.9,90
2024201N12133,2024,GAEMI,2024-07-24T06:00:00Z,24.2,122.5,90
2024201N12133,2024,GAEMI,2024-07-24T09:00:00Z,24.0,121.9,75
2024201N12133,2024,GAEMI,2024-07-24T12:00:00Z,23.6,121.7,65
2024201N12133,2024,GAEMI,2024-07-24T15:00:00Z,24.1,121.7,60
2024201N12133,2024,GAEMI,2024-07-24T18:00:00Z,24.7,121.4,60
2024201N12133,2024,GAEMI,2024-07-24T21:00:00Z,25.0,120.9,NaN
2024201N12133,2024,GAEMI,2024-07-25T00:00:00Z,25.1,120.3,60
2024201N12133,2024,GAEMI,2024-07-25T03:00:00Z,25.1,120.0,NaN
2024201N12133,2024,GAEMI,2024-07-25T06:00:00Z,25.2,119.7,55
2024201N12133,2024,GAEMI,2024-07-25T09:00:00Z,25.3,119.5,NaN
2024201N12133,2024,GAEMI,2024-07-25T12:00:00Z,25.3,119.2,50
2024201N12133,2024,GAEMI,2024-07-25T15:00:00Z,25.4,119.0,NaN
2024201N12133,2024,GAEMI,2024-07-25T18:00:00Z,25.6,118.8,45
2024201N12133,2024,GAEMI,2024-07-25T21:00:00Z,25.8,118.5,NaN
2024201N12133,2024,GAEMI,2024-07-26T00:00:00Z,26.3,118.2,40
2024201N12133,2024,GAEMI,2024-07-26T03:00:00Z,26.9,118.0,NaN
2024201N12133,2024,GAEMI,2024-07-26T06:00:00Z,27.5,117.7,35
2024201N12133,2024,GAEMI,2024-07-26T09:00:00Z,27.9,117.4,NaN
2024201N12133,2024,GAEMI,2024-07-26T12:00:00Z,28.1,117.1,35
2024201N12133,2024,GAEMI,2024-07-26T15:00:00Z,28.2,116.7,NaN
2024201N12133,2024,GAEMI,2024-07-26T18:00:00Z,28.4,116.3,NaN
2024201N12133,2024,GAEMI,2024-07-26T21:00:00Z,28.6,116.0,NaN
2024201N12133,2024,GAEMI,2024-07-27T00:00:00Z,28.9,115.8,NaN
2024201N12133,2024,GAEMI,2024-07-27T03:00:00Z,29.2,115.5,NaN
2024201N12133,2024,GAEMI,2024-07-27T06:00:00Z,29.4,115.3,NaN
2024201N12133,2024,GAEMI,2024-07-27T09:00:00Z,29.5,115.1,NaN
2024201N12133,2024,GAEMI,2024-07-27T12:00:00Z,29.5,114.8,NaN
2024201N12133,2024,GAEMI,2024-07-27T15:00:00Z,29.5,114.5,NaN
2024201N12133,2024,GAEMI,2024-07-27T18:00:00Z,29.6,114.1,NaN
2024201N12133,2024,GAEMI,2024-07-27T21:00:00Z,29.7,113.6,NaN
2024201N12133,2024,GAEMI,2024-07-28T00:00:00Z,29.8,112.9,NaN
2024201N12133,2024,GAEMI,2024-07-28T03:00:00Z,29.7,111.8,NaN
2024201N12133,2024,GAEMI,2024-07-28T06:00:00Z,29.5,110.9,NaN
2024201N12133,2024,GAEMI,2024-07-28T09:00:00Z,29.6,110.1,NaN
2024201N12133,2024,GAEMI,2024-07-28T12:00:00Z,29.8,109.5,NaN
2024201N12133,2024,GAEMI,2024-07-28T15:00:00Z,30.0,109.0,NaN
2024201N12133,2024,GAEMI,2024-07-28T18:00:00Z,30.2,108.7,NaN
2024218N23143,2024,MARIA,2024-08-05T00:00:00Z,23.0,142.5,NaN
2024218N23143,2024,MARIA,2024-08-05T03:00:00Z,23.6,142.1,NaN
2024218N23143,2024,MARIA,2024-08-05T06:00:00Z,24.2,141.5,NaN
2024218N23143,2024,MARIA,2024-08-05T09:00:00Z,24.5,141.0,NaN
2024218N23143,2024,MARIA,2024-08-05T12:00:00Z,24.7,140.6,NaN
2024218N23143,2024,MARIA,2024-08-05T15:00:00Z,24.8,140.5,NaN
2024218N23143,2024,MARIA,2024-08-05T18:00:00Z,25.0,140.5,NaN
2024218N23143,2024,MARIA,2024-08-05T21:00:00Z,25.2,140.5,NaN
2024218N23143,2024,MARIA,2024-08-06T00:00:00Z,25.4,140.5,NaN
2024218N23143,2024,MARIA,2024-08-06T03:00:00Z,25.5,140.5,NaN
2024218N23143,2024,MARIA,2024-08-06T06:00:00Z,25.6,140.6,NaN
2024218N23143,2024,MARIA,2024-08-06T09:00:00Z,25.7,140.7,NaN
2024218N23143,2024,MARIA,2024-08-06T12:00:00Z,25.8,140.8,NaN
2024218N23143,2024,MARIA,2024-08-06T15:00:00Z,25.8,140.8,NaN
2024218N23143,2024,MARIA,2024-08-06T18:00:00Z,25.7,140.9,NaN
2024218N23143,2024,MARIA,2024-08-06T21:00:00Z,25.7,141.0,NaN
2024218N23143,2024,MARIA,2024-08-07T00:00:00Z,25.6,141.1,NaN
2024218N23143,2024,MARIA,2024-08-07T03:00:00Z,25.6,141.3,NaN
2024218N23143,2024,MARIA,2024-08-07T06:00:00Z,25.5,141.5,NaN
2024218N23143,2024,MARIA,2024-08-07T09:00:00Z,25.5,141.8,NaN
2024218N23143,2024,MARIA,2024-08-07T12:00:00Z,25.5,142.1,NaN
2024218N23143,2024,MARIA,2024-08-07T15:00:00Z,25.5,142.4,NaN
2024218N23143,2024,MARIA,2024-08-07T18:00:00Z,25.7,142.8,35
2024218N23143,2024,MARIA,2024-08-07T21:00:00Z,26.0,143.4,NaN
2024218N23143,2024,MARIA,2024-08-08T00:00:00Z,26.5,144.0,40
2024218N23143,2024,MARIA,2024-08-08T03:00:00Z,27.1,144.4,NaN
2024218N23143,2024,MARIA,2024-08-08T06:00:00Z,27.7,144.8,45
2024218N23143,2024,MARIA,2024-08-08T09:00:00Z,28.3,145.1,NaN
2024218N23143,2024,MARIA,2024-08-08T12:00:00Z,28.8,145.4,50
2024218N23143,2024,MARIA,2024-08-08T15:00:00Z,29.4,145.5,NaN
2024218N23143,2024,MARIA,2024-08-08T18:00:00Z,30.0,145.7,55
2024218N23143,2024,MARIA,2024-08-08T21:00:00Z,30.4,145.9,NaN
2024218N23143,2024,MARIA,2024-08-09T00:00:00Z,30.9,146.0,55
2024218N23143,2024,MARIA,2024-08-09T03:00:00Z,31.6,146.0,NaN
2024218N23143,2024,MARIA,2024-08-09T06:00:00Z,32.3,146.0,55
2024218N23143,2024,MARIA,2024-08-09T09:00:00Z,32.6,146.0,NaN
2024218N23143,2024,MARIA,2024-08-09T12:00:00Z,33.0,145.9,55
2024218N23143,2024,MARIA,2024-08-09T15:00:00Z,33.6,145.9,NaN
2024218N23143,2024,MARIA,2024-08-09T18:00:00Z,34.2,145.9,55
2024218N23143,2024,MARIA,2024-08-09T21:00:00Z,34.6,145.9,NaN
2024218N23143,2024,MARIA,2024-08-10T00:00:00Z,35.0,145.9,45
2024218N23143,2024,MARIA,2024-08-10T03:00:00Z,35.4,145.6,NaN
2024218N23143,2024,MARIA,2024-08-10T06:00:00Z,35.8,145.4,45
2024218N23143,2024,MARIA,2024-08-10T09:00:00Z,36.1,145.3,NaN
2024218N23143,2024,MARIA,2024-08-10T12:00:00Z,36.3,145.2,50
2024218N23143,2024,MARIA,2024-08-10T15:00:00Z,36.6,145.1,NaN
2024218N23143,2024,MARIA,2024-08-10T18:00:00Z,36.9,145.0,50
2024218N23143,2024,MARIA,2024-08-10T21:00:00Z,37.2,144.8,NaN
2024218N23143,2024,MARIA,2024-08-11T00:00:00Z,37.5,144.5,50
2024218N23143,2024,MARIA,2024-08-11T03:00:00Z,37.6,144.2,NaN
2024218N23143,2024,MARIA,2024-08-11T06:00:00Z,37.7,143.9,50
2024218N23143,2024,MARIA,2024-08-11T09:00:00Z,37.7,143.6,50
2024218N23143,2024,MARIA,2024-08-11T12:00:00Z,37.9,143.4,50
2024218N23143,2024,MARIA,2024-08-11T15:00:00Z,38.1,143.0,50
2024218N23143,2024,MARIA,2024-08-11T18:00:00Z,38.3,142.6,50
2024218N23143,2024,MARIA,2024-08-11T21:00:00Z,38.7,142.2,50
2024218N23143,2024,MARIA,2024-08-11T23:00:00Z,38.9,141.9,50
2024218N23143,2024,MARIA,2024-08-12T00:00:00Z,39.0,141.7,45
2024218N23143,2024,MARIA,2024-08-12T03:00:00Z,39.4,141.1,40
2024218N23143,2024,MARIA,2024-08-12T06:00:00Z,39.8,140.4,NaN
2024218N23143,2024,MARIA,2024-08-12T09:00:00Z,40.0,139.9,NaN
2024218N23143,2024,MARIA,2024-08-12T12:00:00Z,40.2,139.6,NaN
2024218N23143,2024,MARIA,2024-08-12T15:00:00Z,40.6,139.3,NaN
2024218N23143,2024,MARIA,2024-08-12T18:00:00Z,41.0,139.1,NaN
2024218N23143,2024,MARIA,2024-08-12T21:00:00Z,41.3,139.0,NaN
2024218N23143,2024,MARIA,2024-08-13T00:00:00Z,41.5,138.9,NaN
2024218N23143,2024,MARIA,2024-08-13T03:00:00Z,41.9,138.9,NaN
2024218N23143,2024,MARIA,2024-08-13T06:00:00Z,42.3,139.0,NaN
2024218N23143,2024,MARIA,2024-08-13T09:00:00Z,42.3,139.0,NaN
2024218N23143,2024,MARIA,2024-08-13T12:00:00Z,42.2,139.0,NaN
2024218N23143,2024,MARIA,2024-08-13T15:00:00Z,42.2,139.0,NaN
2024218N23143,2024,MARIA,2024-08-13T18:00:00Z,42.2,139.0,NaN
2024218N23143,2024,MARIA,2024-08-13T21:00:00Z,41.8,139.1,NaN
2024218N23143,2024,MARIA,2024-08-14T00:00:00Z,41.4,139.4,NaN
2024218N23143,2024,MARIA,2024-08-14T03:00:00Z,41.2,139.7,NaN
2024218N23143,2024,MARIA,2024-08-14T06:00:00Z,41.2,140.2,NaN
2024218N23143,2024,MARIA,2024-08-14T09:00:00Z,41.4,140.8,NaN
2024218N23143,2024,MARIA,2024-08-14T12:00:00Z,41.6,141.5,NaN
2024224N27154,2024,SON-TINH,2024-08-10T12:00:00Z,26.6,153.8,NaN
2024224N27154,2024,SON-TINH,2024-08-10T15:00:00Z,26.8,154.2,NaN
2024224N27154,2024,SON-TINH,2024-08-10T18:00:00Z,26.9,154.6,NaN
2024224N27154,2024,SON-TINH,2024-08-10T21:00:00Z,27.0,154.8,NaN
2024224N27154,2024,SON-TINH,2024-08-11T00:00:00Z,27.2,154.9,35
2024224N27154,2024,SON-TINH,2024-08-11T03:00:00Z,27.5,155.0,NaN
2024224N27154,2024,SON-TINH,2024-08-11T06:00:00Z,27.9,155.0,35
2024224N27154,2024,SON-TINH,2024-08-11T09:00:00Z,28.4,155.0,NaN
2024224N27154,2024,SON-TINH,2024-08-11T12:00:00Z,28.9,154.8,40
2024224N27154,2024,SON-TINH,2024-08-11T15:00:00Z,29.5,154.6,NaN
2024224N27154,2024,SON-TINH,2024-08-11T18:00:00Z,30.2,154.3,35
2024224N27154,2024,SON-TINH,2024-08-11T21:00:00Z,30.9,153.7,NaN
2024224N27154,2024,SON-TINH,2024-08-12T00:00:00Z,31.4,153.0,35
2024224N27154,2024,SON-TINH,2024-08-12T03:00:00Z,32.0,152.3,NaN
2024224N27154,2024,SON-TINH,2024-08-12T06:00:00Z,32.4,151.6,35
2024224N27154,2024,SON-TINH,2024-08-12T09:00:00Z,32.7,151.0,NaN
2024224N27154,2024,SON-TINH,2024-08-12T12:00:00Z,33.0,150.4,35
2024224N27154,2024,SON-TINH,2024-08-12T15:00:00Z,33.6,149.9,NaN
2024224N27154,2024,SON-TINH,2024-08-12T18:00:00Z,34.2,149.2,35
2024224N27154,2024,SON-TINH,2024-08-12T21:00:00Z,34.7,148.5,NaN
2024224N27154,2024,SON-TINH,2024-08-13T00:00:00Z,35.2,147.9,35
2024224N27154,2024,SON-TINH,2024-08-13T03:00:00Z,35.6,147.3,NaN
2024224N27154,2024,SON-TINH,2024-08-13T06:00:00Z,36.0,146.8,35
2024224N27154,2024,SON-TINH,2024-08-13T09:00:00Z,36.5,146.3,NaN
2024224N27154,2024,SON-TINH,2024-08-13T12:00:00Z,37.1,146.0,NaN
2024224N27154,2024,SON-TINH,2024-08-13T15:00:00Z,37.9,145.7,NaN
2024224N27154,2024,SON-TINH,2024-08-13T18:00:00Z,38.6,145.6,NaN
2024224N27154,2024,SON-TINH,2024-08-13T21:00:00Z,39.2,145.6,NaN
2024224N27154,2024,SON-TINH,2024-08-14T00:00:00Z,39.9,145.8,NaN
2024224N27154,2024,SON-TINH,2024-08-14T03:00:00Z,40.7,146.1,NaN
2024224N27154,2024,SON-TINH,2024-08-14T06:00:00Z,41.7,146.6,NaN
2024224N27154,2024,SON-TINH,2024-08-14T09:00:00Z,42.6,147.2,NaN
2024224N27154,2024,SON-TINH,2024-08-14T12:00:00Z,43.4,148.0,NaN
2024224N27154,2024,SON-TINH,2024-08-14T15:00:00Z,44.0,149.0,NaN
2024224N27154,2024,SON-TINH,2024-08-14T18:00:00Z,44.6,150.3,NaN
2024224N27154,2024,SON-TINH,2024-08-14T21:00:00Z,45.7,152.2,NaN
2024224N27154,2024,SON-TINH,2024-08-15T00:00:00Z,46.9,154.5,NaN
2024224N27154,2024,SON-TINH,2024-08-15T03:00:00Z,47.4,156.2,NaN
2024224N27154,2024,SON-TINH,2024-08-15T06:00:00Z,47.6,157.9,NaN
2024224N27154,2024,SON-TINH,2024-08-15T09:00:00Z,47.8,159.8,NaN
2024224N27154,2024,SON-TINH,2024-08-15T12:00:00Z,47.8,161.8,NaN
2024224N27154,2024,SON-TINH,2024-08-15T15:00:00Z,47.4,163.5,NaN
2024224N27154,2024,SON-TINH,2024-08-15T18:00:00Z,46.9,165.2,NaN
2024224N27154,2024,SON-TINH,2024-08-15T21:00:00Z,46.5,166.8,NaN
2024224N27154,2024,SON-TINH,2024-08-16T00:00:00Z,46.2,168.6,NaN
2024224N27154,2024,SON-TINH,2024-08-16T03:00:00Z,46.1,170.8,NaN
2024224N27154,2024,SON-TINH,2024-08-16T06:00:00Z,46.4,173.0,NaN
2024224N27154,2024,SON-TINH,2024-08-16T09:00:00Z,47.2,174.7,NaN
2024224N27154,2024,SON-TINH,2024-08-16T12:00:00Z,48.4,176.2,NaN
2024224N27154,2024,SON-TINH,2024-08-16T15:00:00Z,49.6,177.6,NaN
2024224N27154,2024,SON-TINH,2024-08-16T18:00:00Z,51.0,178.8,NaN
2024224N27154,2024,SON-TINH,2024-08-16T21:00:00Z,52.4,179.6,NaN
2024224N27154,2024,SON-TINH,2024-08-17T12:00:00Z,56.6,179.6,NaN
2024224N27154,2024,SON-TINH,2024-08-17T15:00:00Z,56.7,179.4,NaN
2024224N27154,2024,SON-TINH,2024-08-17T18:00:00Z,56.6,179.7,NaN
2024225N22135,2024,AMPIL,2024-08-11T12:00:00Z,21.7,134.9,NaN
2024225N22135,2024,AMPIL,2024-08-11T15:00:00Z,21.8,135.2,NaN
2024225N22135,2024,AMPIL,2024-08-11T18:00:00Z,22.1,135.5,NaN
2024225N22135,2024,AMPIL,2024-08-11T21:00:00Z,22.3,135.7,NaN
2024225N22135,2024,AMPIL,2024-08-12T00:00:00Z,22.5,136.0,NaN
2024225N22135,2024,AMPIL,2024-08-12T03:00:00Z,22.7,136.2,NaN
2024225N22135,2024,AMPIL,2024-08-12T06:00:00Z,22.9,136.3,NaN
2024225N22135,2024,AMPIL,2024-08-12T09:00:00Z,23.1,136.7,NaN
2024225N22135,2024,AMPIL,2024-08-12T12:00:00Z,23.3,137.0,35
2024225N22135,2024,AMPIL,2024-08-12T15:00:00Z,23.6,137.2,NaN
2024225N22135,2024,AMPIL,2024-08-12T18:00:00Z,23.9,137.4,35
2024225N22135,2024,AMPIL,2024-08-12T21:00:00Z,24.1,137.7,NaN
2024225N22135,2024,AMPIL,2024-08-13T00:00:00Z,24.3,138.0,40
2024225N22135,2024,AMPIL,2024-08-13T03:00:00Z,24.6,138.4,NaN
2024225N22135,2024,AMPIL,2024-08-13T06:00:00Z,24.9,138.7,45
2024225N22135,2024,AMPIL,2024-08-13T09:00:00Z,25.1,138.9,NaN
2024225N22135,2024,AMPIL,2024-08-13T12:00:00Z,25.3,139.0,55
2024225N22135,2024,AMPIL,2024-08-13T15:00:00Z,25.5,139.2,NaN
2024225N22135,2024,AMPIL,2024-08-13T18:00:00Z,25.6,139.5,60
2024225N22135,2024,AMPIL,2024-08-13T21:00:00Z,25.8,139.8,NaN
2024225N22135,2024,AMPIL,2024-08-14T00:00:00Z,26.1,140.3,60
2024225N22135,2024,AMPIL,2024-08-14T03:00:00Z,26.4,140.6,NaN
2024225N22135,2024,AMPIL,2024-08-14T06:00:00Z,26.7,140.9,60
2024225N22135,2024,AMPIL,2024-08-14T09:00:00Z,27.1,141.1,NaN
2024225N22135,2024,AMPIL,2024-08-14T12:00:00Z,27.5,141.2,60
2024225N22135,2024,AMPIL,2024-08-14T15:00:00Z,28.0,141.3,NaN
2024225N22135,2024,AMPIL,2024-08-14T18:00:00Z,28.5,141.3,60
2024225N22135,2024,AMPIL,2024-08-14T21:00:00Z,29.0,141.2,NaN
2024225N22135,2024,AMPIL,2024-08-15T00:00:00Z,29.5,141.1,65
2024225N22135,2024,AMPIL,2024-08-15T03:00:00Z,30.0,141.1,NaN
2024225N22135,2024,AMPIL,2024-08-15T06:00:00Z,30.5,141.1,70
2024225N22135,2024,AMPIL,2024-08-15T09:00:00Z,31.0,141.0,80
2024225N22135,2024,AMPIL,2024-08-15T12:00:00Z,31.5,140.8,85
2024225N22135,2024,AMPIL,2024-08-15T15:00:00Z,32.0,140.8,85
2024225N22135,2024,AMPIL,2024-08-15T18:00:00Z,32.5,140.8,85
2024225N22135,2024,AMPIL,2024-08-15T21:00:00Z,33.1,140.8,85
2024225N22135,2024,AMPIL,2024-08-16T00:00:00Z,33.5,140.7,85
2024225N22135,2024,AMPIL,2024-08-16T03:00:00Z,33.8,140.8,85
2024225N22135,2024,AMPIL,2024-08-16T06:00:00Z,34.1,141.1,85
2024225N22135,2024,AMPIL,2024-08-16T09:00:00Z,34.5,141.5,85
2024225N22135,2024,AMPIL,2024-08-16T12:00:00Z,35.0,142.0,85
2024225N22135,2024,AMPIL,2024-08-16T15:00:00Z,35.4,142.4,85
2024225N22135,2024,AMPIL,2024-08-16T18:00:00Z,35.9,142.9,85
2024225N22135,2024,AMPIL,2024-08-16T21:00:00Z,36.2,143.3,NaN
2024225N22135,2024,AMPIL,2024-08-17T00:00:00Z,36.6,143.9,85
2024225N22135,2024,AMPIL,2024-08-17T03:00:00Z,37.0,144.6,NaN
2024225N22135,2024,AMPIL,2024-08-17T06:00:00Z,37.3,145.6,70
2024225N22135,2024,AMPIL,2024-08-17T09:00:00Z,37.4,146.6,NaN
2024225N22135,2024,AMPIL,2024-08-17T12:00:00Z,37.7,147.7,65
2024225N22135,2024,AMPIL,2024-08-17T15:00:00Z,38.0,148.8,NaN
2024225N22135,2024,AMPIL,2024-08-17T18:00:00Z,38.5,149.9,60
2024225N22135,2024,AMPIL,2024-08-17T21:00:00Z,39.0,151.3,NaN
2024225N22135,2024,AMPIL,2024-08-18T00:00:00Z,39.6,152.7,55
2024225N22135,2024,AMPIL,2024-08-18T03:00:00Z,40.0,154.0,NaN
2024225N22135,2024,AMPIL,2024-08-18T06:00:00Z,40.5,155.3,55
2024225N22135,2024,AMPIL,2024-08-18T09:00:00Z,41.2,156.6,NaN
2024225N22135,2024,AMPIL,2024-08-18T12:00:00Z,41.8,158.0,50
2024225N22135,2024,AMPIL,2024-08-18T15:00:00Z,42.4,159.4,NaN
2024225N22135,2024,AMPIL,2024-08-18T18:00:00Z,43.0,160.7,50
2024225N22135,2024,AMPIL,2024-08-18T21:00:00Z,43.5,161.7,NaN
2024225N22135,2024,AMPIL,2024-08-19T00:00:00Z,44.3,162.7,NaN
2024225N22135,2024,AMPIL,2024-08-19T03:00:00Z,45.1,163.9,NaN
2024225N22135,2024,AMPIL,2024-08-19T06:00:00Z,46.2,165.2,NaN
2024225N22135,2024,AMPIL,2024-08-19T09:00:00Z,47.2,166.7,NaN
2024225N22135,2024,AMPIL,2024-08-19T12:00:00Z,48.4,168.1,NaN
2024225N22135,2024,AMPIL,2024-08-19T15:00:00Z,49.7,169.2,NaN
2024225N22135,2024,AMPIL,2024-08-19T18:00:00Z,51.1,169.9,NaN
2024225N22135,2024,AMPIL,2024-08-19T21:00:00Z,52.4,170.2,NaN
2024225N22135,2024,AMPIL,2024-08-20T00:00:00Z,53.6,170.2,NaN
2024225N22135,2024,AMPIL,2024-08-20T03:00:00Z,54.6,170.2,NaN
2024225N22135,2024,AMPIL,2024-08-20T06:00:00Z,55.4,170.2,NaN
2024225N22135,2024,AMPIL,2024-08-20T09:00:00Z,56.2,170.6,NaN
2024225N22135,2024,AMPIL,2024-08-20T12:00:00Z,56.9,171.1,NaN
2024225N22135,2024,AMPIL,2024-08-20T15:00:00Z,57.5,171.5,NaN
2024225N22135,2024,AMPIL,2024-08-20T18:00:00Z,58.0,172.2,NaN
2024225N22135,2024,AMPIL,2024-08-20T21:00:00Z,58.7,173.2,NaN
2024225N22135,2024,AMPIL,2024-08-21T00:00:00Z,59.4,174.6,NaN
2024225N22135,2024,AMPIL,2024-08-21T03:00:00Z,60.3,176.0,NaN
2024225N22135,2024,AMPIL,2024-08-21T06:00:00Z,61.1,177.7,NaN
2024225N22135,2024,AMPIL,2024-08-21T09:00:00Z,61.9,179.5,NaN
2024225N24147,2024,WUKONG,2024-08-11T18:00:00Z,23.9,146.7,NaN
2024225N24147,2024,WUKONG,2024-08-11T21:00:00Z,24.2,147.4,NaN
2024225N24147,2024,WUKONG,2024-08-12T00:00:00Z,24.6,148.0,NaN
2024225N24147,2024,WUKONG,2024-08-12T03:00:00Z,25.0,148.4,NaN
2024225N24147,2024,WUKONG,2024-08-12T06:00:00Z,25.4,148.7,NaN
2024225N24147,2024,WUKONG,2024-08-12T09:00:00Z,25.7,149.1,NaN
2024225N24147,2024,WUKONG,2024-08-12T12:00:00Z,26.0,149.3,NaN
2024225N24147,2024,WUKONG,2024-08-12T15:00:00Z,26.2,149.6,NaN
2024225N24147,2024,WUKONG,2024-08-12T18:00:00Z,26.3,149.7,NaN
2024225N24147,2024,WUKONG,2024-08-12T21:00:00Z,26.6,149.9,NaN
2024225N24147,2024,WUKONG,2024-08-13T00:00:00Z,26.8,150.0,35
2024225N24147,2024,WUKONG,2024-08-13T03:00:00Z,27.0,150.0,NaN
2024225N24147,2024,WUKONG,2024-08-13T06:00:00Z,27.2,149.9,35
2024225N24147,2024,WUKONG,2024-08-13T09:00:00Z,27.3,149.8,NaN
2024225N24147,2024,WUKONG,2024-08-13T12:00:00Z,27.6,149.6,35
2024225N24147,2024,WUKONG,2024-08-13T15:00:00Z,27.9,149.5,NaN
2024225N24147,2024,WUKONG,2024-08-13T18:00:00Z,28.3,149.4,35
2024225N24147,2024,WUKONG,2024-08-13T21:00:00Z,28.7,149.3,NaN
2024225N24147,2024,WUKONG,2024-08-14T00:00:00Z,29.2,149.1,35
2024225N24147,2024,WUKONG,2024-08-14T03:00:00Z,29.8,148.6,NaN
2024225N24147,2024,WUKONG,2024-08-14T06:00:00Z,30.5,148.0,35
2024225N24147,2024,WUKONG,2024-08-14T09:00:00Z,31.1,147.6,NaN
2024225N24147,2024,WUKONG,2024-08-14T12:00:00Z,31.9,147.3,NaN
2024225N24147,2024,WUKONG,2024-08-14T15:00:00Z,33.0,147.0,NaN
2024225N24147,2024,WUKONG,2024-08-14T18:00:00Z,34.1,146.7,NaN
2024225N24147,2024,WUKONG,2024-08-14T21:00:00Z,35.0,146.4,NaN
2024225N24147,2024,WUKONG,2024-08-15T00:00:00Z,35.8,146.3,NaN
2024225N24147,2024,WUKONG,2024-08-15T03:00:00Z,36.5,146.6,NaN
2024225N24147,2024,WUKONG,2024-08-15T06:00:00Z,37.2,147.2,NaN
2024225N24147,2024,WUKONG,2024-08-15T09:00:00Z,38.1,147.6,NaN
2024225N24147,2024,WUKONG,2024-08-15T12:00:00Z,38.9,148.2,NaN
2024225N24147,2024,WUKONG,2024-08-15T15:00:00Z,39.7,149.3,NaN
2024225N24147,2024,WUKONG,2024-08-15T18:00:00Z,40.2,150.5,NaN
2024225N24147,2024,WUKONG,2024-08-15T21:00:00Z,40.2,151.5,NaN
2024225N24147,2024,WUKONG,2024-08-16T00:00:00Z,39.9,152.7,NaN
2024225N24147,2024,WUKONG,2024-08-16T03:00:00Z,39.7,154.5,NaN
2024225N24147,2024,WUKONG,2024-08-16T06:00:00Z,39.5,156.5,NaN
2024225N24147,2024,WUKONG,2024-08-16T09:00:00Z,39.4,158.5,NaN
2024225N24147,2024,WUKONG,2024-08-16T12:00:00Z,39.4,160.5,NaN
2024225N24147,2024,WUKONG,2024-08-16T15:00:00Z,39.3,162.2,NaN
2024225N24147,2024,WUKONG,2024-08-16T18:00:00Z,39.3,163.7,NaN
2024225N24147,2024,WUKONG,2024-08-16T21:00:00Z,39.2,165.3,NaN
2024225N24147,2024,WUKONG,2024-08-17T00:00:00Z,39.2,166.9,NaN
2024225N24147,2024,WUKONG,2024-08-17T03:00:00Z,39.2,168.3,NaN
2024225N24147,2024,WUKONG,2024-08-17T06:00:00Z,39.1,169.7,NaN
2024225N24147,2024,WUKONG,2024-08-17T09:00:00Z,39.0,171.1,NaN
2024225N24147,2024,WUKONG,2024-08-17T12:00:00Z,38.9,172.5,NaN
2024225N24147,2024,WUKONG,2024-08-17T15:00:00Z,38.9,173.9,NaN
2024225N24147,2024,WUKONG,2024-08-17T18:00:00Z,39.0,175.0,NaN
2024225N24147,2024,WUKONG,2024-08-17T21:00:00Z,39.2,175.8,NaN
2024225N24147,2024,WUKONG,2024-08-18T00:00:00Z,39.3,176.4,NaN
2024225N24147,2024,WUKONG,2024-08-18T03:00:00Z,39.2,177.1,NaN
2024225N24147,2024,WUKONG,2024-08-18T06:00:00Z,39.1,177.7,NaN
2024225N24147,2024,WUKONG,2024-08-18T09:00:00Z,39.0,178.3,NaN
2024225N24147,2024,WUKONG,2024-08-18T12:00:00Z,39.0,178.9,NaN
2024225N24147,2024,WUKONG,2024-08-18T15:00:00Z,39.2,179.3,NaN
2024225N24147,2024,WUKONG,2024-08-18T18:00:00Z,39.4,179.6,NaN
2024225N24147,2024,WUKONG,2024-08-18T21:00:00Z,39.5,179.7,NaN
2024225N24147,2024,WUKONG,2024-08-19T00:00:00Z,39.5,179.8,NaN
2024225N24147,2024,WUKONG,2024-08-19T03:00:00Z,39.6,179.9,NaN
2024231N24126,2024,JONGDARI,2024-08-18T00:00:00Z,24.0,126.2,NaN
2024231N24126,2024,JONGDARI,2024-08-18T03:00:00Z,24.1,126.1,NaN
2024231N24126,2024,JONGDARI,2024-08-18T06:00:00Z,24.2,125.9,NaN
2024231N24126,2024,JONGDARI,2024-08-18T09:00:00Z,24.3,125.9,NaN
2024231N24126,2024,JONGDARI,2024-08-18T12:00:00Z,24.4,125.8,35
2024231N24126,2024,JONGDARI,2024-08-18T15:00:00Z,24.5,125.8,NaN
2024231N24126,2024,JONGDARI,2024-08-18T18:00:00Z,24.7,125.9,35
2024231N24126,2024,JONGDARI,2024-08-18T21:00:00Z,24.8,125.9,NaN
2024231N24126,2024,JONGDARI,2024-08-19T00:00:00Z,25.1,126.0,35
2024231N24126,2024,JONGDARI,2024-08-19T03:00:00Z,25.7,126.0,NaN
2024231N24126,2024,JONGDARI,2024-08-19T06:00:00Z,26.3,126.0,40
2024231N24126,2024,JONGDARI,2024-08-19T09:00:00Z,26.9,126.0,NaN
2024231N24126,2024,JONGDARI,2024-08-19T12:00:00Z,27.6,125.9,40
2024231N24126,2024,JONGDARI,2024-08-19T15:00:00Z,28.4,125.7,NaN
2024231N24126,2024,JONGDARI,2024-08-19T18:00:00Z,29.3,125.6,40
2024231N24126,2024,JONGDARI,2024-08-19T21:00:00Z,30.1,125.6,NaN
2024231N24126,2024,JONGDARI,2024-08-20T00:00:00Z,31.0,125.6,40
2024231N24126,2024,JONGDARI,2024-08-20T03:00:00Z,31.8,125.5,NaN
2024231N24126,2024,JONGDARI,2024-08-20T06:00:00Z,32.6,125.5,35
2024231N24126,2024,JONGDARI,2024-08-20T09:00:00Z,33.4,125.5,NaN
2024231N24126,2024,JONGDARI,2024-08-20T12:00:00Z,34.2,125.6,35
2024231N24126,2024,JONGDARI,2024-08-20T15:00:00Z,35.2,125.6,NaN
2024231N24126,2024,JONGDARI,2024-08-20T18:00:00Z,36.3,125.6,35
2024231N24126,2024,JONGDARI,2024-08-20T21:00:00Z,37.1,125.6,NaN
2024231N24126,2024,JONGDARI,2024-08-21T00:00:00Z,37.8,126.0,NaN
2024231N24126,2024,JONGDARI,2024-08-21T03:00:00Z,38.4,126.8,NaN
2024231N24126,2024,JONGDARI,2024-08-21T06:00:00Z,39.0,127.9,NaN
2024231N24126,2024,JONGDARI,2024-08-21T09:00:00Z,39.5,129.1,NaN
2024231N24126,2024,JONGDARI,2024-08-21T12:00:00Z,40.2,130.3,NaN
2024231N24126,2024,JONGDARI,2024-08-21T15:00:00Z,41.4,131.3,NaN
2024231N24126,2024,JONGDARI,2024-08-21T18:00:00Z,42.3,132.1,NaN
2024231N24126,2024,JONGDARI,2024-08-21T21:00:00Z,42.2,132.9,NaN
2024231N24126,2024,JONGDARI,2024-08-22T00:00:00Z,42.1,133.7,NaN
2024231N24126,2024,JONGDARI,2024-08-22T03:00:00Z,42.8,134.8,NaN
2024231N24126,2024,JONGDARI,2024-08-22T06:00:00Z,43.6,136.0,NaN
2024231N24126,2024,JONGDARI,2024-08-22T09:00:00Z,44.2,137.2,NaN
2024231N24126,2024,JONGDARI,2024-08-22T12:00:00Z,44.7,138.3,NaN
2024233N15148,2024,SHANSHAN,2024-08-20T06:00:00Z,14.8,147.7,NaN
2024233N15148,2024,SHANSHAN,2024-08-20T09:00:00Z,15.0,147.0,NaN
2024233N15148,2024,SHANSHAN,2024-08-20T12:00:00Z,15.2,146.3,NaN
2024233N15148,2024,SHANSHAN,2024-08-20T15:00:00Z,15.4,145.7,NaN
2024233N15148,2024,SHANSHAN,2024-08-20T18:00:00Z,15.5,145.2,NaN
2024233N15148,2024,SHANSHAN,2024-08-20T21:00:00Z,15.6,144.6,NaN
2024233N15148,2024,SHANSHAN,2024-08-21T00:00:00Z,15.8,144.1,NaN
2024233N15148,2024,SHANSHAN,2024-08-21T03:00:00Z,16.1,143.8,NaN
2024233N15148,2024,SHANSHAN,2024-08-21T06:00:00Z,16.4,143.4,NaN
2024233N15148,2024,SHANSHAN,2024-08-21T09:00:00Z,16.6,143.0,NaN
2024233N15148,2024,SHANSHAN,2024-08-21T12:00:00Z,16.7,142.7,NaN
2024233N15148,2024,SHANSHAN,2024-08-21T15:00:00Z,16.7,142.4,NaN
2024233N15148,2024,SHANSHAN,2024-08-21T18:00:00Z,16.7,142.1,35
2024233N15148,2024,SHANSHAN,2024-08-21T21:00:00Z,16.8,141.8,NaN
2024233N15148,2024,SHANSHAN,2024-08-22T00:00:00Z,16.8,141.5,40
2024233N15148,2024,SHANSHAN,2024-08-22T03:00:00Z,16.8,141.4,NaN
2024233N15148,2024,SHANSHAN,2024-08-22T06:00:00Z,16.8,141.3,45
2024233N15148,2024,SHANSHAN,2024-08-22T09:00:00Z,16.8,141.3,NaN
2024233N15148,2024,SHANSHAN,2024-08-22T12:00:00Z,16.9,141.3,55
2024233N15148,2024,SHANSHAN,2024-08-22T15:00:00Z,17.0,141.2,NaN
2024233N15148,2024,SHANSHAN,2024-08-22T18:00:00Z,17.1,141.2,60
2024233N15148,2024,SHANSHAN,2024-08-22T21:00:00Z,17.3,141.3,NaN
2024233N15148,2024,SHANSHAN,2024-08-23T00:00:00Z,17.5,141.3,60
2024233N15148,2024,SHANSHAN,2024-08-23T03:00:00Z,17.7,141.3,NaN
2024233N15148,2024,SHANSHAN,2024-08-23T06:00:00Z,17.9,141.3,60
2024233N15148,2024,SHANSHAN,2024-08-23T09:00:00Z,18.0,141.3,NaN
2024233N15148,2024,SHANSHAN,2024-08-23T12:00:00Z,18.2,141.2,60
2024233N15148,2024,SHANSHAN,2024-08-23T15:00:00Z,18.4,141.3,NaN
2024233N15148,2024,SHANSHAN,2024-08-23T18:00:00Z,18.8,141.3,60
2024233N15148,2024,SHANSHAN,2024-08-23T21:00:00Z,19.3,141.3,NaN
2024233N15148,2024,SHANSHAN,2024-08-24T00:00:00Z,20.0,141.3,65
2024233N15148,2024,SHANSHAN,2024-08-24T03:00:00Z,20.7,141.2,NaN
2024233N15148,2024,SHANSHAN,2024-08-24T06:00:00Z,21.4,141.0,65
2024233N15148,2024,SHANSHAN,2024-08-24T09:00:00Z,22.0,140.9,NaN
2024233N15148,2024,SHANSHAN,2024-08-24T12:00:00Z,22.5,140.7,65
2024233N15148,2024,SHANSHAN,2024-08-24T15:00:00Z,23.1,140.4,NaN
2024233N15148,2024,SHANSHAN,2024-08-24T18:00:00Z,23.7,140.0,65
2024233N15148,2024,SHANSHAN,2024-08-24T21:00:00Z,24.3,139.5,NaN
2024233N15148,2024,SHANSHAN,2024-08-25T00:00:00Z,24.7,139.0,65
2024233N15148,2024,SHANSHAN,2024-08-25T03:00:00Z,25.3,138.4,NaN
2024233N15148,2024,SHANSHAN,2024-08-25T06:00:00Z,25.8,137.8,65
2024233N15148,2024,SHANSHAN,2024-08-25T09:00:00Z,26.1,137.2,NaN
2024233N15148,2024,SHANSHAN,2024-08-25T12:00:00Z,26.4,136.5,65
2024233N15148,2024,SHANSHAN,2024-08-25T15:00:00Z,26.7,135.7,NaN
2024233N15148,2024,SHANSHAN,2024-08-25T18:00:00Z,26.9,135.0,65
2024233N15148,2024,SHANSHAN,2024-08-25T21:00:00Z,27.1,134.4,NaN
2024233N15148,2024,SHANSHAN,2024-08-26T00:00:00Z,27.2,133.8,65
2024233N15148,2024,SHANSHAN,2024-08-26T03:00:00Z,27.4,133.3,NaN
2024233N15148,2024,SHANSHAN,2024-08-26T06:00:00Z,27.5,132.8,65
2024233N15148,2024,SHANSHAN,2024-08-26T09:00:00Z,27.6,132.3,NaN
2024233N15148,2024,SHANSHAN,2024-08-26T12:00:00Z,27.7,131.9,65
2024233N15148,2024,SHANSHAN,2024-08-26T15:00:00Z,27.9,131.5,70
2024233N15148,2024,SHANSHAN,2024-08-26T18:00:00Z,28.0,131.2,75
2024233N15148,2024,SHANSHAN,2024-08-26T21:00:00Z,28.1,131.0,80
2024233N15148,2024,SHANSHAN,2024-08-27T00:00:00Z,28.2,130.8,85
2024233N15148,2024,SHANSHAN,2024-08-27T03:00:00Z,28.3,130.6,85
2024233N15148,2024,SHANSHAN,2024-08-27T06:00:00Z,28.5,130.4,85
2024233N15148,2024,SHANSHAN,2024-08-27T09:00:00Z,28.6,130.3,85
2024233N15148,2024,SHANSHAN,2024-08-27T12:00:00Z,28.7,130.3,90
2024233N15148,2024,SHANSHAN,2024-08-27T15:00:00Z,28.8,130.2,95
2024233N15148,2024,SHANSHAN,2024-08-27T18:00:00Z,29.0,130.1,95
2024233N15148,2024,SHANSHAN,2024-08-27T21:00:00Z,29.1,130.0,95
2024233N15148,2024,SHANSHAN,2024-08-28T00:00:00Z,29.3,130.1,95
2024233N15148,2024,SHANSHAN,2024-08-28T03:00:00Z,29.6,130.0,95
2024233N15148,2024,SHANSHAN,2024-08-28T06:00:00Z,30.0,130.0,95
2024233N15148,2024,SHANSHAN,2024-08-28T09:00:00Z,30.3,130.1,95
2024233N15148,2024,SHANSHAN,2024-08-28T12:00:00Z,30.6,130.1,90
2024233N15148,2024,SHANSHAN,2024-08-28T15:00:00Z,30.9,130.0,85
2024233N15148,2024,SHANSHAN,2024-08-28T18:00:00Z,31.3,130.0,85
2024233N15148,2024,SHANSHAN,2024-08-28T21:00:00Z,31.7,130.1,75
2024233N15148,2024,SHANSHAN,2024-08-28T23:00:00Z,31.9,130.2,75
2024233N15148,2024,SHANSHAN,2024-08-29T00:00:00Z,32.1,130.2,75
2024233N15148,2024,SHANSHAN,2024-08-29T03:00:00Z,32.5,130.3,65
2024233N15148,2024,SHANSHAN,2024-08-29T06:00:00Z,32.8,130.3,55
2024233N15148,2024,SHANSHAN,2024-08-29T09:00:00Z,32.9,130.5,50
2024233N15148,2024,SHANSHAN,2024-08-29T12:00:00Z,33.0,130.6,45
2024233N15148,2024,SHANSHAN,2024-08-29T15:00:00Z,33.1,130.7,40
2024233N15148,2024,SHANSHAN,2024-08-29T18:00:00Z,33.2,130.9,40
2024233N15148,2024,SHANSHAN,2024-08-29T21:00:00Z,33.3,131.2,40
2024233N15148,2024,SHANSHAN,2024-08-30T00:00:00Z,33.5,131.6,35
2024233N15148,2024,SHANSHAN,2024-08-30T03:00:00Z,33.6,131.9,35
2024233N15148,2024,SHANSHAN,2024-08-30T06:00:00Z,33.8,132.4,35
2024233N15148,2024,SHANSHAN,2024-08-30T09:00:00Z,33.9,132.9,NaN
2024233N15148,2024,SHANSHAN,2024-08-30T12:00:00Z,34.0,133.4,NaN
2024233N15148,2024,SHANSHAN,2024-08-30T15:00:00Z,34.0,133.8,NaN
2024233N15148,2024,SHANSHAN,2024-08-30T18:00:00Z,33.8,134.2,NaN
2024233N15148,2024,SHANSHAN,2024-08-30T21:00:00Z,33.6,134.8,NaN
2024233N15148,2024,SHANSHAN,2024-08-31T00:00:00Z,33.4,135.3,NaN
2024233N15148,2024,SHANSHAN,2024-08-31T03:00:00Z,33.4,135.8,NaN
2024233N15148,2024,SHANSHAN,2024-08-31T06:00:00Z,33.3,136.3,NaN
2024233N15148,2024,SHANSHAN,2024-08-31T09:00:00Z,33.1,136.8,NaN
2024233N15148,2024,SHANSHAN,2024-08-31T12:00:00Z,33.0,137.1,NaN
2024233N15148,2024,SHANSHAN,2024-08-31T15:00:00Z,33.0,137.2,NaN
2024233N15148,2024,SHANSHAN,2024-08-31T18:00:00Z,33.1,137.1,NaN
2024233N15148,2024,SHANSHAN,2024-08-31T21:00:00Z,33.1,137.0,NaN
2024233N15148,2024,SHANSHAN,2024-09-01T00:00:00Z,33.2,136.9,NaN
2024233N15148,2024,SHANSHAN,2024-09-01T03:00:00Z,33.5,136.9,NaN
2024233N15148,2024,SHANSHAN,2024-09-01T06:00:00Z,33.9,136.8,NaN
2024233N15148,2024,SHANSHAN,2024-09-01T09:00:00Z,34.4,136.6,NaN
2024233N15148,2024,SHANSHAN,2024-09-01T12:00:00Z,34.9,136.4,NaN
2024233N15148,2024,SHANSHAN,2024-09-01T15:00:00Z,35.3,136.4,NaN
2024233N15148,2024,SHANSHAN,2024-09-01T18:00:00Z,35.7,136.5,NaN
2024244N09137,2024,YAGI,2024-08-30T12:00:00Z,8.8,136.8,NaN
2024244N09137,2024,YAGI,2024-08-30T15:00:00Z,9.1,135.8,NaN
2024244N09137,2024,YAGI,2024-08-30T18:00:00Z,9.4,134.8,NaN
2024244N09137,2024,YAGI,2024-08-30T21:00:00Z,9.6,133.8,NaN
2024244N09137,2024,YAGI,2024-08-31T00:00:00Z,9.9,132.8,NaN
2024244N09137,2024,YAGI,2024-08-31T03:00:00Z,10.3,131.8,NaN
2024244N09137,2024,YAGI,2024-08-31T06:00:00Z,10.6,130.9,NaN
2024244N09137,2024,YAGI,2024-08-31T09:00:00Z,10.8,130.1,NaN
2024244N09137,2024,YAGI,2024-08-31T12:00:00Z,11.2,129.2,NaN
2024244N09137,2024,YAGI,2024-08-31T15:00:00Z,11.5,128.4,NaN
2024244N09137,2024,YAGI,2024-08-31T18:00:00Z,11.8,127.7,NaN
2024244N09137,2024,YAGI,2024-08-31T21:00:00Z,11.9,127.0,NaN
2024244N09137,2024,YAGI,2024-09-01T00:00:00Z,12.1,126.4,NaN
2024244N09137,2024,YAGI,2024-09-01T03:00:00Z,12.6,125.8,NaN
2024244N09137,2024,YAGI,2024-09-01T06:00:00Z,13.0,125.3,35
2024244N09137,2024,YAGI,2024-09-01T09:00:00Z,13.4,124.9,NaN
2024244N09137,2024,YAGI,2024-09-01T12:00:00Z,13.8,124.4,35
2024244N09137,2024,YAGI,2024-09-01T15:00:00Z,14.2,123.8,NaN
2024244N09137,2024,YAGI,2024-09-01T18:00:00Z,14.5,123.2,40
2024244N09137,2024,YAGI,2024-09-01T21:00:00Z,14.8,123.0,NaN
2024244N09137,2024,YAGI,2024-09-02T00:00:00Z,15.2,122.8,45
2024244N09137,2024,YAGI,2024-09-02T03:00:00Z,15.7,122.5,NaN
2024244N09137,2024,YAGI,2024-09-02T06:00:00Z,16.2,122.2,45
2024244N09137,2024,YAGI,2024-09-02T09:00:00Z,16.8,122.0,NaN
2024244N09137,2024,YAGI,2024-09-02T12:00:00Z,17.3,121.7,40
2024244N09137,2024,YAGI,2024-09-02T15:00:00Z,17.7,121.3,NaN
2024244N09137,2024,YAGI,2024-09-02T18:00:00Z,18.0,120.9,35
2024244N09137,2024,YAGI,2024-09-02T21:00:00Z,18.2,120.2,NaN
2024244N09137,2024,YAGI,2024-09-03T00:00:00Z,18.3,119.7,40
2024244N09137,2024,YAGI,2024-09-03T03:00:00Z,18.4,119.3,NaN
2024244N09137,2024,YAGI,2024-09-03T06:00:00Z,18.5,119.1,45
2024244N09137,2024,YAGI,2024-09-03T09:00:00Z,18.6,118.9,NaN
2024244N09137,2024,YAGI,2024-09-03T12:00:00Z,18.7,118.7,50
2024244N09137,2024,YAGI,2024-09-03T15:00:00Z,18.8,118.5,NaN
2024244N09137,2024,YAGI,2024-09-03T18:00:00Z,18.9,118.3,60
2024244N09137,2024,YAGI,2024-09-03T21:00:00Z,19.0,118.0,NaN
2024244N09137,2024,YAGI,2024-09-04T00:00:00Z,19.0,117.7,70
2024244N09137,2024,YAGI,2024-09-04T03:00:00Z,19.1,117.6,NaN
2024244N09137,2024,YAGI,2024-09-04T06:00:00Z,19.1,117.4,80
2024244N09137,2024,YAGI,2024-09-04T09:00:00Z,19.2,117.2,NaN
2024244N09137,2024,YAGI,2024-09-04T12:00:00Z,19.2,117.0,90
2024244N09137,2024,YAGI,2024-09-04T15:00:00Z,19.2,116.6,NaN
2024244N09137,2024,YAGI,2024-09-04T18:00:00Z,19.1,116.3,100
2024244N09137,2024,YAGI,2024-09-04T21:00:00Z,19.0,116.0,NaN
2024244N09137,2024,YAGI,2024-09-05T00:00:00Z,19.0,115.8,105
2024244N09137,2024,YAGI,2024-09-05T03:00:00Z,19.1,115.5,NaN
2024244N09137,2024,YAGI,2024-09-05T06:00:00Z,19.3,115.1,105
2024244N09137,2024,YAGI,2024-09-05T09:00:00Z,19.3,114.7,NaN
2024244N09137,2024,YAGI,2024-09-05T12:00:00Z,19.3,114.2,105
2024244N09137,2024,YAGI,2024-09-05T15:00:00Z,19.3,113.6,NaN
2024244N09137,2024,YAGI,2024-09-05T18:00:00Z,19.2,113.0,105
2024244N09137,2024,YAGI,2024-09-05T21:00:00Z,19.2,112.6,NaN
2024244N09137,2024,YAGI,2024-09-06T00:00:00Z,19.2,112.2,105
2024244N09137,2024,YAGI,2024-09-06T03:00:00Z,19.5,111.8,NaN
2024244N09137,2024,YAGI,2024-09-06T06:00:00Z,19.7,111.3,105
2024244N09137,2024,YAGI,2024-09-06T09:00:00Z,19.9,110.8,NaN
2024244N09137,2024,YAGI,2024-09-06T12:00:00Z,20.0,110.2,95
2024244N09137,2024,YAGI,2024-09-06T15:00:00Z,20.2,109.6,NaN
2024244N09137,2024,YAGI,2024-09-06T18:00:00Z,20.3,109.0,85
2024244N09137,2024,YAGI,2024-09-06T21:00:00Z,20.4,108.6,NaN
2024244N09137,2024,YAGI,2024-09-07T00:00:00Z,20.5,108.1,85
2024244N09137,2024,YAGI,2024-09-07T03:00:00Z,20.7,107.6,NaN
2024244N09137,2024,YAGI,2024-09-07T06:00:00Z,20.9,107.1,90
2024244N09137,2024,YAGI,2024-09-07T09:00:00Z,21.0,106.5,NaN
2024244N09137,2024,YAGI,2024-09-07T12:00:00Z,21.0,106.0,55
2024244N09137,2024,YAGI,2024-09-07T15:00:00Z,21.0,105.7,NaN
2024244N09137,2024,YAGI,2024-09-07T18:00:00Z,21.0,105.4,40
2024244N09137,2024,YAGI,2024-09-07T21:00:00Z,21.0,105.1,NaN
2024244N09137,2024,YAGI,2024-09-08T00:00:00Z,21.1,104.8,35
2024244N09137,2024,YAGI,2024-09-08T03:00:00Z,21.2,104.6,NaN
2024244N09137,2024,YAGI,2024-09-08T06:00:00Z,21.4,104.4,35
2024244N09137,2024,YAGI,2024-09-08T09:00:00Z,21.5,104.2,NaN
2024244N09137,2024,YAGI,2024-09-08T12:00:00Z,21.6,104.0,NaN
2024244N09137,2024,YAGI,2024-09-08T15:00:00Z,21.8,103.8,NaN
2024244N09137,2024,YAGI,2024-09-08T18:00:00Z,22.1,103.5,NaN
2024244N09137,2024,YAGI,2024-09-08T21:00:00Z,22.3,103.3,NaN
2024244N09137,2024,YAGI,2024-09-09T00:00:00Z,22.4,103.0,NaN
2024244N09137,2024,YAGI,2024-09-09T03:00:00Z,22.2,102.2,NaN
2024244N09137,2024,YAGI,2024-09-09T06:00:00Z,22.0,101.4,NaN
2024244N09137,2024,YAGI,2024-09-09T09:00:00Z,21.8,100.9,NaN
2024244N09137,2024,YAGI,2024-09-09T12:00:00Z,21.7,100.7,NaN
2024246N22147,2024,LEEPI,2024-09-01T12:00:00Z,22.2,147.1,NaN
2024246N22147,2024,LEEPI,2024-09-01T15:00:00Z,22.4,146.9,NaN
2024246N22147,2024,LEEPI,2024-09-01T18:00:00Z,22.6,146.8,NaN
2024246N22147,2024,LEEPI,2024-09-01T21:00:00Z,22.7,146.7,NaN
2024246N22147,2024,LEEPI,2024-09-02T00:00:00Z,22.9,146.6,NaN
2024246N22147,2024,LEEPI,2024-09-02T03:00:00Z,23.2,146.5,NaN
2024246N22147,2024,LEEPI,2024-09-02T06:00:00Z,23.6,146.5,NaN
2024246N22147,2024,LEEPI,2024-09-02T09:00:00Z,23.8,146.6,NaN
2024246N22147,2024,LEEPI,2024-09-02T12:00:00Z,24.0,146.8,NaN
2024246N22147,2024,LEEPI,2024-09-02T15:00:00Z,24.2,147.0,NaN
2024246N22147,2024,LEEPI,2024-09-02T18:00:00Z,24.5,147.2,NaN
2024246N22147,2024,LEEPI,2024-09-02T21:00:00Z,24.6,147.2,NaN
2024246N22147,2024,LEEPI,2024-09-03T00:00:00Z,24.7,147.2,NaN
2024246N22147,2024,LEEPI,2024-09-03T03:00:00Z,24.9,147.1,NaN
2024246N22147,2024,LEEPI,2024-09-03T06:00:00Z,25.0,147.2,NaN
2024246N22147,2024,LEEPI,2024-09-03T09:00:00Z,25.2,147.3,NaN
2024246N22147,2024,LEEPI,2024-09-03T12:00:00Z,25.6,147.4,NaN
2024246N22147,2024,LEEPI,2024-09-03T15:00:00Z,26.1,147.3,NaN
2024246N22147,2024,LEEPI,2024-09-03T18:00:00Z,26.7,147.2,NaN
2024246N22147,2024,LEEPI,2024-09-03T21:00:00Z,27.3,147.1,NaN
2024246N22147,2024,LEEPI,2024-09-04T00:00:00Z,27.9,147.0,NaN
2024246N22147,2024,LEEPI,2024-09-04T03:00:00Z,28.4,147.0,NaN
2024246N22147,2024,LEEPI,2024-09-04T06:00:00Z,29.0,146.9,NaN
2024246N22147,2024,LEEPI,2024-09-04T09:00:00Z,29.4,146.9,NaN
2024246N22147,2024,LEEPI,2024-09-04T12:00:00Z,29.9,146.8,NaN
2024246N22147,2024,LEEPI,2024-09-04T15:00:00Z,30.5,146.6,NaN
2024246N22147,2024,LEEPI,2024-09-04T18:00:00Z,31.1,146.3,NaN
2024246N22147,2024,LEEPI,2024-09-04T21:00:00Z,31.6,146.0,NaN
2024246N22147,2024,LEEPI,2024-09-05T00:00:00Z,32.2,145.9,35
2024246N22147,2024,LEEPI,2024-09-05T03:00:00Z,32.7,145.8,NaN
2024246N22147,2024,LEEPI,2024-09-05T06:00:00Z,33.1,145.8,35
2024246N22147,2024,LEEPI,2024-09-05T09:00:00Z,33.5,145.8,NaN
2024246N22147,2024,LEEPI,2024-09-05T12:00:00Z,33.9,146.0,35
2024246N22147,2024,LEEPI,2024-09-05T15:00:00Z,34.4,146.4,NaN
2024246N22147,2024,LEEPI,2024-09-05T18:00:00Z,34.9,146.9,35
2024246N22147,2024,LEEPI,2024-09-05T21:00:00Z,35.4,147.5,NaN
2024246N22147,2024,LEEPI,2024-09-06T00:00:00Z,35.9,148.2,35
2024246N22147,2024,LEEPI,2024-09-06T03:00:00Z,36.4,148.9,NaN
2024246N22147,2024,LEEPI,2024-09-06T06:00:00Z,36.9,149.7,35
2024246N22147,2024,LEEPI,2024-09-06T09:00:00Z,37.4,150.3,NaN
2024246N22147,2024,LEEPI,2024-09-06T12:00:00Z,37.9,151.1,NaN
2024246N22147,2024,LEEPI,2024-09-06T15:00:00Z,38.5,152.0,NaN
2024246N22147,2024,LEEPI,2024-09-06T18:00:00Z,39.1,153.0,NaN
2024246N22147,2024,LEEPI,2024-09-06T21:00:00Z,39.9,154.1,NaN
2024246N22147,2024,LEEPI,2024-09-07T00:00:00Z,40.6,155.2,NaN
2024246N22147,2024,LEEPI,2024-09-07T03:00:00Z,41.2,156.2,NaN
2024246N22147,2024,LEEPI,2024-09-07T06:00:00Z,42.0,157.3,NaN
2024246N22147,2024,LEEPI,2024-09-07T09:00:00Z,42.9,158.6,NaN
2024246N22147,2024,LEEPI,2024-09-07T12:00:00Z,44.0,160.4,NaN
2024246N22147,2024,LEEPI,2024-09-07T15:00:00Z,45.2,162.5,NaN
2024246N22147,2024,LEEPI,2024-09-07T18:00:00Z,46.4,164.8,NaN
2024246N22147,2024,LEEPI,2024-09-07T21:00:00Z,47.5,167.0,NaN
2024246N22147,2024,LEEPI,2024-09-08T00:00:00Z,48.6,169.2,NaN
2024246N22147,2024,LEEPI,2024-09-08T03:00:00Z,49.8,171.4,NaN
2024246N22147,2024,LEEPI,2024-09-08T06:00:00Z,51.0,173.9,NaN
2024246N22147,2024,LEEPI,2024-09-08T09:00:00Z,52.1,176.5,NaN
2024246N22147,2024,LEEPI,2024-09-08T12:00:00Z,53.0,179.5,NaN
2024247N28179,2024,HONE,2024-09-03T00:00:00Z,27.6,179.4,NaN
2024247N28179,2024,HONE,2024-09-03T03:00:00Z,28.3,179.1,NaN
2024247N28179,2024,HONE,2024-09-03T06:00:00Z,28.8,178.9,NaN
2024247N28179,2024,HONE,2024-09-03T09:00:00Z,29.2,178.7,NaN
2024247N28179,2024,HONE,2024-09-03T12:00:00Z,29.4,178.5,NaN
2024247N28179,2024,HONE,2024-09-03T15:00:00Z,29.6,178.3,NaN
2024247N28179,2024,HONE,2024-09-03T18:00:00Z,29.8,178.1,NaN
2024253N11148,2024,BEBINCA,2024-09-08T18:00:00Z,10.6,148.4,NaN
2024253N11148,2024,BEBINCA,2024-09-08T21:00:00Z,10.5,148.3,NaN
2024253N11148,2024,BEBINCA,2024-09-09T00:00:00Z,10.5,148.1,NaN
2024253N11148,2024,BEBINCA,2024-09-09T03:00:00Z,10.5,147.9,NaN
2024253N11148,2024,BEBINCA,2024-09-09T06:00:00Z,10.4,147.6,NaN
2024253N11148,2024,BEBINCA,2024-09-09T09:00:00Z,10.3,147.4,NaN
2024253N11148,2024,BEBINCA,2024-09-09T12:00:00Z,10.3,147.3,NaN
2024253N11148,2024,BEBINCA,2024-09-09T15:00:00Z,10.4,147.1,NaN
2024253N11148,2024,BEBINCA,2024-09-09T18:00:00Z,10.5,147.1,NaN
2024253N11148,2024,BEBINCA,2024-09-09T21:00:00Z,10.7,146.9,NaN
2024253N11148,2024,BEBINCA,2024-09-10T00:00:00Z,11.0,146.7,NaN
2024253N11148,2024,BEBINCA,2024-09-10T03:00:00Z,11.4,146.4,NaN
2024253N11148,2024,BEBINCA,2024-09-10T06:00:00Z,11.7,146.1,NaN
2024253N11148,2024,BEBINCA,2024-09-10T09:00:00Z,12.2,145.8,NaN
2024253N11148,2024,BEBINCA,2024-09-10T12:00:00Z,12.6,145.4,35
2024253N11148,2024,BEBINCA,2024-09-10T15:00:00Z,12.9,144.9,NaN
2024253N11148,2024,BEBINCA,2024-09-10T18:00:00Z,13.2,144.3,35
2024253N11148,2024,BEBINCA,2024-09-10T21:00:00Z,13.5,143.5,NaN
2024253N11148,2024,BEBINCA,2024-09-11T00:00:00Z,13.7,142.9,40
2024253N11148,2024,BEBINCA,2024-09-11T03:00:00Z,14.1,142.4,NaN
2024253N11148,2024,BEBINCA,2024-09-11T06:00:00Z,14.5,142.1,40
2024253N11148,2024,BEBINCA,2024-09-11T09:00:00Z,14.8,141.6,NaN
2024253N11148,2024,BEBINCA,2024-09-11T12:00:00Z,15.1,141.2,40
2024253N11148,2024,BEBINCA,2024-09-11T15:00:00Z,15.5,140.9,NaN
2024253N11148,2024,BEBINCA,2024-09-11T18:00:00Z,16.1,140.6,40
2024253N11148,2024,BEBINCA,2024-09-11T21:00:00Z,16.8,140.3,NaN
2024253N11148,2024,BEBINCA,2024-09-12T00:00:00Z,17.5,140.0,45
2024253N11148,2024,BEBINCA,2024-09-12T03:00:00Z,18.4,139.8,NaN
2024253N11148,2024,BEBINCA,2024-09-12T06:00:00Z,19.2,139.6,45
2024253N11148,2024,BEBINCA,2024-09-12T09:00:00Z,19.8,139.2,NaN
2024253N11148,2024,BEBINCA,2024-09-12T12:00:00Z,20.3,138.6,45
2024253N11148,2024,BEBINCA,2024-09-12T15:00:00Z,20.7,138.1,NaN
2024253N11148,2024,BEBINCA,2024-09-12T18:00:00Z,21.1,137.6,40
2024253N11148,2024,BEBINCA,2024-09-12T21:00:00Z,21.6,137.3,NaN
2024253N11148,2024,BEBINCA,2024-09-13T00:00:00Z,22.2,136.8,40
2024253N11148,2024,BEBINCA,2024-09-13T03:00:00Z,22.8,136.2,NaN
2024253N11148,2024,BEBINCA,2024-09-13T06:00:00Z,23.4,135.5,45
2024253N11148,2024,BEBINCA,2024-09-13T09:00:00Z,24.0,134.6,NaN
2024253N11148,2024,BEBINCA,2024-09-13T12:00:00Z,24.5,133.8,45
2024253N11148,2024,BEBINCA,2024-09-13T15:00:00Z,24.9,133.2,NaN
2024253N11148,2024,BEBINCA,2024-09-13T18:00:00Z,25.3,132.7,50
2024253N11148,2024,BEBINCA,2024-09-13T21:00:00Z,25.8,132.1,NaN
2024253N11148,2024,BEBINCA,2024-09-14T00:00:00Z,26.4,131.5,50
2024253N11148,2024,BEBINCA,2024-09-14T03:00:00Z,26.9,130.9,55
2024253N11148,2024,BEBINCA,2024-09-14T06:00:00Z,27.4,130.3,55
2024253N11148,2024,BEBINCA,2024-09-14T09:00:00Z,27.8,129.7,55
2024253N11148,2024,BEBINCA,2024-09-14T12:00:00Z,28.1,129.2,60
2024253N11148,2024,BEBINCA,2024-09-14T15:00:00Z,28.5,128.6,60
2024253N11148,2024,BEBINCA,2024-09-14T18:00:00Z,28.9,128.1,65
2024253N11148,2024,BEBINCA,2024-09-14T21:00:00Z,29.3,127.6,NaN
2024253N11148,2024,BEBINCA,2024-09-15T00:00:00Z,29.7,127.2,75
2024253N11148,2024,BEBINCA,2024-09-15T03:00:00Z,29.9,126.6,NaN
2024253N11148,2024,BEBINCA,2024-09-15T06:00:00Z,30.1,126.1,75
2024253N11148,2024,BEBINCA,2024-09-15T09:00:00Z,30.2,125.4,NaN
2024253N11148,2024,BEBINCA,2024-09-15T12:00:00Z,30.3,124.7,75
2024253N11148,2024,BEBINCA,2024-09-15T15:00:00Z,30.4,124.0,NaN
2024253N11148,2024,BEBINCA,2024-09-15T18:00:00Z,30.6,123.2,70
2024253N11148,2024,BEBINCA,2024-09-15T21:00:00Z,30.7,122.5,NaN
2024253N11148,2024,BEBINCA,2024-09-16T00:00:00Z,30.9,121.8,65
2024253N11148,2024,BEBINCA,2024-09-16T03:00:00Z,31.2,121.1,NaN
2024253N11148,2024,BEBINCA,2024-09-16T06:00:00Z,31.5,120.4,60
2024253N11148,2024,BEBINCA,2024-09-16T09:00:00Z,31.6,119.9,NaN
2024253N11148,2024,BEBINCA,2024-09-16T12:00:00Z,31.7,119.3,50
2024253N11148,2024,BEBINCA,2024-09-16T15:00:00Z,31.8,118.7,NaN
2024253N11148,2024,BEBINCA,2024-09-16T18:00:00Z,32.1,118.1,35
2024253N11148,2024,BEBINCA,2024-09-16T21:00:00Z,32.3,117.6,NaN
2024253N11148,2024,BEBINCA,2024-09-17T00:00:00Z,32.5,117.1,NaN
2024253N11148,2024,BEBINCA,2024-09-17T03:00:00Z,32.8,116.7,NaN
2024253N11148,2024,BEBINCA,2024-09-17T06:00:00Z,33.0,116.4,NaN
2024253N11148,2024,BEBINCA,2024-09-17T09:00:00Z,33.1,116.2,NaN
2024253N11148,2024,BEBINCA,2024-09-17T12:00:00Z,33.1,116.0,NaN
2024253N11148,2024,BEBINCA,2024-09-17T15:00:00Z,33.2,115.8,NaN
2024253N11148,2024,BEBINCA,2024-09-17T18:00:00Z,33.4,115.5,NaN
2024253N11148,2024,BEBINCA,2024-09-17T21:00:00Z,33.4,115.3,NaN
2024253N11148,2024,BEBINCA,2024-09-18T00:00:00Z,33.5,115.1,NaN
2024253N11148,2024,BEBINCA,2024-09-18T03:00:00Z,33.5,115.0,NaN
2024253N11148,2024,BEBINCA,2024-09-18T06:00:00Z,33.4,114.9,NaN
2024253N11148,2024,BEBINCA,2024-09-18T09:00:00Z,33.1,114.7,NaN
2024253N11148,2024,BEBINCA,2024-09-18T12:00:00Z,32.8,114.8,NaN
2024259N12145,2024,PULASAN,2024-09-15T00:00:00Z,12.1,144.6,NaN
2024259N12145,2024,PULASAN,2024-09-15T03:00:00Z,12.2,144.4,NaN
2024259N12145,2024,PULASAN,2024-09-15T06:00:00Z,12.3,144.3,NaN
2024259N12145,2024,PULASAN,2024-09-15T09:00:00Z,12.5,144.3,NaN
2024259N12145,2024,PULASAN,2024-09-15T12:00:00Z,13.0,144.3,35
2024259N12145,2024,PULASAN,2024-09-15T15:00:00Z,13.4,144.1,NaN
2024259N12145,2024,PULASAN,2024-09-15T18:00:00Z,13.9,143.9,35
2024259N12145,2024,PULASAN,2024-09-15T21:00:00Z,14.5,143.6,NaN
2024259N12145,2024,PULASAN,2024-09-16T00:00:00Z,15.2,143.2,35
2024259N12145,2024,PULASAN,2024-09-16T03:00:00Z,15.6,142.7,NaN
2024259N12145,2024,PULASAN,2024-09-16T06:00:00Z,15.9,142.1,35
2024259N12145,2024,PULASAN,2024-09-16T09:00:00Z,16.3,141.6,NaN
2024259N12145,2024,PULASAN,2024-09-16T12:00:00Z,16.6,141.1,40
2024259N12145,2024,PULASAN,2024-09-16T15:00:00Z,17.1,140.6,NaN
2024259N12145,2024,PULASAN,2024-09-16T18:00:00Z,17.7,140.1,40
2024259N12145,2024,PULASAN,2024-09-16T21:00:00Z,18.3,139.6,NaN
2024259N12145,2024,PULASAN,2024-09-17T00:00:00Z,19.1,138.9,45
2024259N12145,2024,PULASAN,2024-09-17T03:00:00Z,20.0,137.9,NaN
2024259N12145,2024,PULASAN,2024-09-17T06:00:00Z,20.8,136.7,45
2024259N12145,2024,PULASAN,2024-09-17T09:00:00Z,21.2,135.6,NaN
2024259N12145,2024,PULASAN,2024-09-17T12:00:00Z,21.5,134.6,45
2024259N12145,2024,PULASAN,2024-09-17T15:00:00Z,21.9,133.9,NaN
2024259N12145,2024,PULASAN,2024-09-17T18:00:00Z,22.4,133.3,45
2024259N12145,2024,PULASAN,2024-09-17T21:00:00Z,22.8,132.6,NaN
2024259N12145,2024,PULASAN,2024-09-18T00:00:00Z,23.2,131.9,45
2024259N12145,2024,PULASAN,2024-09-18T03:00:00Z,23.8,131.1,NaN
2024259N12145,2024,PULASAN,2024-09-18T06:00:00Z,24.4,130.2,45
2024259N12145,2024,PULASAN,2024-09-18T09:00:00Z,25.1,129.5,NaN
2024259N12145,2024,PULASAN,2024-09-18T12:00:00Z,25.8,128.7,40
2024259N12145,2024,PULASAN,2024-09-18T15:00:00Z,26.5,127.7,NaN
2024259N12145,2024,PULASAN,2024-09-18T18:00:00Z,27.2,126.9,40
2024259N12145,2024,PULASAN,2024-09-18T21:00:00Z,27.8,126.1,NaN
2024259N12145,2024,PULASAN,2024-09-19T00:00:00Z,28.4,125.4,40
2024259N12145,2024,PULASAN,2024-09-19T03:00:00Z,29.2,124.6,NaN
2024259N12145,2024,PULASAN,2024-09-19T06:00:00Z,29.8,123.7,40
2024259N12145,2024,PULASAN,2024-09-19T09:00:00Z,30.2,122.8,NaN
2024259N12145,2024,PULASAN,2024-09-19T12:00:00Z,30.7,122.1,35
2024259N12145,2024,PULASAN,2024-09-19T15:00:00Z,31.0,121.6,NaN
2024259N12145,2024,PULASAN,2024-09-19T18:00:00Z,31.3,121.0,35
2024259N12145,2024,PULASAN,2024-09-19T21:00:00Z,31.6,120.5,NaN
2024259N12145,2024,PULASAN,2024-09-20T00:00:00Z,31.9,120.2,35
2024259N12145,2024,PULASAN,2024-09-20T03:00:00Z,32.1,120.2,NaN
2024259N12145,2024,PULASAN,2024-09-20T06:00:00Z,32.4,120.4,35
2024259N12145,2024,PULASAN,2024-09-20T09:00:00Z,32.6,120.7,NaN
2024259N12145,2024,PULASAN,2024-09-20T12:00:00Z,32.8,121.1,35
2024259N12145,2024,PULASAN,2024-09-20T15:00:00Z,33.0,121.5,NaN
2024259N12145,2024,PULASAN,2024-09-20T18:00:00Z,33.2,122.1,40
2024259N12145,2024,PULASAN,2024-09-20T21:00:00Z,33.4,122.7,NaN
2024259N12145,2024,PULASAN,2024-09-21T00:00:00Z,33.6,123.4,40
2024259N12145,2024,PULASAN,2024-09-21T03:00:00Z,33.8,124.1,NaN
2024259N12145,2024,PULASAN,2024-09-21T06:00:00Z,34.1,125.2,NaN
2024259N12145,2024,PULASAN,2024-09-21T09:00:00Z,34.2,126.6,NaN
2024259N12145,2024,PULASAN,2024-09-21T12:00:00Z,34.5,128.4,NaN
2024259N12145,2024,PULASAN,2024-09-21T15:00:00Z,35.0,130.3,NaN
2024259N12145,2024,PULASAN,2024-09-21T18:00:00Z,35.8,132.6,NaN
2024259N12145,2024,PULASAN,2024-09-21T21:00:00Z,36.6,135.1,NaN
2024259N12145,2024,PULASAN,2024-09-22T00:00:00Z,37.4,138.0,NaN
2024259N12145,2024,PULASAN,2024-09-22T03:00:00Z,38.0,140.8,NaN
2024259N12145,2024,PULASAN,2024-09-22T06:00:00Z,38.4,143.5,NaN
2024259N12145,2024,PULASAN,2024-09-22T09:00:00Z,38.8,145.5,NaN
2024259N12145,2024,PULASAN,2024-09-22T12:00:00Z,39.2,147.2,NaN
2024259N12145,2024,PULASAN,2024-09-22T15:00:00Z,39.5,148.9,NaN
2024259N12145,2024,PULASAN,2024-09-22T18:00:00Z,39.9,150.6,NaN
2024259N12145,2024,PULASAN,2024-09-22T21:00:00Z,40.2,152.3,NaN
2024259N12145,2024,PULASAN,2024-09-23T00:00:00Z,40.7,154.0,NaN
2024259N12145,2024,PULASAN,2024-09-23T03:00:00Z,41.2,156.0,NaN
2024259N12145,2024,PULASAN,2024-09-23T06:00:00Z,41.8,158.0,NaN
2024259N12145,2024,PULASAN,2024-09-23T09:00:00Z,42.3,159.8,NaN
2024259N12145,2024,PULASAN,2024-09-23T12:00:00Z,42.8,161.5,NaN
2024259N12145,2024,PULASAN,2024-09-23T15:00:00Z,43.4,163.5,NaN
2024259N12145,2024,PULASAN,2024-09-23T18:00:00Z,43.9,165.5,NaN
2024259N12145,2024,PULASAN,2024-09-23T21:00:00Z,44.3,167.5,NaN
2024259N12145,2024,PULASAN,2024-09-24T00:00:00Z,44.7,169.3,NaN
2024259N12145,2024,PULASAN,2024-09-24T03:00:00Z,44.9,170.7,NaN
2024259N12145,2024,PULASAN,2024-09-24T06:00:00Z,45.3,172.1,NaN
2024259N12145,2024,PULASAN,2024-09-24T09:00:00Z,45.6,174.0,NaN
2024259N12145,2024,PULASAN,2024-09-24T12:00:00Z,45.9,176.1,NaN
2024259N12145,2024,PULASAN,2024-09-24T15:00:00Z,46.0,178.4,NaN
2024259N17126,2024,SOULIK,2024-09-15T00:00:00Z,16.7,126.0,NaN
2024259N17126,2024,SOULIK,2024-09-15T03:00:00Z,16.8,126.4,NaN
2024259N17126,2024,SOULIK,2024-09-15T06:00:00Z,16.9,126.5,NaN
2024259N17126,2024,SOULIK,2024-09-15T09:00:00Z,17.0,126.3,NaN
2024259N17126,2024,SOULIK,2024-09-15T12:00:00Z,17.0,126.0,NaN
2024259N17126,2024,SOULIK,2024-09-15T15:00:00Z,17.1,125.8,NaN
2024259N17126,2024,SOULIK,2024-09-15T18:00:00Z,17.2,125.6,NaN
2024259N17126,2024,SOULIK,2024-09-15T21:00:00Z,17.2,125.4,NaN
2024259N17126,2024,SOULIK,2024-09-16T00:00:00Z,17.2,125.2,NaN
2024259N17126,2024,SOULIK,2024-09-16T03:00:00Z,17.3,125.0,NaN
2024259N17126,2024,SOULIK,2024-09-16T06:00:00Z,17.3,124.7,NaN
2024259N17126,2024,SOULIK,2024-09-16T09:00:00Z,17.4,124.1,NaN
2024259N17126,2024,SOULIK,2024-09-16T12:00:00Z,17.4,123.4,NaN
2024259N17126,2024,SOULIK,2024-09-16T15:00:00Z,17.5,122.6,NaN
2024259N17126,2024,SOULIK,2024-09-16T18:00:00Z,17.6,121.6,NaN
2024259N17126,2024,SOULIK,2024-09-16T21:00:00Z,17.6,120.6,NaN
2024259N17126,2024,SOULIK,2024-09-17T00:00:00Z,17.5,119.7,NaN
2024259N17126,2024,SOULIK,2024-09-17T03:00:00Z,17.3,119.1,NaN
2024259N17126,2024,SOULIK,2024-09-17T06:00:00Z,17.2,118.7,NaN
2024259N17126,2024,SOULIK,2024-09-17T09:00:00Z,17.1,118.1,NaN
2024259N17126,2024,SOULIK,2024-09-17T12:00:00Z,17.0,117.5,NaN
2024259N17126,2024,SOULIK,2024-09-17T15:00:00Z,17.0,116.7,NaN
2024259N17126,2024,SOULIK,2024-09-17T18:00:00Z,16.9,115.9,NaN
2024259N17126,2024,SOULIK,2024-09-17T21:00:00Z,17.0,115.1,NaN
2024259N17126,2024,SOULIK,2024-09-18T00:00:00Z,17.0,114.3,NaN
2024259N17126,2024,SOULIK,2024-09-18T03:00:00Z,17.1,113.5,NaN
2024259N17126,2024,SOULIK,2024-09-18T06:00:00Z,17.2,112.8,NaN
2024259N17126,2024,SOULIK,2024-09-18T09:00:00Z,17.3,112.1,NaN
2024259N17126,2024,SOULIK,2024-09-18T12:00:00Z,17.3,111.4,NaN
2024259N17126,2024,SOULIK,2024-09-18T15:00:00Z,17.4,110.7,NaN
2024259N17126,2024,SOULIK,2024-09-18T18:00:00Z,17.5,110.1,35
2024259N17126,2024,SOULIK,2024-09-18T21:00:00Z,17.5,109.2,NaN
2024259N17126,2024,SOULIK,2024-09-19T00:00:00Z,17.3,108.4,35
2024259N17126,2024,SOULIK,2024-09-19T03:00:00Z,17.1,107.7,NaN
2024259N17126,2024,SOULIK,2024-09-19T06:00:00Z,16.9,107.2,35
2024259N17126,2024,SOULIK,2024-09-19T09:00:00Z,16.8,106.8,NaN
2024259N17126,2024,SOULIK,2024-09-19T12:00:00Z,16.8,106.5,NaN
2024259N17126,2024,SOULIK,2024-09-19T15:00:00Z,16.7,106.2,NaN
2024259N17126,2024,SOULIK,2024-09-19T18:00:00Z,16.7,106.0,NaN
2024259N17126,2024,SOULIK,2024-09-19T21:00:00Z,16.5,105.7,NaN
2024259N17126,2024,SOULIK,2024-09-20T00:00:00Z,16.5,105.3,NaN
2024259N17126,2024,SOULIK,2024-09-20T03:00:00Z,16.7,104.9,NaN
2024259N17126,2024,SOULIK,2024-09-20T06:00:00Z,17.0,104.5,NaN
2024259N17126,2024,SOULIK,2024-09-20T09:00:00Z,17.2,104.2,NaN
2024259N17126,2024,SOULIK,2024-09-20T12:00:00Z,17.1,103.9,NaN
2024264N20128,2024,UNNAMED,2024-09-19T12:00:00Z,19.7,128.3,NaN
2024264N20128,2024,UNNAMED,2024-09-19T15:00:00Z,20.2,128.1,NaN
2024264N20128,2024,UNNAMED,2024-09-19T18:00:00Z,20.6,127.9,NaN
2024264N20128,2024,UNNAMED,2024-09-19T21:00:00Z,20.9,127.8,NaN
2024264N20128,2024,UNNAMED,2024-09-20T00:00:00Z,21.2,127.6,NaN
2024264N20128,2024,UNNAMED,2024-09-20T03:00:00Z,21.9,127.2,NaN
2024264N20128,2024,UNNAMED,2024-09-20T06:00:00Z,22.7,126.6,NaN
2024264N20128,2024,UNNAMED,2024-09-20T09:00:00Z,23.3,126.0,NaN
2024264N20128,2024,UNNAMED,2024-09-20T12:00:00Z,24.0,125.2,NaN
2024264N20128,2024,UNNAMED,2024-09-20T15:00:00Z,24.5,124.5,NaN
2024264N20128,2024,UNNAMED,2024-09-20T18:00:00Z,24.9,123.9,NaN
2024264N20128,2024,UNNAMED,2024-09-20T21:00:00Z,25.2,123.4,NaN
2024264N20128,2024,UNNAMED,2024-09-21T00:00:00Z,25.5,123.0,NaN
2024264N20128,2024,UNNAMED,2024-09-21T03:00:00Z,25.7,122.7,NaN
2024264N20128,2024,UNNAMED,2024-09-21T06:00:00Z,25.8,122.4,NaN
2024264N20128,2024,UNNAMED,2024-09-21T09:00:00Z,25.8,122.0,NaN
2024264N20128,2024,UNNAMED,2024-09-21T12:00:00Z,25.8,121.6,NaN
2024264N20128,2024,UNNAMED,2024-09-21T15:00:00Z,25.7,121.2,NaN
2024264N20128,2024,UNNAMED,2024-09-21T18:00:00Z,25.5,120.7,NaN
2024264N20128,2024,UNNAMED,2024-09-21T21:00:00Z,25.2,120.3,NaN
2024264N20128,2024,UNNAMED,2024-09-22T00:00:00Z,24.9,119.9,NaN
2024264N20128,2024,UNNAMED,2024-09-22T03:00:00Z,24.7,119.5,NaN
2024264N20128,2024,UNNAMED,2024-09-22T06:00:00Z,24.5,119.2,NaN
2024264N20128,2024,UNNAMED,2024-09-22T09:00:00Z,24.4,118.9,NaN
2024264N20128,2024,UNNAMED,2024-09-22T12:00:00Z,24.3,118.7,NaN
2024267N29129,2024,CIMARON,2024-09-23T06:00:00Z,29.1,129.3,NaN
2024267N29129,2024,CIMARON,2024-09-23T09:00:00Z,28.9,130.3,NaN
2024267N29129,2024,CIMARON,2024-09-23T12:00:00Z,28.7,131.3,NaN
2024267N29129,2024,CIMARON,2024-09-23T15:00:00Z,28.5,132.1,NaN
2024267N29129,2024,CIMARON,2024-09-23T18:00:00Z,28.3,132.7,NaN
2024267N29129,2024,CIMARON,2024-09-23T21:00:00Z,28.1,133.2,NaN
2024267N29129,2024,CIMARON,2024-09-24T00:00:00Z,27.9,133.6,NaN
2024267N29129,2024,CIMARON,2024-09-24T03:00:00Z,27.8,133.9,NaN
2024267N29129,2024,CIMARON,2024-09-24T06:00:00Z,27.8,134.2,35
2024267N29129,2024,CIMARON,2024-09-24T09:00:00Z,27.8,134.6,NaN
2024267N29129,2024,CIMARON,2024-09-24T12:00:00Z,27.8,135.0,35
2024267N29129,2024,CIMARON,2024-09-24T15:00:00Z,28.0,135.2,NaN
2024267N29129,2024,CIMARON,2024-09-24T18:00:00Z,28.1,135.2,35
2024267N29129,2024,CIMARON,2024-09-24T21:00:00Z,28.2,135.0,NaN
2024267N29129,2024,CIMARON,2024-09-25T00:00:00Z,28.3,134.7,35
2024267N29129,2024,CIMARON,2024-09-25T03:00:00Z,28.3,134.3,NaN
2024267N29129,2024,CIMARON,2024-09-25T06:00:00Z,28.2,133.9,35
2024267N29129,2024,CIMARON,2024-09-25T09:00:00Z,28.0,133.6,NaN
2024267N29129,2024,CIMARON,2024-09-25T12:00:00Z,27.8,133.3,35
2024267N29129,2024,CIMARON,2024-09-25T15:00:00Z,27.8,133.1,NaN
2024267N29129,2024,CIMARON,2024-09-25T18:00:00Z,27.9,132.9,35
2024267N29129,2024,CIMARON,2024-09-25T21:00:00Z,28.1,132.6,NaN
2024267N29129,2024,CIMARON,2024-09-26T00:00:00Z,28.2,132.4,35
2024267N29129,2024,CIMARON,2024-09-26T03:00:00Z,28.1,132.2,NaN
2024267N29129,2024,CIMARON,2024-09-26T06:00:00Z,28.0,132.1,NaN
2024267N29129,2024,CIMARON,2024-09-26T09:00:00Z,28.0,132.0,NaN
2024267N29129,2024,CIMARON,2024-09-26T12:00:00Z,28.1,131.9,NaN
2024267N29129,2024,CIMARON,2024-09-26T15:00:00Z,28.2,131.9,NaN
2024267N29129,2024,CIMARON,2024-09-26T18:00:00Z,28.4,132.0,NaN
2024267N29129,2024,CIMARON,2024-09-26T21:00:00Z,28.4,132.0,NaN
2024267N29129,2024,CIMARON,2024-09-27T00:00:00Z,28.5,132.1,NaN
2024267N29129,2024,CIMARON,2024-09-27T03:00:00Z,28.6,132.3,NaN
2024267N29129,2024,CIMARON,2024-09-27T06:00:00Z,28.8,132.6,NaN
2024267N29129,2024,CIMARON,2024-09-27T09:00:00Z,29.0,132.9,NaN
2024267N29129,2024,CIMARON,2024-09-27T12:00:00Z,29.5,133.1,NaN
2024267N29129,2024,CIMARON,2024-09-27T15:00:00Z,30.1,133.2,NaN
2024267N29129,2024,CIMARON,2024-09-27T18:00:00Z,30.9,133.5,NaN
2024267N29129,2024,CIMARON,2024-09-27T21:00:00Z,31.6,134.7,NaN
2024267N29129,2024,CIMARON,2024-09-28T00:00:00Z,32.1,136.0,NaN
2024267N29129,2024,CIMARON,2024-09-28T03:00:00Z,32.5,136.6,NaN
2024267N29129,2024,CIMARON,2024-09-28T06:00:00Z,32.7,137.2,NaN
2024267N29129,2024,CIMARON,2024-09-28T09:00:00Z,32.7,138.4,NaN
2024267N29129,2024,CIMARON,2024-09-28T12:00:00Z,32.6,139.6,NaN
2024267N29129,2024,CIMARON,2024-09-28T15:00:00Z,32.6,140.3,NaN
2024267N29129,2024,CIMARON,2024-09-28T18:00:00Z,32.6,140.7,NaN
2024267N29129,2024,CIMARON,2024-09-28T21:00:00Z,32.7,141.2,NaN
2024267N29129,2024,CIMARON,2024-09-29T00:00:00Z,32.7,141.6,NaN
2024267N29129,2024,CIMARON,2024-09-29T03:00:00Z,32.7,141.7,NaN
2024267N29129,2024,CIMARON,2024-09-29T06:00:00Z,32.7,141.5,NaN
2024267N29129,2024,CIMARON,2024-09-29T09:00:00Z,32.7,141.1,NaN
2024267N29129,2024,CIMARON,2024-09-29T12:00:00Z,32.7,140.7,NaN
2024267N29129,2024,CIMARON,2024-09-29T15:00:00Z,32.6,140.5,NaN
2024267N29129,2024,CIMARON,2024-09-29T18:00:00Z,32.6,140.4,NaN
2024267N29129,2024,CIMARON,2024-09-29T21:00:00Z,32.6,140.1,NaN
2024267N29129,2024,CIMARON,2024-09-30T00:00:00Z,32.6,139.7,NaN
2024267N29129,2024,CIMARON,2024-09-30T03:00:00Z,32.5,139.1,NaN
2024267N29129,2024,CIMARON,2024-09-30T06:00:00Z,32.3,138.5,NaN
2024269N14150,2024,JEBI,2024-09-24T18:00:00Z,14.3,149.8,NaN
2024269N14150,2024,JEBI,2024-09-24T21:00:00Z,14.4,149.6,NaN
2024269N14150,2024,JEBI,2024-09-25T00:00:00Z,14.7,149.5,NaN
2024269N14150,2024,JEBI,2024-09-25T03:00:00Z,15.2,149.3,NaN
2024269N14150,2024,JEBI,2024-09-25T06:00:00Z,15.7,149.1,NaN
2024269N14150,2024,JEBI,2024-09-25T09:00:00Z,16.0,148.7,NaN
2024269N14150,2024,JEBI,2024-09-25T12:00:00Z,16.2,148.3,NaN
2024269N14150,2024,JEBI,2024-09-25T15:00:00Z,16.3,147.8,NaN
2024269N14150,2024,JEBI,2024-09-25T18:00:00Z,16.1,147.7,NaN
2024269N14150,2024,JEBI,2024-09-25T21:00:00Z,15.9,147.4,NaN
2024269N14150,2024,JEBI,2024-09-26T00:00:00Z,15.9,147.2,NaN
2024269N14150,2024,JEBI,2024-09-26T03:00:00Z,16.0,147.1,NaN
2024269N14150,2024,JEBI,2024-09-26T06:00:00Z,16.3,147.1,NaN
2024269N14150,2024,JEBI,2024-09-26T09:00:00Z,16.5,146.9,NaN
2024269N14150,2024,JEBI,2024-09-26T12:00:00Z,16.8,146.7,NaN
2024269N14150,2024,JEBI,2024-09-26T15:00:00Z,17.1,146.5,NaN
2024269N14150,2024,JEBI,2024-09-26T18:00:00Z,17.3,146.3,NaN
2024269N14150,2024,JEBI,2024-09-26T21:00:00Z,17.5,146.0,NaN
2024269N14150,2024,JEBI,2024-09-27T00:00:00Z,17.7,145.7,35
2024269N14150,2024,JEBI,2024-09-27T03:00:00Z,17.9,145.5,NaN
2024269N14150,2024,JEBI,2024-09-27T06:00:00Z,18.0,145.4,35
2024269N14150,2024,JEBI,2024-09-27T09:00:00Z,18.2,145.3,NaN
2024269N14150,2024,JEBI,2024-09-27T12:00:00Z,18.4,145.1,35
2024269N14150,2024,JEBI,2024-09-27T15:00:00Z,18.8,144.8,NaN
2024269N14150,2024,JEBI,2024-09-27T18:00:00Z,19.3,144.4,35
2024269N14150,2024,JEBI,2024-09-27T21:00:00Z,19.7,143.9,NaN
2024269N14150,2024,JEBI,2024-09-28T00:00:00Z,20.0,143.3,35
2024269N14150,2024,JEBI,2024-09-28T03:00:00Z,20.3,143.0,NaN
2024269N14150,2024,JEBI,2024-09-28T06:00:00Z,20.7,142.9,35
2024269N14150,2024,JEBI,2024-09-28T09:00:00Z,21.1,142.8,NaN
2024269N14150,2024,JEBI,2024-09-28T12:00:00Z,21.5,142.7,35
2024269N14150,2024,JEBI,2024-09-28T15:00:00Z,21.8,142.4,NaN
2024269N14150,2024,JEBI,2024-09-28T18:00:00Z,22.0,142.0,35
2024269N14150,2024,JEBI,2024-09-28T21:00:00Z,22.3,141.8,NaN
2024269N14150,2024,JEBI,2024-09-29T00:00:00Z,22.7,141.6,35
2024269N14150,2024,JEBI,2024-09-29T03:00:00Z,23.3,141.4,NaN
2024269N14150,2024,JEBI,2024-09-29T06:00:00Z,23.9,141.3,35
2024269N14150,2024,JEBI,2024-09-29T09:00:00Z,24.2,141.1,NaN
2024269N14150,2024,JEBI,2024-09-29T12:00:00Z,24.5,140.9,35
2024269N14150,2024,JEBI,2024-09-29T15:00:00Z,24.8,140.8,NaN
2024269N14150,2024,JEBI,2024-09-29T18:00:00Z,25.1,140.7,35
2024269N14150,2024,JEBI,2024-09-29T21:00:00Z,25.5,140.5,NaN
2024269N14150,2024,JEBI,2024-09-30T00:00:00Z,26.0,140.4,40
2024269N14150,2024,JEBI,2024-09-30T03:00:00Z,26.8,140.5,NaN
2024269N14150,2024,JEBI,2024-09-30T06:00:00Z,27.7,140.6,45
2024269N14150,2024,JEBI,2024-09-30T09:00:00Z,28.5,140.8,NaN
2024269N14150,2024,JEBI,2024-09-30T12:00:00Z,29.3,140.9,50
2024269N14150,2024,JEBI,2024-09-30T15:00:00Z,30.0,141.1,NaN
2024269N14150,2024,JEBI,2024-09-30T18:00:00Z,30.7,141.2,55
2024269N14150,2024,JEBI,2024-09-30T21:00:00Z,31.7,141.4,NaN
2024269N14150,2024,JEBI,2024-10-01T00:00:00Z,32.7,141.6,65
2024269N14150,2024,JEBI,2024-10-01T03:00:00Z,33.7,141.8,NaN
2024269N14150,2024,JEBI,2024-10-01T06:00:00Z,34.8,142.2,65
2024269N14150,2024,JEBI,2024-10-01T09:00:00Z,35.9,142.6,NaN
2024269N14150,2024,JEBI,2024-10-01T12:00:00Z,37.0,143.3,65
2024269N14150,2024,JEBI,2024-10-01T15:00:00Z,38.0,144.3,NaN
2024269N14150,2024,JEBI,2024-10-01T18:00:00Z,39.2,145.5,65
2024269N14150,2024,JEBI,2024-10-01T21:00:00Z,40.6,147.0,NaN
2024269N14150,2024,JEBI,2024-10-02T00:00:00Z,42.1,148.7,60
2024269N14150,2024,JEBI,2024-10-02T03:00:00Z,43.5,150.7,NaN
2024269N14150,2024,JEBI,2024-10-02T06:00:00Z,45.1,152.8,50
2024269N14150,2024,JEBI,2024-10-02T09:00:00Z,46.9,154.7,NaN
2024269N14150,2024,JEBI,2024-10-02T12:00:00Z,48.8,156.6,NaN
2024269N14150,2024,JEBI,2024-10-02T15:00:00Z,50.6,158.3,NaN
2024269N14150,2024,JEBI,2024-10-02T18:00:00Z,52.3,160.5,NaN
2024270N24128,2024,KRATHON,2024-09-26T00:00:00Z,24.1,128.2,NaN
2024270N24128,2024,KRATHON,2024-09-26T03:00:00Z,23.5,128.1,NaN
2024270N24128,2024,KRATHON,2024-09-26T06:00:00Z,22.9,127.9,NaN
2024270N24128,2024,KRATHON,2024-09-26T09:00:00Z,22.3,127.7,NaN
2024270N24128,2024,KRATHON,2024-09-26T12:00:00Z,21.8,127.5,NaN
2024270N24128,2024,KRATHON,2024-09-26T15:00:00Z,21.5,127.3,NaN
2024270N24128,2024,KRATHON,2024-09-26T18:00:00Z,21.3,127.1,NaN
2024270N24128,2024,KRATHON,2024-09-26T21:00:00Z,21.1,126.9,NaN
2024270N24128,2024,KRATHON,2024-09-27T00:00:00Z,20.9,126.7,NaN
2024270N24128,2024,KRATHON,2024-09-27T03:00:00Z,20.6,126.5,NaN
2024270N24128,2024,KRATHON,2024-09-27T06:00:00Z,20.3,126.3,NaN
2024270N24128,2024,KRATHON,2024-09-27T09:00:00Z,20.0,126.2,NaN
2024270N24128,2024,KRATHON,2024-09-27T12:00:00Z,19.7,126.0,NaN
2024270N24128,2024,KRATHON,2024-09-27T15:00:00Z,19.4,125.9,NaN
2024270N24128,2024,KRATHON,2024-09-27T18:00:00Z,19.1,125.7,NaN
2024270N24128,2024,KRATHON,2024-09-27T21:00:00Z,18.9,125.6,NaN
2024270N24128,2024,KRATHON,2024-09-28T00:00:00Z,18.8,125.5,35
2024270N24128,2024,KRATHON,2024-09-28T03:00:00Z,18.7,125.4,NaN
2024270N24128,2024,KRATHON,2024-09-28T06:00:00Z,18.6,125.3,40
2024270N24128,2024,KRATHON,2024-09-28T09:00:00Z,18.5,125.1,NaN
2024270N24128,2024,KRATHON,2024-09-28T12:00:00Z,18.5,125.0,50
2024270N24128,2024,KRATHON,2024-09-28T15:00:00Z,18.5,124.9,NaN
2024270N24128,2024,KRATHON,2024-09-28T18:00:00Z,18.5,124.7,55
2024270N24128,2024,KRATHON,2024-09-28T21:00:00Z,18.6,124.6,NaN
2024270N24128,2024,KRATHON,2024-09-29T00:00:00Z,18.7,124.4,60
2024270N24128,2024,KRATHON,2024-09-29T03:00:00Z,19.0,124.1,NaN
2024270N24128,2024,KRATHON,2024-09-29T06:00:00Z,19.3,123.8,70
2024270N24128,2024,KRATHON,2024-09-29T09:00:00Z,19.6,123.4,NaN
2024270N24128,2024,KRATHON,2024-09-29T12:00:00Z,19.8,123.0,75
2024270N24128,2024,KRATHON,2024-09-29T15:00:00Z,19.9,122.7,NaN
2024270N24128,2024,KRATHON,2024-09-29T18:00:00Z,19.9,122.4,85
2024270N24128,2024,KRATHON,2024-09-29T21:00:00Z,20.0,122.2,NaN
2024270N24128,2024,KRATHON,2024-09-30T00:00:00Z,20.1,122.0,95
2024270N24128,2024,KRATHON,2024-09-30T03:00:00Z,20.3,121.7,NaN
2024270N24128,2024,KRATHON,2024-09-30T06:00:00Z,20.5,121.3,95
2024270N24128,2024,KRATHON,2024-09-30T09:00:00Z,20.5,120.8,NaN
2024270N24128,2024,KRATHON,2024-09-30T12:00:00Z,20.5,120.4,95
2024270N24128,2024,KRATHON,2024-09-30T15:00:00Z,20.5,120.1,NaN
2024270N24128,2024,KRATHON,2024-09-30T18:00:00Z,20.6,120.0,100
2024270N24128,2024,KRATHON,2024-09-30T21:00:00Z,20.6,119.8,NaN
2024270N24128,2024,KRATHON,2024-10-01T00:00:00Z,20.6,119.6,105
2024270N24128,2024,KRATHON,2024-10-01T03:00:00Z,20.7,119.5,NaN
2024270N24128,2024,KRATHON,2024-10-01T06:00:00Z,20.9,119.5,105
2024270N24128,2024,KRATHON,2024-10-01T09:00:00Z,21.1,119.4,NaN
2024270N24128,2024,KRATHON,2024-10-01T12:00:00Z,21.2,119.3,100
2024270N24128,2024,KRATHON,2024-10-01T15:00:00Z,21.4,119.2,NaN
2024270N24128,2024,KRATHON,2024-10-01T18:00:00Z,21.4,119.2,95
2024270N24128,2024,KRATHON,2024-10-01T21:00:00Z,21.5,119.2,NaN
2024270N24128,2024,KRATHON,2024-10-02T00:00:00Z,21.6,119.3,90
2024270N24128,2024,KRATHON,2024-10-02T03:00:00Z,21.7,119.4,NaN
2024270N24128,2024,KRATHON,2024-10-02T06:00:00Z,21.9,119.4,85
2024270N24128,2024,KRATHON,2024-10-02T09:00:00Z,22.0,119.5,NaN
2024270N24128,2024,KRATHON,2024-10-02T12:00:00Z,22.0,119.5,80
2024270N24128,2024,KRATHON,2024-10-02T15:00:00Z,22.1,119.6,NaN
2024270N24128,2024,KRATHON,2024-10-02T18:00:00Z,22.2,119.7,65
2024270N24128,2024,KRATHON,2024-10-02T21:00:00Z,22.3,119.9,NaN
2024270N24128,2024,KRATHON,2024-10-03T00:00:00Z,22.4,120.0,55
2024270N24128,2024,KRATHON,2024-10-03T03:00:00Z,22.5,120.2,NaN
2024270N24128,2024,KRATHON,2024-10-03T06:00:00Z,22.6,120.4,50
2024270N24128,2024,KRATHON,2024-10-03T09:00:00Z,22.7,120.5,NaN
2024270N24128,2024,KRATHON,2024-10-03T12:00:00Z,22.7,120.6,NaN
2024270N24128,2024,KRATHON,2024-10-03T15:00:00Z,22.7,120.7,NaN
2024270N24128,2024,KRATHON,2024-10-03T18:00:00Z,22.7,120.8,NaN
2024278N11150,2024,BARIJAT,2024-10-04T06:00:00Z,10.7,149.5,NaN
2024278N11150,2024,BARIJAT,2024-10-04T09:00:00Z,10.9,149.2,NaN
2024278N11150,2024,BARIJAT,2024-10-04T12:00:00Z,11.2,148.8,NaN
2024278N11150,2024,BARIJAT,2024-10-04T15:00:00Z,11.5,148.4,NaN
2024278N11150,2024,BARIJAT,2024-10-04T18:00:00Z,11.8,148.0,NaN
2024278N11150,2024,BARIJAT,2024-10-04T21:00:00Z,12.2,147.7,NaN
2024278N11150,2024,BARIJAT,2024-10-05T00:00:00Z,12.5,147.4,NaN
2024278N11150,2024,BARIJAT,2024-10-05T03:00:00Z,12.9,147.2,NaN
2024278N11150,2024,BARIJAT,2024-10-05T06:00:00Z,13.3,147.1,NaN
2024278N11150,2024,BARIJAT,2024-10-05T09:00:00Z,13.8,147.0,NaN
2024278N11150,2024,BARIJAT,2024-10-05T12:00:00Z,14.3,146.9,NaN
2024278N11150,2024,BARIJAT,2024-10-05T15:00:00Z,14.9,146.7,NaN
2024278N11150,2024,BARIJAT,2024-10-05T18:00:00Z,15.6,146.4,NaN
2024278N11150,2024,BARIJAT,2024-10-05T21:00:00Z,16.2,146.0,NaN
2024278N11150,2024,BARIJAT,2024-10-06T00:00:00Z,16.7,145.6,NaN
2024278N11150,2024,BARIJAT,2024-10-06T03:00:00Z,17.3,145.4,NaN
2024278N11150,2024,BARIJAT,2024-10-06T06:00:00Z,17.8,145.3,35
2024278N11150,2024,BARIJAT,2024-10-06T09:00:00Z,18.2,145.4,NaN
2024278N11150,2024,BARIJAT,2024-10-06T12:00:00Z,18.6,145.5,35
2024278N11150,2024,BARIJAT,2024-10-06T15:00:00Z,19.1,145.6,NaN
2024278N11150,2024,BARIJAT,2024-10-06T18:00:00Z,19.7,145.7,35
2024278N11150,2024,BARIJAT,2024-10-06T21:00:00Z,20.3,145.8,NaN
2024278N11150,2024,BARIJAT,2024-10-07T00:00:00Z,20.9,146.0,35
2024278N11150,2024,BARIJAT,2024-10-07T03:00:00Z,21.4,146.3,NaN
2024278N11150,2024,BARIJAT,2024-10-07T06:00:00Z,21.9,146.6,35
2024278N11150,2024,BARIJAT,2024-10-07T09:00:00Z,22.5,146.9,NaN
2024278N11150,2024,BARIJAT,2024-10-07T12:00:00Z,23.1,147.2,35
2024278N11150,2024,BARIJAT,2024-10-07T15:00:00Z,23.5,147.3,NaN
2024278N11150,2024,BARIJAT,2024-10-07T18:00:00Z,23.8,147.3,35
2024278N11150,2024,BARIJAT,2024-10-07T21:00:00Z,23.9,147.1,NaN
2024278N11150,2024,BARIJAT,2024-10-08T00:00:00Z,23.9,147.0,35
2024278N11150,2024,BARIJAT,2024-10-08T03:00:00Z,23.9,147.0,NaN
2024278N11150,2024,BARIJAT,2024-10-08T06:00:00Z,24.0,147.0,35
2024278N11150,2024,BARIJAT,2024-10-08T09:00:00Z,23.9,147.1,NaN
2024278N11150,2024,BARIJAT,2024-10-08T12:00:00Z,24.0,147.4,35
2024278N11150,2024,BARIJAT,2024-10-08T15:00:00Z,24.2,147.8,NaN
2024278N11150,2024,BARIJAT,2024-10-08T18:00:00Z,24.6,148.2,35
2024278N11150,2024,BARIJAT,2024-10-08T21:00:00Z,25.2,148.6,NaN
2024278N11150,2024,BARIJAT,2024-10-09T00:00:00Z,25.9,149.0,35
2024278N11150,2024,BARIJAT,2024-10-09T03:00:00Z,26.7,149.3,NaN
2024278N11150,2024,BARIJAT,2024-10-09T06:00:00Z,27.7,149.4,35
2024278N11150,2024,BARIJAT,2024-10-09T09:00:00Z,28.7,149.3,NaN
2024278N11150,2024,BARIJAT,2024-10-09T12:00:00Z,29.8,149.1,35
2024278N11150,2024,BARIJAT,2024-10-09T15:00:00Z,30.7,149.1,NaN
2024278N11150,2024,BARIJAT,2024-10-09T18:00:00Z,31.4,149.3,35
2024278N11150,2024,BARIJAT,2024-10-09T21:00:00Z,32.0,149.7,NaN
2024278N11150,2024,BARIJAT,2024-10-10T00:00:00Z,32.6,150.2,40
2024278N11150,2024,BARIJAT,2024-10-10T03:00:00Z,33.6,150.5,NaN
2024278N11150,2024,BARIJAT,2024-10-10T06:00:00Z,34.8,150.9,40
2024278N11150,2024,BARIJAT,2024-10-10T09:00:00Z,35.6,151.6,NaN
2024278N11150,2024,BARIJAT,2024-10-10T12:00:00Z,36.5,152.5,40
2024278N11150,2024,BARIJAT,2024-10-10T15:00:00Z,37.9,153.4,NaN
2024278N11150,2024,BARIJAT,2024-10-10T18:00:00Z,39.4,154.0,45
2024278N11150,2024,BARIJAT,2024-10-10T21:00:00Z,40.7,154.3,NaN
2024278N11150,2024,BARIJAT,2024-10-11T00:00:00Z,42.0,154.2,NaN
2024278N11150,2024,BARIJAT,2024-10-11T03:00:00Z,43.5,154.1,NaN
2024278N11150,2024,BARIJAT,2024-10-11T06:00:00Z,44.8,153.8,NaN
2024278N11150,2024,BARIJAT,2024-10-11T09:00:00Z,45.6,153.3,NaN
2024278N11150,2024,BARIJAT,2024-10-11T12:00:00Z,46.3,153.0,NaN
2024278N11150,2024,BARIJAT,2024-10-11T15:00:00Z,46.9,153.0,NaN
2024278N11150,2024,BARIJAT,2024-10-11T18:00:00Z,47.5,153.3,NaN
2024278N11150,2024,BARIJAT,2024-10-11T21:00:00Z,48.1,153.7,NaN
2024278N11150,2024,BARIJAT,2024-10-12T00:00:00Z,48.5,154.3,NaN
2024278N11150,2024,BARIJAT,2024-10-12T03:00:00Z,48.8,154.8,NaN
2024278N11150,2024,BARIJAT,2024-10-12T06:00:00Z,48.9,155.6,NaN
2024278N11150,2024,BARIJAT,2024-10-12T09:00:00Z,49.0,156.8,NaN
2024278N11150,2024,BARIJAT,2024-10-12T12:00:00Z,49.2,158.2,NaN
2024278N11150,2024,BARIJAT,2024-10-12T15:00:00Z,49.5,159.6,NaN
2024278N11150,2024,BARIJAT,2024-10-12T18:00:00Z,50.0,161.0,NaN
2024278N11150,2024,BARIJAT,2024-10-12T21:00:00Z,50.3,162.1,NaN
2024278N11150,2024,BARIJAT,2024-10-13T00:00:00Z,50.7,163.0,NaN
2024278N11150,2024,BARIJAT,2024-10-13T03:00:00Z,51.1,163.9,NaN
2024278N11150,2024,BARIJAT,2024-10-13T06:00:00Z,51.6,164.3,NaN
2024278N11150,2024,BARIJAT,2024-10-13T09:00:00Z,52.1,164.0,NaN
2024278N11150,2024,BARIJAT,2024-10-13T12:00:00Z,52.6,163.3,NaN
2024278N11150,2024,BARIJAT,2024-10-13T15:00:00Z,52.9,162.0,NaN
2024278N11150,2024,BARIJAT,2024-10-13T18:00:00Z,53.1,161.0,NaN
2024278N11150,2024,BARIJAT,2024-10-13T21:00:00Z,53.2,161.0,NaN
2024278N11150,2024,BARIJAT,2024-10-14T00:00:00Z,53.2,161.7,NaN
2024278N11150,2024,BARIJAT,2024-10-14T03:00:00Z,52.9,162.5,NaN
2024278N11150,2024,BARIJAT,2024-10-14T06:00:00Z,52.5,163.3,NaN
2024278N11150,2024,BARIJAT,2024-10-14T09:00:00Z,51.9,164.0,NaN
2024278N11150,2024,BARIJAT,2024-10-14T12:00:00Z,51.1,165.1,NaN
2024278N11150,2024,BARIJAT,2024-10-14T15:00:00Z,50.4,166.8,NaN
2024278N11150,2024,BARIJAT,2024-10-14T18:00:00Z,49.6,168.7,NaN
2024278N11150,2024,BARIJAT,2024-10-14T21:00:00Z,48.8,170.3,NaN
2024278N11150,2024,BARIJAT,2024-10-15T00:00:00Z,48.2,172.2,NaN
2024278N11150,2024,BARIJAT,2024-10-15T03:00:00Z,48.1,174.8,NaN
2024278N11150,2024,BARIJAT,2024-10-15T06:00:00Z,48.2,177.4,NaN
2024278N11150,2024,BARIJAT,2024-10-15T09:00:00Z,48.4,179.2,NaN
2024293N13141,2024,TRAMI,2024-10-18T12:00:00Z,13.2,141.0,NaN
2024293N13141,2024,TRAMI,2024-10-18T15:00:00Z,13.4,140.4,NaN
2024293N13141,2024,TRAMI,2024-10-18T18:00:00Z,13.5,139.9,NaN
2024293N13141,2024,TRAMI,2024-10-18T21:00:00Z,13.6,139.5,NaN
2024293N13141,2024,TRAMI,2024-10-19T00:00:00Z,13.7,139.3,NaN
2024293N13141,2024,TRAMI,2024-10-19T03:00:00Z,13.7,139.1,NaN
2024293N13141,2024,TRAMI,2024-10-19T06:00:00Z,13.8,138.9,NaN
2024293N13141,2024,TRAMI,2024-10-19T09:00:00Z,14.0,138.5,NaN
2024293N13141,2024,TRAMI,2024-10-19T12:00:00Z,14.2,138.2,NaN
2024293N13141,2024,TRAMI,2024-10-19T15:00:00Z,14.2,138.1,NaN
2024293N13141,2024,TRAMI,2024-10-19T18:00:00Z,14.2,138.1,NaN
2024293N13141,2024,TRAMI,2024-10-19T21:00:00Z,14.2,137.8,NaN
2024293N13141,2024,TRAMI,2024-10-20T00:00:00Z,14.2,137.5,NaN
2024293N13141,2024,TRAMI,2024-10-20T03:00:00Z,14.2,137.2,NaN
2024293N13141,2024,TRAMI,2024-10-20T06:00:00Z,14.2,136.8,NaN
2024293N13141,2024,TRAMI,2024-10-20T09:00:00Z,14.2,136.0,NaN
2024293N13141,2024,TRAMI,2024-10-20T12:00:00Z,14.1,135.3,NaN
2024293N13141,2024,TRAMI,2024-10-20T15:00:00Z,13.9,134.6,NaN
2024293N13141,2024,TRAMI,2024-10-20T18:00:00Z,13.7,133.7,NaN
2024293N13141,2024,TRAMI,2024-10-20T21:00:00Z,13.7,132.8,NaN
2024293N13141,2024,TRAMI,2024-10-21T00:00:00Z,13.7,131.9,NaN
2024293N13141,2024,TRAMI,2024-10-21T03:00:00Z,13.6,131.1,NaN
2024293N13141,2024,TRAMI,2024-10-21T06:00:00Z,13.5,130.4,NaN
2024293N13141,2024,TRAMI,2024-10-21T09:00:00Z,13.3,129.7,NaN
2024293N13141,2024,TRAMI,2024-10-21T12:00:00Z,13.2,129.1,NaN
2024293N13141,2024,TRAMI,2024-10-21T15:00:00Z,13.2,128.7,NaN
2024293N13141,2024,TRAMI,2024-10-21T18:00:00Z,13.3,128.3,35
2024293N13141,2024,TRAMI,2024-10-21T21:00:00Z,13.4,127.8,NaN
2024293N13141,2024,TRAMI,2024-10-22T00:00:00Z,13.6,127.4,35
2024293N13141,2024,TRAMI,2024-10-22T03:00:00Z,13.8,127.0,NaN
2024293N13141,2024,TRAMI,2024-10-22T06:00:00Z,14.1,126.6,45
2024293N13141,2024,TRAMI,2024-10-22T09:00:00Z,14.3,126.2,NaN
2024293N13141,2024,TRAMI,2024-10-22T12:00:00Z,14.6,125.9,45
2024293N13141,2024,TRAMI,2024-10-22T15:00:00Z,14.9,125.6,NaN
2024293N13141,2024,TRAMI,2024-10-22T18:00:00Z,15.1,125.2,45
2024293N13141,2024,TRAMI,2024-10-22T21:00:00Z,15.4,124.8,NaN
2024293N13141,2024,TRAMI,2024-10-23T00:00:00Z,15.7,124.3,50
2024293N13141,2024,TRAMI,2024-10-23T03:00:00Z,16.0,123.9,NaN
2024293N13141,2024,TRAMI,2024-10-23T06:00:00Z,16.3,123.5,50
2024293N13141,2024,TRAMI,2024-10-23T09:00:00Z,16.6,123.2,NaN
2024293N13141,2024,TRAMI,2024-10-23T12:00:00Z,16.8,122.9,50
2024293N13141,2024,TRAMI,2024-10-23T15:00:00Z,17.1,122.6,NaN
2024293N13141,2024,TRAMI,2024-10-23T18:00:00Z,17.2,122.2,50
2024293N13141,2024,TRAMI,2024-10-23T21:00:00Z,17.1,121.7,NaN
2024293N13141,2024,TRAMI,2024-10-24T00:00:00Z,17.0,121.2,50
2024293N13141,2024,TRAMI,2024-10-24T03:00:00Z,17.0,120.7,NaN
2024293N13141,2024,TRAMI,2024-10-24T06:00:00Z,17.1,120.3,50
2024293N13141,2024,TRAMI,2024-10-24T09:00:00Z,17.0,120.0,NaN
2024293N13141,2024,TRAMI,2024-10-24T12:00:00Z,17.0,119.8,50
2024293N13141,2024,TRAMI,2024-10-24T15:00:00Z,17.0,119.6,NaN
2024293N13141,2024,TRAMI,2024-10-24T18:00:00Z,17.0,119.3,50
2024293N13141,2024,TRAMI,2024-10-24T21:00:00Z,17.0,119.0,NaN
2024293N13141,2024,TRAMI,2024-10-25T00:00:00Z,17.1,118.6,50
2024293N13141,2024,TRAMI,2024-10-25T03:00:00Z,17.4,117.9,NaN
2024293N13141,2024,TRAMI,2024-10-25T06:00:00Z,17.6,117.2,50
2024293N13141,2024,TRAMI,2024-10-25T09:00:00Z,17.5,116.7,NaN
2024293N13141,2024,TRAMI,2024-10-25T12:00:00Z,17.3,116.2,50
2024293N13141,2024,TRAMI,2024-10-25T15:00:00Z,17.2,115.6,NaN
2024293N13141,2024,TRAMI,2024-10-25T18:00:00Z,17.2,114.9,50
2024293N13141,2024,TRAMI,2024-10-25T21:00:00Z,17.1,114.1,NaN
2024293N13141,2024,TRAMI,2024-10-26T00:00:00Z,17.0,113.3,55
2024293N13141,2024,TRAMI,2024-10-26T03:00:00Z,17.0,112.7,NaN
2024293N13141,2024,TRAMI,2024-10-26T06:00:00Z,17.0,112.0,60
2024293N13141,2024,TRAMI,2024-10-26T09:00:00Z,17.0,111.4,NaN
2024293N13141,2024,TRAMI,2024-10-26T12:00:00Z,17.0,110.7,55
2024293N13141,2024,TRAMI,2024-10-26T15:00:00Z,17.0,110.1,NaN
2024293N13141,2024,TRAMI,2024-10-26T18:00:00Z,16.9,109.5,50
2024293N13141,2024,TRAMI,2024-10-26T21:00:00Z,16.8,109.0,NaN
2024293N13141,2024,TRAMI,2024-10-27T00:00:00Z,16.6,108.5,45
2024293N13141,2024,TRAMI,2024-10-27T03:00:00Z,16.3,108.1,NaN
2024293N13141,2024,TRAMI,2024-10-27T06:00:00Z,15.9,107.7,40
2024293N13141,2024,TRAMI,2024-10-27T09:00:00Z,15.6,107.4,NaN
2024293N13141,2024,TRAMI,2024-10-27T12:00:00Z,15.4,107.3,35
2024293N13141,2024,TRAMI,2024-10-27T15:00:00Z,15.4,107.5,NaN
2024293N13141,2024,TRAMI,2024-10-27T18:00:00Z,15.4,107.8,NaN
2024293N13141,2024,TRAMI,2024-10-27T21:00:00Z,15.5,107.9,NaN
2024293N13141,2024,TRAMI,2024-10-28T00:00:00Z,15.6,108.0,NaN
2024293N13141,2024,TRAMI,2024-10-28T03:00:00Z,15.7,108.0,NaN
2024293N13141,2024,TRAMI,2024-10-28T06:00:00Z,15.8,108.1,NaN
2024293N13141,2024,TRAMI,2024-10-28T09:00:00Z,16.0,108.2,NaN
2024293N13141,2024,TRAMI,2024-10-28T12:00:00Z,16.2,108.4,NaN
2024293N13141,2024,TRAMI,2024-10-28T15:00:00Z,16.4,108.5,NaN
2024293N13141,2024,TRAMI,2024-10-28T18:00:00Z,16.5,108.7,NaN
2024293N13141,2024,TRAMI,2024-10-28T21:00:00Z,16.5,108.8,NaN
2024293N13141,2024,TRAMI,2024-10-29T00:00:00Z,16.5,109.0,NaN
2024293N13141,2024,TRAMI,2024-10-29T03:00:00Z,16.5,109.1,NaN
2024293N13141,2024,TRAMI,2024-10-29T06:00:00Z,16.5,109.3,NaN
2024293N13141,2024,TRAMI,2024-10-29T09:00:00Z,16.6,109.4,NaN
2024293N13141,2024,TRAMI,2024-10-29T12:00:00Z,16.7,109.5,NaN
2024298N13150,2024,KONG-REY,2024-10-24T00:00:00Z,12.7,149.8,NaN
2024298N13150,2024,KONG-REY,2024-10-24T03:00:00Z,12.9,149.0,NaN
2024298N13150,2024,KONG-REY,2024-10-24T06:00:00Z,13.1,148.3,NaN
2024298N13150,2024,KONG-REY,2024-10-24T09:00:00Z,13.2,147.6,NaN
2024298N13150,2024,KONG-REY,2024-10-24T12:00:00Z,13.3,146.9,NaN
2024298N13150,2024,KONG-REY,2024-10-24T15:00:00Z,13.4,146.3,NaN
2024298N13150,2024,KONG-REY,2024-10-24T18:00:00Z,13.5,145.9,35
2024298N13150,2024,KONG-REY,2024-10-24T21:00:00Z,13.7,145.5,NaN
2024298N13150,2024,KONG-REY,2024-10-25T00:00:00Z,14.0,145.0,35
2024298N13150,2024,KONG-REY,2024-10-25T03:00:00Z,14.4,144.1,NaN
2024298N13150,2024,KONG-REY,2024-10-25T06:00:00Z,14.8,143.1,35
2024298N13150,2024,KONG-REY,2024-10-25T09:00:00Z,15.0,142.1,NaN
2024298N13150,2024,KONG-REY,2024-10-25T12:00:00Z,15.3,141.2,35
2024298N13150,2024,KONG-REY,2024-10-25T15:00:00Z,15.9,140.4,NaN
2024298N13150,2024,KONG-REY,2024-10-25T18:00:00Z,16.3,139.6,35
2024298N13150,2024,KONG-REY,2024-10-25T21:00:00Z,16.4,138.5,NaN
2024298N13150,2024,KONG-REY,2024-10-26T00:00:00Z,16.4,137.5,35
2024298N13150,2024,KONG-REY,2024-10-26T03:00:00Z,16.5,136.7,NaN
2024298N13150,2024,KONG-REY,2024-10-26T06:00:00Z,16.5,136.2,35
2024298N13150,2024,KONG-REY,2024-10-26T09:00:00Z,16.5,135.6,NaN
2024298N13150,2024,KONG-REY,2024-10-26T12:00:00Z,16.5,135.0,35
2024298N13150,2024,KONG-REY,2024-10-26T15:00:00Z,16.5,134.2,NaN
2024298N13150,2024,KONG-REY,2024-10-26T18:00:00Z,16.5,133.6,40
2024298N13150,2024,KONG-REY,2024-10-26T21:00:00Z,16.5,133.1,NaN
2024298N13150,2024,KONG-REY,2024-10-27T00:00:00Z,16.5,132.8,40
2024298N13150,2024,KONG-REY,2024-10-27T03:00:00Z,16.5,132.4,NaN
2024298N13150,2024,KONG-REY,2024-10-27T06:00:00Z,16.5,132.1,45
2024298N13150,2024,KONG-REY,2024-10-27T09:00:00Z,16.4,131.7,NaN
2024298N13150,2024,KONG-REY,2024-10-27T12:00:00Z,16.4,131.3,50
2024298N13150,2024,KONG-REY,2024-10-27T15:00:00Z,16.5,130.9,NaN
2024298N13150,2024,KONG-REY,2024-10-27T18:00:00Z,16.6,130.4,50
2024298N13150,2024,KONG-REY,2024-10-27T21:00:00Z,16.6,129.9,NaN
2024298N13150,2024,KONG-REY,2024-10-28T00:00:00Z,16.6,129.5,55
2024298N13150,2024,KONG-REY,2024-10-28T03:00:00Z,16.6,129.2,NaN
2024298N13150,2024,KONG-REY,2024-10-28T06:00:00Z,16.5,128.9,60
2024298N13150,2024,KONG-REY,2024-10-28T09:00:00Z,16.6,128.6,NaN
2024298N13150,2024,KONG-REY,2024-10-28T12:00:00Z,16.7,128.4,60
2024298N13150,2024,KONG-REY,2024-10-28T15:00:00Z,16.9,128.2,NaN
2024298N13150,2024,KONG-REY,2024-10-28T18:00:00Z,17.1,128.0,65
2024298N13150,2024,KONG-REY,2024-10-28T21:00:00Z,17.3,127.6,NaN
2024298N13150,2024,KONG-REY,2024-10-29T00:00:00Z,17.5,127.3,75
2024298N13150,2024,KONG-REY,2024-10-29T03:00:00Z,17.6,126.9,NaN
2024298N13150,2024,KONG-REY,2024-10-29T06:00:00Z,17.9,126.6,80
2024298N13150,2024,KONG-REY,2024-10-29T09:00:00Z,18.2,126.3,NaN
2024298N13150,2024,KONG-REY,2024-10-29T12:00:00Z,18.5,126.0,85
2024298N13150,2024,KONG-REY,2024-10-29T15:00:00Z,18.7,125.7,NaN
2024298N13150,2024,KONG-REY,2024-10-29T18:00:00Z,18.8,125.4,90
2024298N13150,2024,KONG-REY,2024-10-29T21:00:00Z,19.0,125.1,NaN
2024298N13150,2024,KONG-REY,2024-10-30T00:00:00Z,19.1,124.9,100
2024298N13150,2024,KONG-REY,2024-10-30T03:00:00Z,19.4,124.6,NaN
2024298N13150,2024,KONG-REY,2024-10-30T06:00:00Z,19.8,124.3,95
2024298N13150,2024,KONG-REY,2024-10-30T09:00:00Z,20.1,124.0,NaN
2024298N13150,2024,KONG-REY,2024-10-30T12:00:00Z,20.4,123.6,90
2024298N13150,2024,KONG-REY,2024-10-30T15:00:00Z,20.7,123.2,NaN
2024298N13150,2024,KONG-REY,2024-10-30T18:00:00Z,21.0,122.8,90
2024298N13150,2024,KONG-REY,2024-10-30T21:00:00Z,21.4,122.5,90
2024298N13150,2024,KONG-REY,2024-10-31T00:00:00Z,21.9,122.2,85
2024298N13150,2024,KONG-REY,2024-10-31T03:00:00Z,22.4,121.7,85
2024298N13150,2024,KONG-REY,2024-10-31T06:00:00Z,23.1,121.3,75
2024298N13150,2024,KONG-REY,2024-10-31T09:00:00Z,23.6,120.6,NaN
2024298N13150,2024,KONG-REY,2024-10-31T12:00:00Z,24.1,120.1,55
2024298N13150,2024,KONG-REY,2024-10-31T15:00:00Z,24.5,120.0,NaN
2024298N13150,2024,KONG-REY,2024-10-31T18:00:00Z,25.0,120.0,45
2024298N13150,2024,KONG-REY,2024-10-31T21:00:00Z,25.8,120.3,NaN
2024298N13150,2024,KONG-REY,2024-11-01T00:00:00Z,26.6,120.6,40
2024298N13150,2024,KONG-REY,2024-11-01T03:00:00Z,27.4,121.0,NaN
2024298N13150,2024,KONG-REY,2024-11-01T06:00:00Z,28.3,121.6,40
2024298N13150,2024,KONG-REY,2024-11-01T09:00:00Z,29.3,122.3,NaN
2024298N13150,2024,KONG-REY,2024-11-01T12:00:00Z,30.3,123.2,NaN
2024298N13150,2024,KONG-REY,2024-11-01T15:00:00Z,31.1,124.6,NaN
2024298N13150,2024,KONG-REY,2024-11-01T18:00:00Z,31.8,126.3,NaN
2024298N13150,2024,KONG-REY,2024-11-01T21:00:00Z,32.2,127.9,NaN
2024298N13150,2024,KONG-REY,2024-11-02T00:00:00Z,32.7,130.4,NaN
2024298N13150,2024,KONG-REY,2024-11-02T03:00:00Z,34.0,133.9,NaN
2024298N13150,2024,KONG-REY,2024-11-02T06:00:00Z,34.7,136.8,NaN
2024298N13150,2024,KONG-REY,2024-11-02T09:00:00Z,34.9,138.9,NaN
2024298N13150,2024,KONG-REY,2024-11-02T12:00:00Z,34.7,140.5,NaN
2024307N06143,2024,YINXING,2024-11-02T06:00:00Z,6.0,143.2,NaN
2024307N06143,2024,YINXING,2024-11-02T09:00:00Z,6.4,142.7,NaN
2024307N06143,2024,YINXING,2024-11-02T12:00:00Z,6.8,142.1,NaN
2024307N06143,2024,YINXING,2024-11-02T15:00:00Z,7.2,141.2,NaN
2024307N06143,2024,YINXING,2024-11-02T18:00:00Z,7.7,140.2,NaN
2024307N06143,2024,YINXING,2024-11-02T21:00:00Z,8.1,139.4,NaN
2024307N06143,2024,YINXING,2024-11-03T00:00:00Z,8.6,138.9,NaN
2024307N06143,2024,YINXING,2024-11-03T03:00:00Z,9.1,138.5,NaN
2024307N06143,2024,YINXING,2024-11-03T06:00:00Z,9.7,138.0,NaN
2024307N06143,2024,YINXING,2024-11-03T09:00:00Z,10.3,137.2,NaN
2024307N06143,2024,YINXING,2024-11-03T12:00:00Z,10.8,136.2,35
2024307N06143,2024,YINXING,2024-11-03T15:00:00Z,11.1,135.4,NaN
2024307N06143,2024,YINXING,2024-11-03T18:00:00Z,11.4,134.7,40
2024307N06143,2024,YINXING,2024-11-03T21:00:00Z,11.7,133.8,NaN
2024307N06143,2024,YINXING,2024-11-04T00:00:00Z,12.1,133.0,40
2024307N06143,2024,YINXING,2024-11-04T03:00:00Z,12.5,132.2,NaN
2024307N06143,2024,YINXING,2024-11-04T06:00:00Z,13.0,131.5,45
2024307N06143,2024,YINXING,2024-11-04T09:00:00Z,13.6,130.8,NaN
2024307N06143,2024,YINXING,2024-11-04T12:00:00Z,14.2,130.2,55
2024307N06143,2024,YINXING,2024-11-04T15:00:00Z,14.8,129.5,NaN
2024307N06143,2024,YINXING,2024-11-04T18:00:00Z,15.3,128.9,65
2024307N06143,2024,YINXING,2024-11-04T21:00:00Z,15.7,128.2,NaN
2024307N06143,2024,YINXING,2024-11-05T00:00:00Z,16.1,127.5,75
2024307N06143,2024,YINXING,2024-11-05T03:00:00Z,16.5,127.0,NaN
2024307N06143,2024,YINXING,2024-11-05T06:00:00Z,16.9,126.5,75
2024307N06143,2024,YINXING,2024-11-05T09:00:00Z,17.1,126.1,NaN
2024307N06143,2024,YINXING,2024-11-05T12:00:00Z,17.3,125.7,80
2024307N06143,2024,YINXING,2024-11-05T15:00:00Z,17.6,125.4,NaN
2024307N06143,2024,YINXING,2024-11-05T18:00:00Z,17.8,125.1,80
2024307N06143,2024,YINXING,2024-11-05T21:00:00Z,17.9,124.9,NaN
2024307N06143,2024,YINXING,2024-11-06T00:00:00Z,18.0,124.7,80
2024307N06143,2024,YINXING,2024-11-06T03:00:00Z,18.0,124.5,NaN
2024307N06143,2024,YINXING,2024-11-06T06:00:00Z,18.1,124.4,85
2024307N06143,2024,YINXING,2024-11-06T09:00:00Z,18.1,124.2,NaN
2024307N06143,2024,YINXING,2024-11-06T12:00:00Z,18.2,124.0,90
2024307N06143,2024,YINXING,2024-11-06T15:00:00Z,18.2,123.8,NaN
2024307N06143,2024,YINXING,2024-11-06T18:00:00Z,18.3,123.6,95
2024307N06143,2024,YINXING,2024-11-06T21:00:00Z,18.4,123.4,NaN
2024307N06143,2024,YINXING,2024-11-07T00:00:00Z,18.5,123.1,95
2024307N06143,2024,YINXING,2024-11-07T03:00:00Z,18.5,122.7,NaN
2024307N06143,2024,YINXING,2024-11-07T06:00:00Z,18.5,122.4,100
2024307N06143,2024,YINXING,2024-11-07T09:00:00Z,18.6,122.0,NaN
2024307N06143,2024,YINXING,2024-11-07T12:00:00Z,18.6,121.5,85
2024307N06143,2024,YINXING,2024-11-07T15:00:00Z,18.6,121.0,NaN
2024307N06143,2024,YINXING,2024-11-07T18:00:00Z,18.5,120.4,80
2024307N06143,2024,YINXING,2024-11-07T21:00:00Z,18.4,119.9,NaN
2024307N06143,2024,YINXING,2024-11-08T00:00:00Z,18.3,119.4,70
2024307N06143,2024,YINXING,2024-11-08T03:00:00Z,18.3,118.8,NaN
2024307N06143,2024,YINXING,2024-11-08T06:00:00Z,18.4,118.1,70
2024307N06143,2024,YINXING,2024-11-08T09:00:00Z,18.4,117.5,NaN
2024307N06143,2024,YINXING,2024-11-08T12:00:00Z,18.4,116.9,75
2024307N06143,2024,YINXING,2024-11-08T15:00:00Z,18.5,116.4,NaN
2024307N06143,2024,YINXING,2024-11-08T18:00:00Z,18.6,115.8,80
2024307N06143,2024,YINXING,2024-11-08T21:00:00Z,18.7,115.4,NaN
2024307N06143,2024,YINXING,2024-11-09T00:00:00Z,18.8,114.9,85
2024307N06143,2024,YINXING,2024-11-09T03:00:00Z,18.9,114.5,NaN
2024307N06143,2024,YINXING,2024-11-09T06:00:00Z,19.0,114.1,85
2024307N06143,2024,YINXING,2024-11-09T09:00:00Z,19.0,113.9,NaN
2024307N06143,2024,YINXING,2024-11-09T12:00:00Z,19.1,113.7,85
2024307N06143,2024,YINXING,2024-11-09T15:00:00Z,19.1,113.5,NaN
2024307N06143,2024,YINXING,2024-11-09T18:00:00Z,19.1,113.3,85
2024307N06143,2024,YINXING,2024-11-09T21:00:00Z,19.1,113.3,NaN
2024307N06143,2024,YINXING,2024-11-10T00:00:00Z,19.0,113.2,75
2024307N06143,2024,YINXING,2024-11-10T03:00:00Z,18.9,113.1,NaN
2024307N06143,2024,YINXING,2024-11-10T06:00:00Z,18.9,113.0,70
2024307N06143,2024,YINXING,2024-11-10T09:00:00Z,18.8,112.9,NaN
2024307N06143,2024,YINXING,2024-11-10T12:00:00Z,18.6,112.7,60
2024307N06143,2024,YINXING,2024-11-10T15:00:00Z,18.2,112.4,NaN
2024307N06143,2024,YINXING,2024-11-10T18:00:00Z,17.8,112.1,50
2024307N06143,2024,YINXING,2024-11-10T21:00:00Z,17.5,111.8,NaN
2024307N06143,2024,YINXING,2024-11-11T00:00:00Z,17.1,111.4,50
2024307N06143,2024,YINXING,2024-11-11T03:00:00Z,16.8,111.1,NaN
2024307N06143,2024,YINXING,2024-11-11T06:00:00Z,16.4,110.8,50
2024307N06143,2024,YINXING,2024-11-11T09:00:00Z,16.0,110.6,NaN
2024307N06143,2024,YINXING,2024-11-11T12:00:00Z,15.7,110.4,40
2024307N06143,2024,YINXING,2024-11-11T15:00:00Z,15.3,110.2,NaN
2024307N06143,2024,YINXING,2024-11-11T18:00:00Z,15.0,110.0,35
2024307N06143,2024,YINXING,2024-11-11T21:00:00Z,14.7,109.8,NaN
2024307N06143,2024,YINXING,2024-11-12T00:00:00Z,14.4,109.6,35
2024307N06143,2024,YINXING,2024-11-12T03:00:00Z,14.2,109.5,NaN
2024307N06143,2024,YINXING,2024-11-12T06:00:00Z,14.1,109.3,NaN
2024307N06143,2024,YINXING,2024-11-12T09:00:00Z,14.0,108.9,NaN
2024307N06143,2024,YINXING,2024-11-12T12:00:00Z,14.0,108.4,NaN
2024307N06143,2024,YINXING,2024-11-12T15:00:00Z,13.8,108.0,NaN
2024307N06143,2024,YINXING,2024-11-12T18:00:00Z,13.7,107.6,NaN
2024307N06143,2024,YINXING,2024-11-12T21:00:00Z,13.5,106.9,NaN
2024307N06143,2024,YINXING,2024-11-13T00:00:00Z,13.6,106.0,NaN
2024307N06143,2024,YINXING,2024-11-13T03:00:00Z,13.7,105.2,NaN
2024307N06143,2024,YINXING,2024-11-13T06:00:00Z,13.8,104.4,NaN
2024312N14145,2024,TORAJI,2024-11-07T06:00:00Z,13.9,144.6,NaN
2024312N14145,2024,TORAJI,2024-11-07T09:00:00Z,14.1,143.8,NaN
2024312N14145,2024,TORAJI,2024-11-07T12:00:00Z,14.3,143.0,NaN
2024312N14145,2024,TORAJI,2024-11-07T15:00:00Z,14.6,142.2,NaN
2024312N14145,2024,TORAJI,2024-11-07T18:00:00Z,14.8,141.3,NaN
2024312N14145,2024,TORAJI,2024-11-07T21:00:00Z,14.9,140.1,NaN
2024312N14145,2024,TORAJI,2024-11-08T00:00:00Z,14.8,139.0,NaN
2024312N14145,2024,TORAJI,2024-11-08T03:00:00Z,14.6,138.2,NaN
2024312N14145,2024,TORAJI,2024-11-08T06:00:00Z,14.5,137.6,NaN
2024312N14145,2024,TORAJI,2024-11-08T09:00:00Z,14.5,136.9,NaN
2024312N14145,2024,TORAJI,2024-11-08T12:00:00Z,14.5,136.2,NaN
2024312N14145,2024,TORAJI,2024-11-08T15:00:00Z,14.5,135.4,NaN
2024312N14145,2024,TORAJI,2024-11-08T18:00:00Z,14.5,134.7,NaN
2024312N14145,2024,TORAJI,2024-11-08T21:00:00Z,14.5,134.0,NaN
2024312N14145,2024,TORAJI,2024-11-09T00:00:00Z,14.4,133.2,NaN
2024312N14145,2024,TORAJI,2024-11-09T03:00:00Z,14.4,132.3,NaN
2024312N14145,2024,TORAJI,2024-11-09T06:00:00Z,14.5,131.5,35
2024312N14145,2024,TORAJI,2024-11-09T09:00:00Z,14.6,130.8,NaN
2024312N14145,2024,TORAJI,2024-11-09T12:00:00Z,14.7,130.2,40
2024312N14145,2024,TORAJI,2024-11-09T15:00:00Z,14.9,129.3,NaN
2024312N14145,2024,TORAJI,2024-11-09T18:00:00Z,15.0,128.4,45
2024312N14145,2024,TORAJI,2024-11-09T21:00:00Z,15.1,127.6,NaN
2024312N14145,2024,TORAJI,2024-11-10T00:00:00Z,15.1,126.9,50
2024312N14145,2024,TORAJI,2024-11-10T03:00:00Z,15.2,126.2,NaN
2024312N14145,2024,TORAJI,2024-11-10T06:00:00Z,15.2,125.5,60
2024312N14145,2024,TORAJI,2024-11-10T09:00:00Z,15.4,124.9,NaN
2024312N14145,2024,TORAJI,2024-11-10T12:00:00Z,15.5,124.4,65
2024312N14145,2024,TORAJI,2024-11-10T15:00:00Z,15.7,123.8,NaN
2024312N14145,2024,TORAJI,2024-11-10T18:00:00Z,15.9,123.2,70
2024312N14145,2024,TORAJI,2024-11-10T21:00:00Z,16.1,122.8,NaN
2024312N14145,2024,TORAJI,2024-11-11T00:00:00Z,16.3,122.3,70
2024312N14145,2024,TORAJI,2024-11-11T03:00:00Z,16.6,121.7,NaN
2024312N14145,2024,TORAJI,2024-11-11T06:00:00Z,17.0,121.1,55
2024312N14145,2024,TORAJI,2024-11-11T09:00:00Z,17.4,120.5,NaN
2024312N14145,2024,TORAJI,2024-11-11T12:00:00Z,17.8,119.9,50
2024312N14145,2024,TORAJI,2024-11-11T15:00:00Z,18.0,119.5,NaN
2024312N14145,2024,TORAJI,2024-11-11T18:00:00Z,18.3,119.1,50
2024312N14145,2024,TORAJI,2024-11-11T21:00:00Z,18.5,118.8,NaN
2024312N14145,2024,TORAJI,2024-11-12T00:00:00Z,18.6,118.6,50
2024312N14145,2024,TORAJI,2024-11-12T03:00:00Z,18.9,118.4,NaN
2024312N14145,2024,TORAJI,2024-11-12T06:00:00Z,19.1,118.1,45
2024312N14145,2024,TORAJI,2024-11-12T09:00:00Z,19.4,117.8,NaN
2024312N14145,2024,TORAJI,2024-11-12T12:00:00Z,19.6,117.6,45
2024312N14145,2024,TORAJI,2024-11-12T15:00:00Z,19.8,117.3,NaN
2024312N14145,2024,TORAJI,2024-11-12T18:00:00Z,19.9,117.0,45
2024312N14145,2024,TORAJI,2024-11-12T21:00:00Z,20.1,116.6,NaN
2024312N14145,2024,TORAJI,2024-11-13T00:00:00Z,20.2,116.3,40
2024312N14145,2024,TORAJI,2024-11-13T03:00:00Z,20.4,115.9,NaN
2024312N14145,2024,TORAJI,2024-11-13T04:00:00Z,20.5,115.7,NaN
2024312N14145,2024,TORAJI,2024-11-13T05:00:00Z,20.6,115.6,NaN
2024312N14145,2024,TORAJI,2024-11-13T06:00:00Z,20.6,115.5,40
2024312N14145,2024,TORAJI,2024-11-13T07:00:00Z,20.7,115.4,NaN
2024312N14145,2024,TORAJI,2024-11-13T08:00:00Z,20.7,115.3,NaN
2024312N14145,2024,TORAJI,2024-11-13T09:00:00Z,20.8,115.2,NaN
2024312N14145,2024,TORAJI,2024-11-13T10:00:00Z,20.8,115.1,NaN
2024312N14145,2024,TORAJI,2024-11-13T11:00:00Z,20.9,115.1,NaN
2024312N14145,2024,TORAJI,2024-11-13T12:00:00Z,20.9,115.0,40
2024312N14145,2024,TORAJI,2024-11-13T13:00:00Z,20.9,114.9,NaN
2024312N14145,2024,TORAJI,2024-11-13T14:00:00Z,21.0,114.8,NaN
2024312N14145,2024,TORAJI,2024-11-13T15:00:00Z,21.0,114.7,NaN
2024312N14145,2024,TORAJI,2024-11-13T16:00:00Z,21.0,114.7,NaN
2024312N14145,2024,TORAJI,2024-11-13T17:00:00Z,21.0,114.6,NaN
2024312N14145,2024,TORAJI,2024-11-13T18:00:00Z,21.1,114.5,40
2024312N14145,2024,TORAJI,2024-11-13T19:00:00Z,21.1,114.4,NaN
2024312N14145,2024,TORAJI,2024-11-13T20:00:00Z,21.1,114.4,NaN
2024312N14145,2024,TORAJI,2024-11-13T21:00:00Z,21.1,114.3,NaN
2024312N14145,2024,TORAJI,2024-11-13T22:00:00Z,21.1,114.2,NaN
2024312N14145,2024,TORAJI,2024-11-13T23:00:00Z,21.1,114.2,NaN
2024312N14145,2024,TORAJI,2024-11-14T00:00:00Z,21.1,114.1,35
2024312N14145,2024,TORAJI,2024-11-14T01:00:00Z,21.1,114.1,NaN
2024312N14145,2024,TORAJI,2024-11-14T02:00:00Z,21.1,114.0,NaN
2024312N14145,2024,TORAJI,2024-11-14T03:00:00Z,21.2,114.0,NaN
2024312N14145,2024,TORAJI,2024-11-14T04:00:00Z,21.2,113.9,NaN
2024312N14145,2024,TORAJI,2024-11-14T05:00:00Z,21.2,113.9,NaN
2024312N14145,2024,TORAJI,2024-11-14T06:00:00Z,21.2,113.9,35
2024312N14145,2024,TORAJI,2024-11-14T07:00:00Z,21.2,113.8,NaN
2024312N14145,2024,TORAJI,2024-11-14T08:00:00Z,21.2,113.7,NaN
2024312N14145,2024,TORAJI,2024-11-14T09:00:00Z,21.2,113.7,NaN
2024312N14145,2024,TORAJI,2024-11-14T10:00:00Z,21.2,113.6,NaN
2024312N14145,2024,TORAJI,2024-11-14T11:00:00Z,21.2,113.6,NaN
2024312N14145,2024,TORAJI,2024-11-14T12:00:00Z,21.2,113.5,NaN
2024312N14145,2024,TORAJI,2024-11-14T13:00:00Z,21.2,113.5,NaN
2024312N14145,2024,TORAJI,2024-11-14T14:00:00Z,21.2,113.4,NaN
2024312N14145,2024,TORAJI,2024-11-14T15:00:00Z,21.1,113.4,NaN
2024312N14145,2024,TORAJI,2024-11-14T16:00:00Z,21.1,113.3,NaN
2024312N14145,2024,TORAJI,2024-11-14T17:00:00Z,21.1,113.3,NaN
2024312N14145,2024,TORAJI,2024-11-14T18:00:00Z,21.1,113.2,NaN
2024312N14145,2024,TORAJI,2024-11-14T21:00:00Z,21.0,113.0,NaN
2024312N14145,2024,TORAJI,2024-11-15T00:00:00Z,20.9,113.0,NaN
2024312N14145,2024,TORAJI,2024-11-15T03:00:00Z,20.8,113.1,NaN
2024312N14145,2024,TORAJI,2024-11-15T06:00:00Z,20.6,113.3,NaN
2024312N14145,2024,TORAJI,2024-11-15T09:00:00Z,20.4,113.5,NaN
2024312N14145,2024,TORAJI,2024-11-15T12:00:00Z,20.3,113.7,NaN
2024313N10169,2024,MAN-YI,2024-11-07T18:00:00Z,10.3,168.5,NaN
2024313N10169,2024,MAN-YI,2024-11-07T21:00:00Z,10.6,167.4,NaN
2024313N10169,2024,MAN-YI,2024-11-08T00:00:00Z,10.8,166.4,NaN
2024313N10169,2024,MAN-YI,2024-11-08T03:00:00Z,11.2,165.7,NaN
2024313N10169,2024,MAN-YI,2024-11-08T06:00:00Z,11.5,165.0,NaN
2024313N10169,2024,MAN-YI,2024-11-08T09:00:00Z,11.9,164.2,NaN
2024313N10169,2024,MAN-YI,2024-11-08T12:00:00Z,12.1,163.5,NaN
2024313N10169,2024,MAN-YI,2024-11-08T15:00:00Z,12.3,162.6,NaN
2024313N10169,2024,MAN-YI,2024-11-08T18:00:00Z,12.6,161.8,35
2024313N10169,2024,MAN-YI,2024-11-08T21:00:00Z,13.1,161.0,NaN
2024313N10169,2024,MAN-YI,2024-11-09T00:00:00Z,13.7,160.2,35
2024313N10169,2024,MAN-YI,2024-11-09T03:00:00Z,14.2,159.6,NaN
2024313N10169,2024,MAN-YI,2024-11-09T06:00:00Z,14.6,159.1,35
2024313N10169,2024,MAN-YI,2024-11-09T09:00:00Z,14.9,158.6,NaN
2024313N10169,2024,MAN-YI,2024-11-09T12:00:00Z,15.2,158.2,40
2024313N10169,2024,MAN-YI,2024-11-09T15:00:00Z,15.5,157.7,NaN
2024313N10169,2024,MAN-YI,2024-11-09T18:00:00Z,15.7,157.1,45
2024313N10169,2024,MAN-YI,2024-11-09T21:00:00Z,15.8,156.6,NaN
2024313N10169,2024,MAN-YI,2024-11-10T00:00:00Z,15.8,156.1,45
2024313N10169,2024,MAN-YI,2024-11-10T03:00:00Z,15.8,155.8,NaN
2024313N10169,2024,MAN-YI,2024-11-10T06:00:00Z,15.7,155.6,45
2024313N10169,2024,MAN-YI,2024-11-10T09:00:00Z,15.7,155.3,NaN
2024313N10169,2024,MAN-YI,2024-11-10T12:00:00Z,15.7,154.9,45
2024313N10169,2024,MAN-YI,2024-11-10T15:00:00Z,15.6,154.5,NaN
2024313N10169,2024,MAN-YI,2024-11-10T18:00:00Z,15.4,154.0,45
2024313N10169,2024,MAN-YI,2024-11-10T21:00:00Z,15.2,153.5,NaN
2024313N10169,2024,MAN-YI,2024-11-11T00:00:00Z,15.0,153.0,45
2024313N10169,2024,MAN-YI,2024-11-11T03:00:00Z,14.8,152.7,NaN
2024313N10169,2024,MAN-YI,2024-11-11T06:00:00Z,14.6,152.5,45
2024313N10169,2024,MAN-YI,2024-11-11T09:00:00Z,14.4,152.2,NaN
2024313N10169,2024,MAN-YI,2024-11-11T12:00:00Z,14.3,151.8,45
2024313N10169,2024,MAN-YI,2024-11-11T15:00:00Z,14.2,151.2,NaN
2024313N10169,2024,MAN-YI,2024-11-11T18:00:00Z,14.1,150.5,45
2024313N10169,2024,MAN-YI,2024-11-11T21:00:00Z,14.1,149.8,NaN
2024313N10169,2024,MAN-YI,2024-11-12T00:00:00Z,14.1,149.0,45
2024313N10169,2024,MAN-YI,2024-11-12T03:00:00Z,14.2,148.2,NaN
2024313N10169,2024,MAN-YI,2024-11-12T06:00:00Z,14.2,147.5,40
2024313N10169,2024,MAN-YI,2024-11-12T09:00:00Z,14.1,146.9,NaN
2024313N10169,2024,MAN-YI,2024-11-12T12:00:00Z,13.9,146.3,40
2024313N10169,2024,MAN-YI,2024-11-12T15:00:00Z,13.6,145.7,NaN
2024313N10169,2024,MAN-YI,2024-11-12T18:00:00Z,13.2,145.1,40
2024313N10169,2024,MAN-YI,2024-11-12T21:00:00Z,12.8,144.6,NaN
2024313N10169,2024,MAN-YI,2024-11-13T00:00:00Z,12.4,144.1,40
2024313N10169,2024,MAN-YI,2024-11-13T03:00:00Z,12.3,143.6,NaN
2024313N10169,2024,MAN-YI,2024-11-13T06:00:00Z,12.2,143.0,40
2024313N10169,2024,MAN-YI,2024-11-13T09:00:00Z,12.1,142.2,NaN
2024313N10169,2024,MAN-YI,2024-11-13T12:00:00Z,12.0,141.2,40
2024313N10169,2024,MAN-YI,2024-11-13T15:00:00Z,11.6,140.4,NaN
2024313N10169,2024,MAN-YI,2024-11-13T18:00:00Z,11.2,139.5,45
2024313N10169,2024,MAN-YI,2024-11-13T21:00:00Z,10.9,138.8,NaN
2024313N10169,2024,MAN-YI,2024-11-14T00:00:00Z,10.7,138.1,55
2024313N10169,2024,MAN-YI,2024-11-14T03:00:00Z,10.5,137.5,NaN
2024313N10169,2024,MAN-YI,2024-11-14T06:00:00Z,10.4,136.9,55
2024313N10169,2024,MAN-YI,2024-11-14T09:00:00Z,10.3,136.0,NaN
2024313N10169,2024,MAN-YI,2024-11-14T12:00:00Z,10.4,135.1,55
2024313N10169,2024,MAN-YI,2024-11-14T15:00:00Z,10.4,134.3,NaN
2024313N10169,2024,MAN-YI,2024-11-14T18:00:00Z,10.4,133.5,60
2024313N10169,2024,MAN-YI,2024-11-14T21:00:00Z,10.4,132.7,NaN
2024313N10169,2024,MAN-YI,2024-11-15T00:00:00Z,10.5,131.9,70
2024313N10169,2024,MAN-YI,2024-11-15T03:00:00Z,10.7,131.1,NaN
2024313N10169,2024,MAN-YI,2024-11-15T06:00:00Z,10.9,130.4,80
2024313N10169,2024,MAN-YI,2024-11-15T09:00:00Z,11.1,129.7,NaN
2024313N10169,2024,MAN-YI,2024-11-15T12:00:00Z,11.4,129.0,85
2024313N10169,2024,MAN-YI,2024-11-15T15:00:00Z,11.7,128.4,NaN
2024313N10169,2024,MAN-YI,2024-11-15T18:00:00Z,12.0,127.8,95
2024313N10169,2024,MAN-YI,2024-11-15T21:00:00Z,12.3,127.2,NaN
2024313N10169,2024,MAN-YI,2024-11-16T00:00:00Z,12.6,126.7,105
2024313N10169,2024,MAN-YI,2024-11-16T03:00:00Z,12.9,126.1,NaN
2024313N10169,2024,MAN-YI,2024-11-16T06:00:00Z,13.2,125.6,105
2024313N10169,2024,MAN-YI,2024-11-16T09:00:00Z,13.6,125.1,NaN
2024313N10169,2024,MAN-YI,2024-11-16T12:00:00Z,13.9,124.6,105
2024313N10169,2024,MAN-YI,2024-11-16T15:00:00Z,14.1,124.2,NaN
2024313N10169,2024,MAN-YI,2024-11-16T18:00:00Z,14.3,123.8,100
2024313N10169,2024,MAN-YI,2024-11-16T21:00:00Z,14.6,123.4,NaN
2024313N10169,2024,MAN-YI,2024-11-17T00:00:00Z,15.0,122.9,100
2024313N10169,2024,MAN-YI,2024-11-17T03:00:00Z,15.4,122.4,NaN
2024313N10169,2024,MAN-YI,2024-11-17T06:00:00Z,15.8,121.9,100
2024313N10169,2024,MAN-YI,2024-11-17T09:00:00Z,16.1,121.3,NaN
2024313N10169,2024,MAN-YI,2024-11-17T12:00:00Z,16.5,120.7,85
2024313N10169,2024,MAN-YI,2024-11-17T15:00:00Z,17.1,120.0,NaN
2024313N10169,2024,MAN-YI,2024-11-17T18:00:00Z,17.6,119.4,70
2024313N10169,2024,MAN-YI,2024-11-17T21:00:00Z,17.9,118.8,NaN
2024313N10169,2024,MAN-YI,2024-11-18T00:00:00Z,18.1,118.3,65
2024313N10169,2024,MAN-YI,2024-11-18T03:00:00Z,18.3,117.7,NaN
2024313N10169,2024,MAN-YI,2024-11-18T06:00:00Z,18.5,117.1,65
2024313N10169,2024,MAN-YI,2024-11-18T09:00:00Z,18.6,116.6,NaN
2024313N10169,2024,MAN-YI,2024-11-18T12:00:00Z,18.7,116.1,60
2024313N10169,2024,MAN-YI,2024-11-18T15:00:00Z,18.8,115.7,NaN
2024313N10169,2024,MAN-YI,2024-11-18T18:00:00Z,18.9,115.3,50
2024313N10169,2024,MAN-YI,2024-11-18T21:00:00Z,18.9,114.8,NaN
2024313N10169,2024,MAN-YI,2024-11-19T00:00:00Z,18.9,114.2,45
2024313N10169,2024,MAN-YI,2024-11-19T03:00:00Z,18.9,113.6,NaN
2024313N10169,2024,MAN-YI,2024-11-19T06:00:00Z,18.7,113.1,35
2024313N10169,2024,MAN-YI,2024-11-19T09:00:00Z,18.5,112.5,NaN
2024313N10169,2024,MAN-YI,2024-11-19T12:00:00Z,18.1,112.0,NaN
2024313N10169,2024,MAN-YI,2024-11-19T15:00:00Z,17.8,111.6,NaN
2024313N10169,2024,MAN-YI,2024-11-19T18:00:00Z,17.4,111.3,NaN
2024313N10169,2024,MAN-YI,2024-11-19T21:00:00Z,17.1,111.0,NaN
2024313N10169,2024,MAN-YI,2024-11-20T00:00:00Z,16.8,110.8,NaN
2024314N07151,2024,USAGI,2024-11-09T00:00:00Z,6.7,151.4,NaN
2024314N07151,2024,USAGI,2024-11-09T03:00:00Z,7.0,150.9,NaN
2024314N07151,2024,USAGI,2024-11-09T06:00:00Z,7.3,150.3,NaN
2024314N07151,2024,USAGI,2024-11-09T09:00:00Z,7.6,149.7,NaN
2024314N07151,2024,USAGI,2024-11-09T12:00:00Z,7.9,149.1,NaN
2024314N07151,2024,USAGI,2024-11-09T15:00:00Z,7.9,148.5,NaN
2024314N07151,2024,USAGI,2024-11-09T18:00:00Z,8.0,147.9,NaN
2024314N07151,2024,USAGI,2024-11-09T21:00:00Z,8.6,147.0,NaN
2024314N07151,2024,USAGI,2024-11-10T00:00:00Z,9.2,146.2,NaN
2024314N07151,2024,USAGI,2024-11-10T03:00:00Z,9.7,145.3,NaN
2024314N07151,2024,USAGI,2024-11-10T06:00:00Z,10.0,144.3,NaN
2024314N07151,2024,USAGI,2024-11-10T09:00:00Z,10.4,143.4,NaN
2024314N07151,2024,USAGI,2024-11-10T12:00:00Z,10.8,142.5,NaN
2024314N07151,2024,USAGI,2024-11-10T15:00:00Z,11.1,141.6,NaN
2024314N07151,2024,USAGI,2024-11-10T18:00:00Z,11.3,140.9,NaN
2024314N07151,2024,USAGI,2024-11-10T21:00:00Z,11.6,140.2,NaN
2024314N07151,2024,USAGI,2024-11-11T00:00:00Z,11.9,139.6,NaN
2024314N07151,2024,USAGI,2024-11-11T03:00:00Z,12.1,139.0,NaN
2024314N07151,2024,USAGI,2024-11-11T06:00:00Z,12.3,138.2,NaN
2024314N07151,2024,USAGI,2024-11-11T09:00:00Z,12.4,137.4,NaN
2024314N07151,2024,USAGI,2024-11-11T12:00:00Z,12.5,136.6,NaN
2024314N07151,2024,USAGI,2024-11-11T15:00:00Z,12.6,135.7,NaN
2024314N07151,2024,USAGI,2024-11-11T18:00:00Z,12.8,134.9,35
2024314N07151,2024,USAGI,2024-11-11T21:00:00Z,13.1,134.2,NaN
2024314N07151,2024,USAGI,2024-11-12T00:00:00Z,13.4,133.5,45
2024314N07151,2024,USAGI,2024-11-12T03:00:00Z,13.7,132.7,NaN
2024314N07151,2024,USAGI,2024-11-12T06:00:00Z,14.0,131.9,50
2024314N07151,2024,USAGI,2024-11-12T09:00:00Z,14.1,131.2,NaN
2024314N07151,2024,USAGI,2024-11-12T12:00:00Z,14.3,130.5,55
2024314N07151,2024,USAGI,2024-11-12T15:00:00Z,14.5,129.7,NaN
2024314N07151,2024,USAGI,2024-11-12T18:00:00Z,14.7,129.0,55
2024314N07151,2024,USAGI,2024-11-12T21:00:00Z,14.8,128.4,NaN
2024314N07151,2024,USAGI,2024-11-13T00:00:00Z,15.0,127.9,65
2024314N07151,2024,USAGI,2024-11-13T03:00:00Z,15.3,127.2,NaN
2024314N07151,2024,USAGI,2024-11-13T06:00:00Z,15.6,126.4,75
2024314N07151,2024,USAGI,2024-11-13T09:00:00Z,15.9,125.9,NaN
2024314N07151,2024,USAGI,2024-11-13T12:00:00Z,16.2,125.3,80
2024314N07151,2024,USAGI,2024-11-13T15:00:00Z,16.4,124.6,NaN
2024314N07151,2024,USAGI,2024-11-13T18:00:00Z,16.6,124.0,90
2024314N07151,2024,USAGI,2024-11-13T21:00:00Z,16.9,123.5,NaN
2024314N07151,2024,USAGI,2024-11-14T00:00:00Z,17.2,123.1,95
2024314N07151,2024,USAGI,2024-11-14T03:00:00Z,17.5,122.6,NaN
2024314N07151,2024,USAGI,2024-11-14T06:00:00Z,17.9,122.1,85
2024314N07151,2024,USAGI,2024-11-14T09:00:00Z,18.3,121.8,NaN
2024314N07151,2024,USAGI,2024-11-14T12:00:00Z,18.7,121.4,65
2024314N07151,2024,USAGI,2024-11-14T15:00:00Z,19.2,121.1,NaN
2024314N07151,2024,USAGI,2024-11-14T18:00:00Z,19.6,120.7,60
2024314N07151,2024,USAGI,2024-11-14T21:00:00Z,19.9,120.3,NaN
2024314N07151,2024,USAGI,2024-11-15T00:00:00Z,20.3,120.1,55
2024314N07151,2024,USAGI,2024-11-15T03:00:00Z,20.7,119.8,NaN
2024314N07151,2024,USAGI,2024-11-15T06:00:00Z,21.1,119.7,50
2024314N07151,2024,USAGI,2024-11-15T09:00:00Z,21.4,119.7,NaN
2024314N07151,2024,USAGI,2024-11-15T12:00:00Z,21.6,119.8,45
2024314N07151,2024,USAGI,2024-11-15T15:00:00Z,21.9,119.8,NaN
2024314N07151,2024,USAGI,2024-11-15T18:00:00Z,22.1,119.9,40
2024314N07151,2024,USAGI,2024-11-15T21:00:00Z,22.3,120.1,NaN
2024314N07151,2024,USAGI,2024-11-16T00:00:00Z,22.5,120.3,NaN
2024314N07151,2024,USAGI,2024-11-16T03:00:00Z,22.4,120.5,NaN
2024314N07151,2024,USAGI,2024-11-16T06:00:00Z,22.3,120.5,NaN
2024314N07151,2024,USAGI,2024-11-16T09:00:00Z,22.1,120.5,NaN
2024314N07151,2024,USAGI,2024-11-16T12:00:00Z,22.0,120.4,NaN
2024357N10115,2024,PABUK,2024-12-21T18:00:00Z,10.1,115.3,NaN
2024357N10115,2024,PABUK,2024-12-21T21:00:00Z,10.2,115.1,NaN
2024357N10115,2024,PABUK,2024-12-22T00:00:00Z,10.3,114.9,NaN
2024357N10115,2024,PABUK,2024-12-22T03:00:00Z,10.4,114.6,NaN
2024357N10115,2024,PABUK,2024-12-22T06:00:00Z,10.5,114.4,35
2024357N10115,2024,PABUK,2024-12-22T09:00:00Z,10.5,114.1,NaN
2024357N10115,2024,PABUK,2024-12-22T12:00:00Z,10.5,113.8,35
2024357N10115,2024,PABUK,2024-12-22T15:00:00Z,10.6,113.6,NaN
2024357N10115,2024,PABUK,2024-12-22T18:00:00Z,10.7,113.4,35
2024357N10115,2024,PABUK,2024-12-22T21:00:00Z,11.0,113.2,NaN
2024357N10115,2024,PABUK,2024-12-23T00:00:00Z,11.2,113.0,35
2024357N10115,2024,PABUK,2024-12-23T03:00:00Z,11.2,112.8,NaN
2024357N10115,2024,PABUK,2024-12-23T06:00:00Z,11.2,112.7,35
2024357N10115,2024,PABUK,2024-12-23T09:00:00Z,11.3,112.7,NaN
2024357N10115,2024,PABUK,2024-12-23T12:00:00Z,11.4,112.6,35
2024357N10115,2024,PABUK,2024-12-23T15:00:00Z,11.5,112.5,NaN
2024357N10115,2024,PABUK,2024-12-23T18:00:00Z,11.6,112.4,35
2024357N10115,2024,PABUK,2024-12-23T21:00:00Z,11.6,112.4,NaN
2024357N10115,2024,PABUK,2024-12-24T00:00:00Z,11.5,112.3,35
2024357N10115,2024,PABUK,2024-12-24T03:00:00Z,11.6,112.2,NaN
2024357N10115,2024,PABUK,2024-12-24T06:00:00Z,11.6,112.0,35
2024357N10115,2024,PABUK,2024-12-24T09:00:00Z,11.5,111.9,NaN
2024357N10115,2024,PABUK,2024-12-24T12:00:00Z,11.4,111.7,35
2024357N10115,2024,PABUK,2024-12-24T15:00:00Z,11.3,111.5,NaN
2024357N10115,2024,PABUK,2024-12-24T18:00:00Z,11.1,111.3,NaN
2024357N10115,2024,PABUK,2024-12-24T21:00:00Z,10.9,111.0,NaN
2024357N10115,2024,PABUK,2024-12-25T00:00:00Z,10.6,110.7,NaN
2024357N10115,2024,PABUK,2024-12-25T03:00:00Z,10.1,110.5,NaN
2024357N10115,2024,PABUK,2024-12-25T06:00:00Z,9.6,110.4,NaN
2024357N10115,2024,PABUK,2024-12-25T09:00:00Z,9.3,110.2,NaN
2024357N10115,2024,PABUK,2024-12-25T12:00:00Z,9.1,109.9,NaN
2024357N10115,2024,PABUK,2024-12-25T15:00:00Z,8.9,109.5,NaN
2024357N10115,2024,PABUK,2024-12-25T18:00:00Z,8.8,109.1,NaN
2024357N10115,2024,PABUK,2024-12-25T21:00:00Z,8.7,108.7,NaN
2024357N10115,2024,PABUK,2024-12-26T00:00:00Z,8.6,108.4,NaN
2024357N10115,2024,PABUK,2024-12-26T03:00:00Z,8.6,108.1,NaN
2024357N10115,2024,PABUK,2024-12-26T06:00:00Z,8.6,107.7,NaN
2025162N15114,2025,WUTIP,2025-06-10T12:00:00Z,15.0,113.9,NaN
2025162N15114,2025,WUTIP,2025-06-10T15:00:00Z,15.0,114.2,NaN
2025162N15114,2025,WUTIP,2025-06-10T18:00:00Z,15.2,114.3,NaN
2025162N15114,2025,WUTIP,2025-06-10T21:00:00Z,15.7,114.2,NaN
2025162N15114,2025,WUTIP,2025-06-11T00:00:00Z,16.2,113.9,NaN
2025162N15114,2025,WUTIP,2025-06-11T03:00:00Z,16.5,113.2,NaN
2025162N15114,2025,WUTIP,2025-06-11T06:00:00Z,16.7,112.4,NaN
2025162N15114,2025,WUTIP,2025-06-11T09:00:00Z,16.7,111.9,NaN
2025162N15114,2025,WUTIP,2025-06-11T12:00:00Z,16.5,111.5,NaN
2025162N15114,2025,WUTIP,2025-06-11T15:00:00Z,16.3,111.2,NaN
2025162N15114,2025,WUTIP,2025-06-11T18:00:00Z,16.3,110.9,NaN
2025162N15114,2025,WUTIP,2025-06-11T21:00:00Z,16.6,110.6,NaN
2025162N15114,2025,WUTIP,2025-06-12T00:00:00Z,17.0,110.3,NaN
2025162N15114,2025,WUTIP,2025-06-12T03:00:00Z,17.1,110.1,NaN
2025162N15114,2025,WUTIP,2025-06-12T06:00:00Z,17.2,109.9,NaN
2025162N15114,2025,WUTIP,2025-06-12T09:00:00Z,17.3,109.5,NaN
2025162N15114,2025,WUTIP,2025-06-12T12:00:00Z,17.4,109.2,NaN
2025162N15114,2025,WUTIP,2025-06-12T15:00:00Z,17.5,109.1,NaN
2025162N15114,2025,WUTIP,2025-06-12T18:00:00Z,17.7,109.0,NaN
2025162N15114,2025,WUTIP,2025-06-12T21:00:00Z,18.0,108.8,NaN
2025162N15114,2025,WUTIP,2025-06-13T00:00:00Z,18.3,108.5,NaN
2025162N15114,2025,WUTIP,2025-06-13T03:00:00Z,18.5,108.4,NaN
2025162N15114,2025,WUTIP,2025-06-13T06:00:00Z,18.7,108.3,NaN
2025162N15114,2025,WUTIP,2025-06-13T09:00:00Z,18.7,108.2,NaN
2025162N15114,2025,WUTIP,2025-06-13T12:00:00Z,18.8,108.3,NaN
2025162N15114,2025,WUTIP,2025-06-13T15:00:00Z,19.2,108.6,NaN
2025162N15114,2025,WUTIP,2025-06-13T18:00:00Z,19.7,108.9,NaN
2025162N15114,2025,WUTIP,2025-06-13T21:00:00Z,20.0,109.0,NaN
2025162N15114,2025,WUTIP,2025-06-14T00:00:00Z,20.3,109.1,NaN
2025162N15114,2025,WUTIP,2025-06-14T03:00:00Z,20.7,109.4,NaN
2025162N15114,2025,WUTIP,2025-06-14T06:00:00Z,21.2,109.8,NaN
2025174N23146,2025,SEPAT,2025-06-22T12:00:00Z,23.2,145.9,NaN
2025174N23146,2025,SEPAT,2025-06-22T15:00:00Z,23.5,145.6,NaN
2025174N23146,2025,SEPAT,2025-06-22T18:00:00Z,23.8,145.3,NaN
2025174N23146,2025,SEPAT,2025-06-22T21:00:00Z,24.1,145.0,NaN
2025174N23146,2025,SEPAT,2025-06-23T00:00:00Z,24.6,144.7,NaN
2025174N23146,2025,SEPAT,2025-06-23T03:00:00Z,25.2,144.3,NaN
2025174N23146,2025,SEPAT,2025-06-23T06:00:00Z,25.9,143.9,NaN
2025174N23146,2025,SEPAT,2025-06-23T09:00:00Z,26.4,143.5,NaN
2025174N23146,2025,SEPAT,2025-06-23T12:00:00Z,27.0,143.0,NaN
2025174N23146,2025,SEPAT,2025-06-23T15:00:00Z,27.7,142.5,NaN
2025174N23146,2025,SEPAT,2025-06-23T18:00:00Z,28.4,141.9,NaN
2025174N23146,2025,SEPAT,2025-06-23T21:00:00Z,28.9,141.4,NaN
2025174N23146,2025,SEPAT,2025-06-24T00:00:00Z,29.3,141.0,NaN
2025174N23146,2025,SEPAT,2025-06-24T03:00:00Z,29.7,140.7,NaN
2025174N23146,2025,SEPAT,2025-06-24T06:00:00Z,30.0,140.4,NaN
2025174N23146,2025,SEPAT,2025-06-24T09:00:00Z,30.3,140.2,NaN
2025174N23146,2025,SEPAT,2025-06-24T12:00:00Z,30.6,140.1,NaN
2025174N23146,2025,SEPAT,2025-06-24T15:00:00Z,30.9,139.9,NaN
2025174N23146,2025,SEPAT,2025-06-24T18:00:00Z,31.3,139.8,NaN
2025174N23146,2025,SEPAT,2025-06-24T21:00:00Z,31.7,139.6,NaN
2025174N23146,2025,SEPAT,2025-06-25T00:00:00Z,32.0,139.5,NaN
2025174N23146,2025,SEPAT,2025-06-25T03:00:00Z,32.3,139.5,NaN
2025174N23146,2025,SEPAT,2025-06-25T06:00:00Z,32.7,139.6,NaN
2025174N23146,2025,SEPAT,2025-06-25T09:00:00Z,33.2,139.7,NaN
2025174N23146,2025,SEPAT,2025-06-25T12:00:00Z,33.7,139.8,NaN
2025174N23146,2025,SEPAT,2025-06-25T15:00:00Z,34.1,140.0,NaN
2025174N23146,2025,SEPAT,2025-06-25T18:00:00Z,34.5,140.3,NaN
2025174N23146,2025,SEPAT,2025-06-25T21:00:00Z,35.1,140.8,NaN
2025174N23146,2025,SEPAT,2025-06-26T00:00:00Z,35.7,141.4,NaN
2025174N23146,2025,SEPAT,2025-06-26T03:00:00Z,36.4,142.1,NaN
2025174N23146,2025,SEPAT,2025-06-26T06:00:00Z,37.1,142.9,NaN
2025176N18113,2025,UNNAMED,2025-06-25T06:00:00Z,18.5,113.2,NaN
2025176N18113,2025,UNNAMED,2025-06-25T09:00:00Z,18.9,112.7,NaN
2025176N18113,2025,UNNAMED,2025-06-25T12:00:00Z,19.2,112.2,NaN
2025176N18113,2025,UNNAMED,2025-06-25T15:00:00Z,19.3,111.8,NaN
2025176N18113,2025,UNNAMED,2025-06-25T18:00:00Z,19.4,111.4,NaN
2025176N18113,2025,UNNAMED,2025-06-25T21:00:00Z,19.7,111.0,NaN
2025176N18113,2025,UNNAMED,2025-06-26T00:00:00Z,20.1,110.7,NaN
2025176N18113,2025,UNNAMED,2025-06-26T03:00:00Z,20.5,110.5,NaN
2025176N18113,2025,UNNAMED,2025-06-26T06:00:00Z,21.0,110.3,NaN
2025176N18113,2025,UNNAMED,2025-06-26T09:00:00Z,21.4,110.1,NaN
2025176N18113,2025,UNNAMED,2025-06-26T12:00:00Z,21.7,109.8,NaN
2025183N24148,2025,MUN,2025-07-01T18:00:00Z,24.2,147.6,NaN
2025183N24148,2025,MUN,2025-07-01T21:00:00Z,24.6,147.5,NaN
2025183N24148,2025,MUN,2025-07-02T00:00:00Z,25.0,147.4,NaN
2025183N24148,2025,MUN,2025-07-02T03:00:00Z,25.4,147.1,NaN
2025183N24148,2025,MUN,2025-07-02T06:00:00Z,25.7,146.8,NaN
2025183N24148,2025,MUN,2025-07-02T09:00:00Z,26.0,146.6,NaN
2025183N24148,2025,MUN,2025-07-02T12:00:00Z,26.2,146.3,NaN
2025183N24148,2025,MUN,2025-07-02T15:00:00Z,26.5,145.9,NaN
2025183N24148,2025,MUN,2025-07-02T18:00:00Z,26.8,145.6,NaN
2025183N24148,2025,MUN,2025-07-02T21:00:00Z,26.9,145.4,NaN
2025183N24148,2025,MUN,2025-07-03T00:00:00Z,27.0,145.4,NaN
2025183N24148,2025,MUN,2025-07-03T03:00:00Z,27.3,145.4,NaN
2025183N24148,2025,MUN,2025-07-03T06:00:00Z,27.6,145.4,NaN
2025183N24148,2025,MUN,2025-07-03T09:00:00Z,27.9,145.5,NaN
2025183N24148,2025,MUN,2025-07-03T12:00:00Z,28.3,145.5,NaN
2025183N24148,2025,MUN,2025-07-03T15:00:00Z,28.7,145.3,NaN
2025183N24148,2025,MUN,2025-07-03T18:00:00Z,29.0,145.0,NaN
2025183N24148,2025,MUN,2025-07-03T21:00:00Z,29.3,144.9,NaN
2025183N24148,2025,MUN,2025-07-04T00:00:00Z,29.6,144.8,NaN
2025183N24148,2025,MUN,2025-07-04T03:00:00Z,29.9,144.8,NaN
2025183N24148,2025,MUN,2025-07-04T06:00:00Z,30.1,144.9,NaN
2025183N24148,2025,MUN,2025-07-04T09:00:00Z,30.1,145.1,NaN
2025183N24148,2025,MUN,2025-07-04T12:00:00Z,30.2,145.3,NaN
2025183N24148,2025,MUN,2025-07-04T15:00:00Z,30.4,145.7,NaN
2025183N24148,2025,MUN,2025-07-04T18:00:00Z,30.7,146.0,NaN
2025183N24148,2025,MUN,2025-07-04T21:00:00Z,30.9,146.1,NaN
2025183N24148,2025,MUN,2025-07-05T00:00:00Z,31.0,146.3,NaN
2025183N24148,2025,MUN,2025-07-05T03:00:00Z,31.1,146.7,NaN
2025183N24148,2025,MUN,2025-07-05T06:00:00Z,31.1,147.1,NaN
2025183N24148,2025,MUN,2025-07-05T09:00:00Z,31.2,147.6,NaN
2025183N24148,2025,MUN,2025-07-05T12:00:00Z,31.3,148.0,NaN
2025183N24148,2025,MUN,2025-07-05T15:00:00Z,31.5,148.4,NaN
2025183N24148,2025,MUN,2025-07-05T18:00:00Z,31.7,148.7,NaN
2025183N24148,2025,MUN,2025-07-05T21:00:00Z,31.9,148.9,NaN
2025183N24148,2025,MUN,2025-07-06T00:00:00Z,32.2,149.1,NaN
2025183N24148,2025,MUN,2025-07-06T03:00:00Z,32.4,149.3,NaN
2025183N24148,2025,MUN,2025-07-06T06:00:00Z,32.7,149.4,NaN
2025183N24148,2025,MUN,2025-07-06T09:00:00Z,33.1,149.5,NaN
2025183N24148,2025,MUN,2025-07-06T12:00:00Z,33.5,149.6,NaN
2025183N24148,2025,MUN,2025-07-06T15:00:00Z,33.8,149.5,NaN
2025183N24148,2025,MUN,2025-07-06T18:00:00Z,34.1,149.3,NaN
2025183N24148,2025,MUN,2025-07-06T21:00:00Z,34.5,149.1,NaN
2025183N24148,2025,MUN,2025-07-07T00:00:00Z,35.0,148.9,NaN
2025183N24148,2025,MUN,2025-07-07T03:00:00Z,35.4,148.6,NaN
2025183N24148,2025,MUN,2025-07-07T06:00:00Z,35.8,148.3,NaN
2025183N24148,2025,MUN,2025-07-07T09:00:00Z,36.2,148.1,NaN
2025183N24148,2025,MUN,2025-07-07T12:00:00Z,36.7,148.0,NaN
2025183N24148,2025,MUN,2025-07-07T15:00:00Z,37.3,148.1,NaN
2025183N24148,2025,MUN,2025-07-07T18:00:00Z,38.0,148.3,NaN
2025183N24148,2025,MUN,2025-07-07T21:00:00Z,38.7,148.7,NaN
2025183N24148,2025,MUN,2025-07-08T00:00:00Z,39.3,149.1,NaN
2025185N20119,2025,DANAS,2025-07-04T00:00:00Z,19.7,118.7,NaN
2025185N20119,2025,DANAS,2025-07-04T03:00:00Z,19.5,118.4,NaN
2025185N20119,2025,DANAS,2025-07-04T06:00:00Z,19.6,118.2,NaN
2025185N20119,2025,DANAS,2025-07-04T09:00:00Z,20.0,118.1,NaN
2025185N20119,2025,DANAS,2025-07-04T12:00:00Z,20.3,118.0,NaN
2025185N20119,2025,DANAS,2025-07-04T15:00:00Z,20.2,117.7,NaN
2025185N20119,2025,DANAS,2025-07-04T18:00:00Z,20.1,117.4,NaN
2025185N20119,2025,DANAS,2025-07-04T21:00:00Z,20.1,117.4,NaN
2025185N20119,2025,DANAS,2025-07-05T00:00:00Z,20.2,117.5,NaN
2025185N20119,2025,DANAS,2025-07-05T03:00:00Z,20.3,117.7,NaN
2025185N20119,2025,DANAS,2025-07-05T06:00:00Z,20.5,117.9,NaN
2025185N20119,2025,DANAS,2025-07-05T09:00:00Z,20.6,118.0,NaN
2025185N20119,2025,DANAS,2025-07-05T12:00:00Z,20.8,118.0,NaN
2025185N20119,2025,DANAS,2025-07-05T15:00:00Z,20.9,118.0,NaN
2025185N20119,2025,DANAS,2025-07-05T18:00:00Z,21.1,118.1,NaN
2025185N20119,2025,DANAS,2025-07-05T21:00:00Z,21.3,118.2,NaN
2025185N20119,2025,DANAS,2025-07-06T00:00:00Z,21.6,118.3,NaN
2025185N20119,2025,DANAS,2025-07-06T03:00:00Z,21.9,118.5,NaN
2025185N20119,2025,DANAS,2025-07-06T06:00:00Z,22.2,118.8,NaN
2025185N20119,2025,DANAS,2025-07-06T09:00:00Z,22.6,119.2,NaN
2025185N20119,2025,DANAS,2025-07-06T12:00:00Z,23.0,119.6,NaN
2025185N20119,2025,DANAS,2025-07-06T15:00:00Z,23.3,120.0,NaN
2025185N20119,2025,DANAS,2025-07-06T18:00:00Z,23.8,120.5,NaN
2025185N20119,2025,DANAS,2025-07-06T21:00:00Z,24.6,121.0,NaN
2025185N20119,2025,DANAS,2025-07-07T00:00:00Z,25.5,121.4,NaN
2025185N20119,2025,DANAS,2025-07-07T03:00:00Z,26.3,121.5,NaN
2025185N20119,2025,DANAS,2025-07-07T06:00:00Z,26.8,121.5,NaN
2025185N20119,2025,DANAS,2025-07-07T09:00:00Z,27.0,121.6,NaN
2025185N20119,2025,DANAS,2025-07-07T12:00:00Z,27.1,121.7,NaN
2025185N20119,2025,DANAS,2025-07-07T15:00:00Z,27.5,122.0,NaN
2025185N20119,2025,DANAS,2025-07-07T18:00:00Z,27.8,122.2,NaN
2025185N20119,2025,DANAS,2025-07-07T21:00:00Z,28.0,122.3,NaN
2025185N20119,2025,DANAS,2025-07-08T00:00:00Z,28.1,122.3,NaN
2025185N20119,2025,DANAS,2025-07-08T03:00:00Z,28.0,122.2,NaN
2025185N20119,2025,DANAS,2025-07-08T06:00:00Z,27.9,122.0,NaN
2025185N20119,2025,DANAS,2025-07-08T09:00:00Z,27.9,121.6,NaN
2025185N20119,2025,DANAS,2025-07-08T12:00:00Z,27.9,121.2,NaN
2025185N20119,2025,DANAS,2025-07-08T15:00:00Z,27.9,120.9,NaN
2025185N20119,2025,DANAS,2025-07-08T18:00:00Z,27.8,120.7,NaN
2025192N25140,2025,NARI,2025-07-11T00:00:00Z,25.0,140.4,NaN
2025192N25140,2025,NARI,2025-07-11T03:00:00Z,25.0,140.1,NaN
2025192N25140,2025,NARI,2025-07-11T06:00:00Z,25.0,140.0,NaN
2025192N25140,2025,NARI,2025-07-11T09:00:00Z,25.0,140.1,NaN
2025192N25140,2025,NARI,2025-07-11T12:00:00Z,25.1,140.2,NaN
2025192N25140,2025,NARI,2025-07-11T15:00:00Z,25.2,140.1,NaN
2025192N25140,2025,NARI,2025-07-11T18:00:00Z,25.2,140.0,NaN
2025192N25140,2025,NARI,2025-07-11T21:00:00Z,25.2,140.2,NaN
2025192N25140,2025,NARI,2025-07-12T00:00:00Z,25.2,140.5,NaN
2025192N25140,2025,NARI,2025-07-12T03:00:00Z,25.0,140.9,NaN
2025192N25140,2025,NARI,2025-07-12T06:00:00Z,24.8,141.3,NaN
2025192N25140,2025,NARI,2025-07-12T09:00:00Z,24.8,141.5,NaN
2025192N25140,2025,NARI,2025-07-12T12:00:00Z,24.9,141.6,NaN
2025192N25140,2025,NARI,2025-07-12T15:00:00Z,25.0,142.0,NaN
2025192N25140,2025,NARI,2025-07-12T18:00:00Z,25.2,142.3,NaN
2025192N25140,2025,NARI,2025-07-12T21:00:00Z,25.8,142.4,NaN
2025192N25140,2025,NARI,2025-07-13T00:00:00Z,26.5,142.5,NaN
2025192N25140,2025,NARI,2025-07-13T03:00:00Z,27.0,142.7,NaN
2025192N25140,2025,NARI,2025-07-13T06:00:00Z,27.6,143.0,NaN
2025192N25140,2025,NARI,2025-07-13T09:00:00Z,28.8,143.2,NaN
2025192N25140,2025,NARI,2025-07-13T12:00:00Z,30.2,143.3,NaN
2025192N25140,2025,NARI,2025-07-13T15:00:00Z,31.2,143.3,NaN
2025192N25140,2025,NARI,2025-07-13T18:00:00Z,32.1,143.1,NaN
2025192N25140,2025,NARI,2025-07-13T21:00:00Z,33.0,142.6,NaN
2025192N25140,2025,NARI,2025-07-14T00:00:00Z,34.1,142.2,NaN
2025192N25140,2025,NARI,2025-07-14T03:00:00Z,35.4,142.3,NaN
2025192N25140,2025,NARI,2025-07-14T06:00:00Z,36.8,142.6,NaN
2025192N25140,2025,NARI,2025-07-14T09:00:00Z,38.3,142.6,NaN
2025192N25140,2025,NARI,2025-07-14T12:00:00Z,39.8,142.7,NaN
2025192N25140,2025,NARI,2025-07-14T15:00:00Z,41.2,143.1,NaN
2025192N25140,2025,NARI,2025-07-14T18:00:00Z,42.5,143.6,NaN
2025194N31124,2025,UNNAMED,2025-07-12T18:00:00Z,30.8,123.6,NaN
2025194N31124,2025,UNNAMED,2025-07-12T21:00:00Z,30.9,124.1,NaN
2025194N31124,2025,UNNAMED,2025-07-13T00:00:00Z,30.9,124.7,NaN
2025194N31124,2025,UNNAMED,2025-07-13T03:00:00Z,30.8,125.4,NaN
2025194N31124,2025,UNNAMED,2025-07-13T06:00:00Z,30.7,126.1,NaN
2025194N31124,2025,UNNAMED,2025-07-13T09:00:00Z,30.8,126.8,NaN
2025194N31124,2025,UNNAMED,2025-07-13T12:00:00Z,31.0,127.6,NaN
2025194N31124,2025,UNNAMED,2025-07-13T15:00:00Z,31.3,128.6,NaN
2025194N31124,2025,UNNAMED,2025-07-13T18:00:00Z,31.7,129.5,NaN
2025194N31124,2025,UNNAMED,2025-07-13T21:00:00Z,32.2,130.2,NaN
2025194N31124,2025,UNNAMED,2025-07-14T00:00:00Z,32.7,130.8,NaN
2025196N33141,2025,UNNAMED,2025-07-15T06:00:00Z,32.7,140.7,NaN
2025196N33141,2025,UNNAMED,2025-07-15T09:00:00Z,34.6,140.8,NaN
2025196N33141,2025,UNNAMED,2025-07-15T12:00:00Z,36.5,141.0,NaN
2025196N33141,2025,UNNAMED,2025-07-15T15:00:00Z,38.0,141.2,NaN
2025196N33141,2025,UNNAMED,2025-07-15T18:00:00Z,39.5,141.5,NaN
2025200N19123,2025,WIPHA,2025-07-18T12:00:00Z,19.3,122.5,NaN
2025200N19123,2025,WIPHA,2025-07-18T15:00:00Z,19.6,121.6,NaN
2025200N19123,2025,WIPHA,2025-07-18T18:00:00Z,19.8,120.8,NaN
2025200N19123,2025,WIPHA,2025-07-18T21:00:00Z,20.0,120.2,NaN
2025200N19123,2025,WIPHA,2025-07-19T00:00:00Z,20.1,119.8,NaN
2025200N19123,2025,WIPHA,2025-07-19T03:00:00Z,20.3,119.4,NaN
2025200N19123,2025,WIPHA,2025-07-19T06:00:00Z,20.5,118.9,NaN
2025200N19123,2025,WIPHA,2025-07-19T09:00:00Z,20.7,118.4,NaN
2025200N19123,2025,WIPHA,2025-07-19T12:00:00Z,21.0,117.7,NaN
2025200N19123,2025,WIPHA,2025-07-19T15:00:00Z,21.3,116.9,NaN
2025200N19123,2025,WIPHA,2025-07-19T18:00:00Z,21.5,116.0,NaN
2025200N19123,2025,WIPHA,2025-07-19T21:00:00Z,21.6,115.3,NaN
2025200N19123,2025,WIPHA,2025-07-20T00:00:00Z,21.6,114.6,NaN
2025200N19123,2025,WIPHA,2025-07-20T03:00:00Z,21.7,113.9,NaN
2025200N19123,2025,WIPHA,2025-07-20T06:00:00Z,21.8,113.2,NaN
2025200N19123,2025,WIPHA,2025-07-20T09:00:00Z,21.8,112.4,NaN
2025200N19123,2025,WIPHA,2025-07-20T12:00:00Z,21.7,111.7,NaN
2025200N19123,2025,WIPHA,2025-07-20T15:00:00Z,21.6,111.2,NaN
2025200N19123,2025,WIPHA,2025-07-20T18:00:00Z,21.6,110.8,NaN
2025200N19123,2025,WIPHA,2025-07-20T21:00:00Z,21.6,110.1,NaN
2025200N19123,2025,WIPHA,2025-07-21T00:00:00Z,21.5,109.4,NaN
2025200N19123,2025,WIPHA,2025-07-21T03:00:00Z,21.4,109.1,NaN
2025200N19123,2025,WIPHA,2025-07-21T06:00:00Z,21.3,109.0,NaN
2025200N19123,2025,WIPHA,2025-07-21T09:00:00Z,21.2,108.7,NaN
2025200N19123,2025,WIPHA,2025-07-21T12:00:00Z,21.1,108.3,NaN
2025200N19123,2025,WIPHA,2025-07-21T15:00:00Z,21.0,108.0,NaN
2025200N19123,2025,WIPHA,2025-07-21T18:00:00Z,20.8,107.6,NaN
2025200N19123,2025,WIPHA,2025-07-21T21:00:00Z,20.6,107.2,NaN
2025200N19123,2025,WIPHA,2025-07-22T00:00:00Z,20.5,106.8,NaN
2025200N19123,2025,WIPHA,2025-07-22T03:00:00Z,20.4,106.5,NaN
2025200N19123,2025,WIPHA,2025-07-22T06:00:00Z,20.3,106.2,NaN
2025200N19123,2025,WIPHA,2025-07-22T09:00:00Z,20.2,106.1,NaN
2025200N19123,2025,WIPHA,2025-07-22T12:00:00Z,20.2,106.0,NaN
2025203N18133,2025,FRANCISCO,2025-07-22T06:00:00Z,17.9,132.5,NaN
2025203N18133,2025,FRANCISCO,2025-07-22T09:00:00Z,18.9,132.0,NaN
2025203N18133,2025,FRANCISCO,2025-07-22T12:00:00Z,19.6,131.6,NaN
2025203N18133,2025,FRANCISCO,2025-07-22T15:00:00Z,19.8,131.2,NaN
2025203N18133,2025,FRANCISCO,2025-07-22T18:00:00Z,19.9,130.8,NaN
2025203N18133,2025,FRANCISCO,2025-07-22T21:00:00Z,20.3,130.3,NaN
2025203N18133,2025,FRANCISCO,2025-07-23T00:00:00Z,20.8,129.9,NaN
2025203N18133,2025,FRANCISCO,2025-07-23T03:00:00Z,21.4,129.9,NaN
2025203N18133,2025,FRANCISCO,2025-07-23T06:00:00Z,21.9,129.9,NaN
2025203N18133,2025,FRANCISCO,2025-07-23T09:00:00Z,21.9,129.7,NaN
2025203N18133,2025,FRANCISCO,2025-07-23T12:00:00Z,22.0,129.3,NaN
2025203N18133,2025,FRANCISCO,2025-07-23T15:00:00Z,22.5,128.7,NaN
2025203N18133,2025,FRANCISCO,2025-07-23T18:00:00Z,23.1,128.2,NaN
2025203N18133,2025,FRANCISCO,2025-07-23T21:00:00Z,23.6,128.0,NaN
2025203N18133,2025,FRANCISCO,2025-07-24T00:00:00Z,24.0,128.0,NaN
2025203N18133,2025,FRANCISCO,2025-07-24T03:00:00Z,24.4,128.0,NaN
2025203N18133,2025,FRANCISCO,2025-07-24T06:00:00Z,24.9,127.9,NaN
2025203N18133,2025,FRANCISCO,2025-07-24T09:00:00Z,25.4,127.7,NaN
2025203N18133,2025,FRANCISCO,2025-07-24T12:00:00Z,26.0,127.2,NaN
2025203N18133,2025,FRANCISCO,2025-07-24T15:00:00Z,26.6,126.1,NaN
2025203N18133,2025,FRANCISCO,2025-07-24T18:00:00Z,26.9,124.9,NaN
2025203N18133,2025,FRANCISCO,2025-07-24T21:00:00Z,26.9,124.2,NaN
2025203N18133,2025,FRANCISCO,2025-07-25T00:00:00Z,26.7,123.7,NaN
2025203N18133,2025,FRANCISCO,2025-07-25T03:00:00Z,26.6,123.1,NaN
2025203N18133,2025,FRANCISCO,2025-07-25T06:00:00Z,26.5,122.6,NaN
2025203N18133,2025,FRANCISCO,2025-07-25T09:00:00Z,26.3,122.1,NaN
2025203N18133,2025,FRANCISCO,2025-07-25T12:00:00Z,26.2,121.7,NaN
2025203N18133,2025,FRANCISCO,2025-07-25T15:00:00Z,26.2,121.3,NaN
2025203N18133,2025,FRANCISCO,2025-07-25T18:00:00Z,26.3,121.0,NaN
2025203N18133,2025,FRANCISCO,2025-07-25T21:00:00Z,26.4,120.9,NaN
2025203N18133,2025,FRANCISCO,2025-07-26T00:00:00Z,26.6,120.9,NaN
2025203N18133,2025,FRANCISCO,2025-07-26T03:00:00Z,26.7,120.6,NaN
2025203N18133,2025,FRANCISCO,2025-07-26T06:00:00Z,26.7,120.2,NaN
2025203N18133,2025,FRANCISCO,2025-07-26T09:00:00Z,26.7,119.9,NaN
2025203N18133,2025,FRANCISCO,2025-07-26T12:00:00Z,26.7,119.8,NaN
2025203N18133,2025,FRANCISCO,2025-07-26T15:00:00Z,26.6,119.7,NaN
2025203N18133,2025,FRANCISCO,2025-07-26T18:00:00Z,26.5,119.7,NaN
2025203N18133,2025,FRANCISCO,2025-07-26T21:00:00Z,26.4,119.8,NaN
2025203N18133,2025,FRANCISCO,2025-07-27T00:00:00Z,26.3,120.0,NaN
2025203N18133,2025,FRANCISCO,2025-07-27T03:00:00Z,26.2,120.2,NaN
2025203N18133,2025,FRANCISCO,2025-07-27T06:00:00Z,26.1,120.4,NaN
2025204N19121,2025,CO-MAY,2025-07-23T00:00:00Z,18.8,120.5,NaN
2025204N19121,2025,CO-MAY,2025-07-23T03:00:00Z,18.2,120.0,NaN
2025204N19121,2025,CO-MAY,2025-07-23T06:00:00Z,17.9,119.6,NaN
2025204N19121,2025,CO-MAY,2025-07-23T09:00:00Z,17.9,119.2,NaN
2025204N19121,2025,CO-MAY,2025-07-23T12:00:00Z,17.9,118.8,NaN
2025204N19121,2025,CO-MAY,2025-07-23T15:00:00Z,17.5,118.3,NaN
2025204N19121,2025,CO-MAY,2025-07-23T18:00:00Z,16.9,118.0,NaN
2025204N19121,2025,CO-MAY,2025-07-23T21:00:00Z,16.5,118.2,NaN
2025204N19121,2025,CO-MAY,2025-07-24T00:00:00Z,16.2,118.6,NaN
2025204N19121,2025,CO-MAY,2025-07-24T03:00:00Z,16.0,119.0,NaN
2025204N19121,2025,CO-MAY,2025-07-24T06:00:00Z,15.9,119.3,NaN
2025204N19121,2025,CO-MAY,2025-07-24T09:00:00Z,15.9,119.4,NaN
2025204N19121,2025,CO-MAY,2025-07-24T12:00:00Z,16.1,119.5,NaN
2025204N19121,2025,CO-MAY,2025-07-24T15:00:00Z,16.4,119.8,NaN
2025204N19121,2025,CO-MAY,2025-07-24T18:00:00Z,16.7,120.2,NaN
2025204N19121,2025,CO-MAY,2025-07-24T21:00:00Z,16.9,120.5,NaN
2025204N19121,2025,CO-MAY,2025-07-25T00:00:00Z,17.3,120.8,NaN
2025204N19121,2025,CO-MAY,2025-07-25T03:00:00Z,18.1,120.7,NaN
2025204N19121,2025,CO-MAY,2025-07-25T06:00:00Z,19.3,120.9,NaN
2025204N19121,2025,CO-MAY,2025-07-25T09:00:00Z,20.7,122.1,NaN
2025204N19121,2025,CO-MAY,2025-07-25T12:00:00Z,22.0,123.5,NaN
2025204N19121,2025,CO-MAY,2025-07-25T15:00:00Z,22.9,124.3,NaN
2025204N19121,2025,CO-MAY,2025-07-25T18:00:00Z,23.6,124.9,NaN
2025204N19121,2025,CO-MAY,2025-07-25T21:00:00Z,24.5,125.3,NaN
2025204N19121,2025,CO-MAY,2025-07-26T00:00:00Z,25.3,125.7,NaN
2025204N19121,2025,CO-MAY,2025-07-26T03:00:00Z,25.9,126.1,NaN
2025204N19121,2025,CO-MAY,2025-07-26T06:00:00Z,26.3,126.5,NaN
2025204N19121,2025,CO-MAY,2025-07-26T09:00:00Z,26.7,126.6,NaN
2025204N19121,2025,CO-MAY,2025-07-26T12:00:00Z,26.9,126.7,NaN
2025204N19121,2025,CO-MAY,2025-07-26T15:00:00Z,26.9,127.0,NaN
2025204N19121,2025,CO-MAY,2025-07-26T18:00:00Z,26.8,127.4,NaN
2025204N19121,2025,CO-MAY,2025-07-26T21:00:00Z,26.7,127.5,NaN
2025204N19121,2025,CO-MAY,2025-07-27T00:00:00Z,26.6,127.8,NaN
2025204N19121,2025,CO-MAY,2025-07-27T03:00:00Z,26.6,128.6,NaN
2025204N19121,2025,CO-MAY,2025-07-27T06:00:00Z,26.6,129.5,NaN
2025204N19121,2025,CO-MAY,2025-07-27T09:00:00Z,26.4,130.2,NaN
2025204N19121,2025,CO-MAY,2025-07-27T12:00:00Z,26.2,130.4,NaN
2025204N19121,2025,CO-MAY,2025-07-27T15:00:00Z,26.3,129.7,NaN
2025204N19121,2025,CO-MAY,2025-07-27T18:00:00Z,26.5,128.8,NaN
2025204N19121,2025,CO-MAY,2025-07-27T21:00:00Z,26.4,128.2,NaN
2025204N19121,2025,CO-MAY,2025-07-28T00:00:00Z,26.3,127.9,NaN
2025204N19121,2025,CO-MAY,2025-07-28T03:00:00Z,26.4,128.1,NaN
2025204N19121,2025,CO-MAY,2025-07-28T06:00:00Z,26.6,128.3,NaN
2025204N19121,2025,CO-MAY,2025-07-28T09:00:00Z,26.9,128.0,NaN
2025204N19121,2025,CO-MAY,2025-07-28T12:00:00Z,27.2,127.4,NaN
2025204N19121,2025,CO-MAY,2025-07-28T15:00:00Z,27.2,126.4,NaN
2025204N19121,2025,CO-MAY,2025-07-28T18:00:00Z,27.2,125.5,NaN
2025204N19121,2025,CO-MAY,2025-07-28T21:00:00Z,27.3,124.8,NaN
2025204N19121,2025,CO-MAY,2025-07-29T00:00:00Z,27.5,124.4,NaN
2025204N19121,2025,CO-MAY,2025-07-29T03:00:00Z,27.8,124.2,NaN
2025204N19121,2025,CO-MAY,2025-07-29T06:00:00Z,28.1,124.1,NaN
2025204N19121,2025,CO-MAY,2025-07-29T09:00:00Z,28.3,123.8,NaN
2025204N19121,2025,CO-MAY,2025-07-29T12:00:00Z,28.6,123.4,NaN
2025204N19121,2025,CO-MAY,2025-07-29T15:00:00Z,28.9,123.1,NaN
2025204N19121,2025,CO-MAY,2025-07-29T18:00:00Z,29.3,122.9,NaN
2025204N19121,2025,CO-MAY,2025-07-29T21:00:00Z,29.7,122.6,NaN
2025204N19121,2025,CO-MAY,2025-07-30T00:00:00Z,30.0,122.3,NaN
2025204N19121,2025,CO-MAY,2025-07-30T03:00:00Z,30.4,122.0,NaN
2025204N19121,2025,CO-MAY,2025-07-30T06:00:00Z,30.7,121.8,NaN
2025204N19121,2025,CO-MAY,2025-07-30T09:00:00Z,31.0,121.6,NaN
2025204N19121,2025,CO-MAY,2025-07-30T12:00:00Z,31.2,121.4,NaN
2025204N19121,2025,CO-MAY,2025-07-30T15:00:00Z,31.2,120.9,NaN
2025204N19121,2025,CO-MAY,2025-07-30T18:00:00Z,31.2,120.4,NaN
2025204N19121,2025,CO-MAY,2025-07-30T21:00:00Z,31.3,120.0,NaN
2025204N19121,2025,CO-MAY,2025-07-31T00:00:00Z,31.5,119.6,NaN
2025204N19121,2025,CO-MAY,2025-07-31T03:00:00Z,31.9,119.2,NaN
2025204N19121,2025,CO-MAY,2025-07-31T06:00:00Z,32.2,118.8,NaN
2025204N19121,2025,CO-MAY,2025-07-31T09:00:00Z,32.2,118.2,NaN
2025204N19121,2025,CO-MAY,2025-07-31T12:00:00Z,32.1,117.8,NaN
2025204N19121,2025,CO-MAY,2025-07-31T15:00:00Z,31.9,117.7,NaN
2025204N19121,2025,CO-MAY,2025-07-31T18:00:00Z,31.8,117.8,NaN
2025204N19121,2025,CO-MAY,2025-07-31T21:00:00Z,31.7,117.7,NaN
2025204N19121,2025,CO-MAY,2025-08-01T00:00:00Z,31.7,117.6,NaN
2025204N19121,2025,CO-MAY,2025-08-01T03:00:00Z,31.7,117.5,NaN
2025204N19121,2025,CO-MAY,2025-08-01T06:00:00Z,31.7,117.4,NaN
2025204N19121,2025,CO-MAY,2025-08-01T09:00:00Z,31.9,117.4,NaN
2025204N19121,2025,CO-MAY,2025-08-01T12:00:00Z,32.1,117.4,NaN
2025204N19121,2025,CO-MAY,2025-08-01T15:00:00Z,32.3,117.3,NaN
2025204N19121,2025,CO-MAY,2025-08-01T18:00:00Z,32.4,117.2,NaN
2025205N13144,2025,KROSA,2025-07-23T18:00:00Z,13.2,144.1,NaN
2025205N13144,2025,KROSA,2025-07-23T21:00:00Z,13.2,144.0,NaN
2025205N13144,2025,KROSA,2025-07-24T00:00:00Z,13.5,143.9,NaN
2025205N13144,2025,KROSA,2025-07-24T03:00:00Z,14.3,143.7,NaN
2025205N13144,2025,KROSA,2025-07-24T06:00:00Z,15.2,143.5,NaN
2025205N13144,2025,KROSA,2025-07-24T09:00:00Z,15.8,143.5,NaN
2025205N13144,2025,KROSA,2025-07-24T12:00:00Z,16.2,143.5,NaN
2025205N13144,2025,KROSA,2025-07-24T15:00:00Z,16.2,143.3,NaN
2025205N13144,2025,KROSA,2025-07-24T18:00:00Z,16.2,143.2,NaN
2025205N13144,2025,KROSA,2025-07-24T21:00:00Z,16.5,143.3,NaN
2025205N13144,2025,KROSA,2025-07-25T00:00:00Z,16.9,143.4,NaN
2025205N13144,2025,KROSA,2025-07-25T03:00:00Z,17.1,143.3,NaN
2025205N13144,2025,KROSA,2025-07-25T06:00:00Z,17.3,143.3,NaN
2025205N13144,2025,KROSA,2025-07-25T09:00:00Z,17.6,143.5,NaN
2025205N13144,2025,KROSA,2025-07-25T12:00:00Z,17.8,143.7,NaN
2025205N13144,2025,KROSA,2025-07-25T15:00:00Z,17.8,143.6,NaN
2025205N13144,2025,KROSA,2025-07-25T18:00:00Z,17.7,143.4,NaN
2025205N13144,2025,KROSA,2025-07-25T21:00:00Z,17.7,143.5,NaN
2025205N13144,2025,KROSA,2025-07-26T00:00:00Z,17.8,143.7,NaN
2025205N13144,2025,KROSA,2025-07-26T03:00:00Z,17.8,143.9,NaN
2025205N13144,2025,KROSA,2025-07-26T06:00:00Z,17.9,144.1,NaN
2025205N13144,2025,KROSA,2025-07-26T09:00:00Z,18.1,144.3,NaN
2025205N13144,2025,KROSA,2025-07-26T12:00:00Z,18.5,144.5,NaN
2025205N13144,2025,KROSA,2025-07-26T15:00:00Z,19.0,144.8,NaN
2025205N13144,2025,KROSA,2025-07-26T18:00:00Z,19.5,145.0,NaN
2025205N13144,2025,KROSA,2025-07-26T21:00:00Z,19.8,145.1,NaN
2025205N13144,2025,KROSA,2025-07-27T00:00:00Z,20.2,145.1,NaN
2025205N13144,2025,KROSA,2025-07-27T03:00:00Z,20.8,145.0,NaN
2025205N13144,2025,KROSA,2025-07-27T06:00:00Z,21.5,145.0,NaN
2025205N13144,2025,KROSA,2025-07-27T09:00:00Z,22.1,145.2,NaN
2025205N13144,2025,KROSA,2025-07-27T12:00:00Z,22.7,145.4,NaN
2025205N13144,2025,KROSA,2025-07-27T15:00:00Z,23.5,145.4,NaN
2025205N13144,2025,KROSA,2025-07-27T18:00:00Z,24.4,145.3,NaN
2025205N13144,2025,KROSA,2025-07-27T21:00:00Z,25.0,145.3,NaN
2025205N13144,2025,KROSA,2025-07-28T00:00:00Z,25.8,145.2,NaN
2025205N13144,2025,KROSA,2025-07-28T03:00:00Z,27.4,144.9,NaN
2025205N13144,2025,KROSA,2025-07-28T06:00:00Z,28.7,144.5,NaN
2025205N13144,2025,KROSA,2025-07-28T09:00:00Z,28.3,144.1,NaN
2025205N13144,2025,KROSA,2025-07-28T12:00:00Z,27.5,143.7,NaN
2025205N13144,2025,KROSA,2025-07-28T15:00:00Z,27.5,143.4,NaN
2025205N13144,2025,KROSA,2025-07-28T18:00:00Z,27.9,143.2,NaN
2025205N13144,2025,KROSA,2025-07-28T21:00:00Z,28.1,143.0,NaN
2025205N13144,2025,KROSA,2025-07-29T00:00:00Z,28.4,142.9,NaN
2025205N13144,2025,KROSA,2025-07-29T03:00:00Z,28.5,142.9,NaN
2025205N13144,2025,KROSA,2025-07-29T06:00:00Z,28.5,142.9,NaN
2025205N13144,2025,KROSA,2025-07-29T09:00:00Z,28.6,142.9,NaN
2025205N13144,2025,KROSA,2025-07-29T12:00:00Z,28.6,142.9,NaN
2025205N13144,2025,KROSA,2025-07-29T15:00:00Z,28.7,142.9,NaN
2025205N13144,2025,KROSA,2025-07-29T18:00:00Z,28.7,142.8,NaN
2025205N13144,2025,KROSA,2025-07-29T21:00:00Z,28.7,142.8,NaN
2025205N13144,2025,KROSA,2025-07-30T00:00:00Z,28.7,142.8,NaN
2025205N13144,2025,KROSA,2025-07-30T03:00:00Z,28.8,143.1,NaN
2025205N13144,2025,KROSA,2025-07-30T06:00:00Z,28.9,143.3,NaN
2025205N13144,2025,KROSA,2025-07-30T09:00:00Z,28.9,143.3,NaN
2025205N13144,2025,KROSA,2025-07-30T12:00:00Z,29.0,143.2,NaN
2025205N13144,2025,KROSA,2025-07-30T15:00:00Z,29.1,143.2,NaN
2025205N13144,2025,KROSA,2025-07-30T18:00:00Z,29.3,143.2,NaN
2025205N13144,2025,KROSA,2025-07-30T21:00:00Z,29.7,143.1,NaN
2025205N13144,2025,KROSA,2025-07-31T00:00:00Z,30.0,142.9,NaN
2025205N13144,2025,KROSA,2025-07-31T03:00:00Z,30.0,142.7,NaN
2025205N13144,2025,KROSA,2025-07-31T06:00:00Z,30.1,142.6,NaN
2025205N13144,2025,KROSA,2025-07-31T09:00:00Z,30.4,142.5,NaN
2025205N13144,2025,KROSA,2025-07-31T12:00:00Z,30.8,142.3,NaN
2025205N13144,2025,KROSA,2025-07-31T15:00:00Z,31.2,142.1,NaN
2025205N13144,2025,KROSA,2025-07-31T18:00:00Z,31.6,142.0,NaN
2025205N13144,2025,KROSA,2025-07-31T21:00:00Z,32.1,141.9,NaN
2025205N13144,2025,KROSA,2025-08-01T00:00:00Z,32.6,141.7,NaN
2025205N13144,2025,KROSA,2025-08-01T03:00:00Z,33.2,141.5,NaN
2025205N13144,2025,KROSA,2025-08-01T06:00:00Z,33.7,141.3,NaN
2025205N13144,2025,KROSA,2025-08-01T09:00:00Z,34.0,141.2,NaN
2025205N13144,2025,KROSA,2025-08-01T12:00:00Z,34.3,141.3,NaN
2025205N13144,2025,KROSA,2025-08-01T15:00:00Z,34.7,141.5,NaN
2025205N13144,2025,KROSA,2025-08-01T18:00:00Z,35.2,141.8,NaN
2025205N13144,2025,KROSA,2025-08-01T21:00:00Z,35.8,142.1,NaN
2025205N13144,2025,KROSA,2025-08-02T00:00:00Z,36.4,142.6,NaN
2025205N13144,2025,KROSA,2025-08-02T03:00:00Z,37.0,143.2,NaN
2025205N13144,2025,KROSA,2025-08-02T06:00:00Z,37.5,144.0,NaN
2025205N13144,2025,KROSA,2025-08-02T09:00:00Z,37.9,145.0,NaN
2025205N13144,2025,KROSA,2025-08-02T12:00:00Z,38.3,146.0,NaN
2025205N13144,2025,KROSA,2025-08-02T15:00:00Z,38.6,146.9,NaN
2025205N13144,2025,KROSA,2025-08-02T18:00:00Z,39.0,147.9,NaN
2025205N13144,2025,KROSA,2025-08-02T21:00:00Z,39.5,149.2,NaN
2025205N13144,2025,KROSA,2025-08-03T00:00:00Z,39.9,150.8,NaN
2025205N13144,2025,KROSA,2025-08-03T03:00:00Z,40.3,152.5,NaN
2025205N13144,2025,KROSA,2025-08-03T06:00:00Z,40.6,154.2,NaN
2025205N13144,2025,KROSA,2025-08-03T09:00:00Z,40.9,155.9,NaN
2025205N13144,2025,KROSA,2025-08-03T12:00:00Z,41.2,157.5,NaN
2025205N13144,2025,KROSA,2025-08-03T15:00:00Z,41.6,158.9,NaN
2025205N13144,2025,KROSA,2025-08-03T18:00:00Z,42.0,160.3,NaN
2025205N13144,2025,KROSA,2025-08-03T21:00:00Z,42.4,161.6,NaN
2025205N13144,2025,KROSA,2025-08-04T00:00:00Z,42.7,163.0,NaN
2025206N11227,2025,IONA,2025-08-02T06:00:00Z,16.9,179.7,NaN
2025206N11227,2025,IONA,2025-08-02T09:00:00Z,17.3,178.9,NaN
2025206N11227,2025,IONA,2025-08-02T12:00:00Z,17.5,178.2,NaN
2025206N11227,2025,IONA,2025-08-02T15:00:00Z,17.7,177.4,NaN
2025206N11227,2025,IONA,2025-08-02T18:00:00Z,18.0,176.7,NaN
2025206N11227,2025,IONA,2025-08-02T21:00:00Z,18.3,176.0,NaN
2025206N11227,2025,IONA,2025-08-03T00:00:00Z,18.8,175.2,NaN
2025206N11227,2025,IONA,2025-08-03T03:00:00Z,19.5,174.3,NaN
2025206N11227,2025,IONA,2025-08-03T06:00:00Z,20.2,173.5,NaN
2025206N11227,2025,IONA,2025-08-03T09:00:00Z,20.8,172.7,NaN
2025206N11227,2025,IONA,2025-08-03T12:00:00Z,21.4,172.1,NaN
2025206N11227,2025,IONA,2025-08-03T15:00:00Z,21.9,171.6,NaN
2025206N11227,2025,IONA,2025-08-03T18:00:00Z,22.2,171.3,NaN
2025206N11227,2025,IONA,2025-08-03T21:00:00Z,22.5,171.1,NaN
2025206N11227,2025,IONA,2025-08-04T00:00:00Z,22.7,170.9,NaN
2025214N27137,2025,BAILU,2025-08-02T00:00:00Z,27.3,136.9,NaN
2025214N27137,2025,BAILU,2025-08-02T03:00:00Z,27.6,137.8,NaN
2025214N27137,2025,BAILU,2025-08-02T06:00:00Z,28.0,138.6,NaN
2025214N27137,2025,BAILU,2025-08-02T09:00:00Z,28.7,139.2,NaN
2025214N27137,2025,BAILU,2025-08-02T12:00:00Z,29.6,139.6,NaN
2025214N27137,2025,BAILU,2025-08-02T15:00:00Z,30.2,140.0,NaN
2025214N27137,2025,BAILU,2025-08-02T18:00:00Z,31.0,140.5,NaN
2025214N27137,2025,BAILU,2025-08-02T21:00:00Z,32.2,141.1,NaN
2025214N27137,2025,BAILU,2025-08-03T00:00:00Z,33.3,141.8,NaN
2025214N27137,2025,BAILU,2025-08-03T03:00:00Z,33.9,142.7,NaN
2025214N27137,2025,BAILU,2025-08-03T06:00:00Z,34.4,143.6,NaN
2025214N27137,2025,BAILU,2025-08-03T09:00:00Z,35.1,144.4,NaN
2025214N27137,2025,BAILU,2025-08-03T12:00:00Z,35.8,145.3,NaN
2025214N27137,2025,BAILU,2025-08-03T15:00:00Z,36.3,146.2,NaN
2025214N27137,2025,BAILU,2025-08-03T18:00:00Z,36.7,147.2,NaN
2025214N27137,2025,BAILU,2025-08-03T21:00:00Z,37.0,148.4,NaN
2025214N27137,2025,BAILU,2025-08-04T00:00:00Z,37.2,149.6,NaN
2025214N27137,2025,BAILU,2025-08-04T03:00:00Z,37.3,150.7,NaN
2025214N27137,2025,BAILU,2025-08-04T06:00:00Z,37.4,151.7,NaN
2025214N27137,2025,BAILU,2025-08-04T09:00:00Z,37.4,152.8,NaN
2025214N27137,2025,BAILU,2025-08-04T12:00:00Z,37.5,153.9,NaN
2025214N27137,2025,BAILU,2025-08-04T15:00:00Z,37.7,154.9,NaN
2025214N27137,2025,BAILU,2025-08-04T18:00:00Z,38.0,155.7,NaN
2025214N27137,2025,BAILU,2025-08-04T21:00:00Z,38.1,156.5,NaN
2025214N27137,2025,BAILU,2025-08-05T00:00:00Z,38.1,157.2,NaN
2025214N27137,2025,BAILU,2025-08-05T03:00:00Z,38.2,158.0,NaN
2025214N27137,2025,BAILU,2025-08-05T06:00:00Z,38.4,158.7,NaN
2025214N27137,2025,BAILU,2025-08-05T09:00:00Z,38.7,159.1,NaN
2025214N27137,2025,BAILU,2025-08-05T12:00:00Z,39.0,159.5,NaN
2025214N27137,2025,BAILU,2025-08-05T15:00:00Z,39.4,159.9,NaN
2025214N27137,2025,BAILU,2025-08-05T18:00:00Z,39.7,160.4,NaN
2025214N27137,2025,BAILU,2025-08-05T21:00:00Z,40.0,161.2,NaN
2025214N27137,2025,BAILU,2025-08-06T00:00:00Z,40.2,162.2,NaN
2025216N28163,2025,UNNAMED,2025-08-04T06:00:00Z,28.0,163.0,NaN
2025216N28163,2025,UNNAMED,2025-08-04T09:00:00Z,28.0,162.5,NaN
2025216N28163,2025,UNNAMED,2025-08-04T12:00:00Z,28.1,161.9,NaN
2025216N28163,2025,UNNAMED,2025-08-04T15:00:00Z,28.3,161.1,NaN
2025216N28163,2025,UNNAMED,2025-08-04T18:00:00Z,28.3,160.2,NaN
2025216N28163,2025,UNNAMED,2025-08-04T21:00:00Z,28.1,159.5,NaN
2025216N28163,2025,UNNAMED,2025-08-05T00:00:00Z,27.7,159.0,NaN
2025216N28163,2025,UNNAMED,2025-08-05T03:00:00Z,27.1,158.6,NaN
2025216N28163,2025,UNNAMED,2025-08-05T06:00:00Z,26.5,158.2,NaN
2025218N28157,2025,UNNAMED,2025-08-06T06:00:00Z,28.4,157.1,NaN
2025218N28157,2025,UNNAMED,2025-08-06T09:00:00Z,29.0,157.2,NaN
2025218N28157,2025,UNNAMED,2025-08-06T12:00:00Z,29.6,157.2,NaN
2025218N28157,2025,UNNAMED,2025-08-06T15:00:00Z,30.2,157.0,NaN
2025218N28157,2025,UNNAMED,2025-08-06T18:00:00Z,31.0,156.8,NaN
2025218N28157,2025,UNNAMED,2025-08-06T21:00:00Z,31.9,156.7,NaN
2025218N28157,2025,UNNAMED,2025-08-07T00:00:00Z,33.0,156.6,NaN
2025219N18148,2025,PODUL,2025-08-07T00:00:00Z,18.4,147.8,NaN
2025219N18148,2025,PODUL,2025-08-07T03:00:00Z,18.5,147.8,NaN
2025219N18148,2025,PODUL,2025-08-07T06:00:00Z,18.6,147.7,NaN
2025219N18148,2025,PODUL,2025-08-07T09:00:00Z,18.8,147.4,NaN
2025219N18148,2025,PODUL,2025-08-07T12:00:00Z,19.0,147.0,NaN
2025219N18148,2025,PODUL,2025-08-07T15:00:00Z,19.2,146.6,NaN
2025219N18148,2025,PODUL,2025-08-07T18:00:00Z,19.4,146.2,NaN
2025219N18148,2025,PODUL,2025-08-07T21:00:00Z,19.7,145.9,NaN
2025219N18148,2025,PODUL,2025-08-08T00:00:00Z,20.1,145.7,NaN
2025219N18148,2025,PODUL,2025-08-08T03:00:00Z,20.4,145.4,NaN
2025219N18148,2025,PODUL,2025-08-08T06:00:00Z,20.6,145.1,NaN
2025219N18148,2025,PODUL,2025-08-08T09:00:00Z,20.7,144.7,NaN
2025219N18148,2025,PODUL,2025-08-08T12:00:00Z,20.8,144.2,NaN
2025219N18148,2025,PODUL,2025-08-08T15:00:00Z,21.0,143.8,NaN
2025219N18148,2025,PODUL,2025-08-08T18:00:00Z,21.2,143.5,NaN
2025219N18148,2025,PODUL,2025-08-08T21:00:00Z,21.4,143.2,NaN
2025219N18148,2025,PODUL,2025-08-09T00:00:00Z,21.5,142.9,NaN
2025219N18148,2025,PODUL,2025-08-09T03:00:00Z,21.6,142.4,NaN
2025219N18148,2025,PODUL,2025-08-09T06:00:00Z,21.6,141.9,NaN
2025219N18148,2025,PODUL,2025-08-09T09:00:00Z,21.6,141.4,NaN
2025219N18148,2025,PODUL,2025-08-09T12:00:00Z,21.5,141.0,NaN
2025219N18148,2025,PODUL,2025-08-09T15:00:00Z,21.5,140.6,NaN
2025219N18148,2025,PODUL,2025-08-09T18:00:00Z,21.5,140.2,NaN
2025219N18148,2025,PODUL,2025-08-09T21:00:00Z,21.5,139.5,NaN
2025219N18148,2025,PODUL,2025-08-10T00:00:00Z,21.6,138.7,NaN
2025219N18148,2025,PODUL,2025-08-10T03:00:00Z,21.7,138.2,NaN
2025219N18148,2025,PODUL,2025-08-10T06:00:00Z,21.7,137.6,NaN
2025219N18148,2025,PODUL,2025-08-10T09:00:00Z,21.7,136.8,NaN
2025219N18148,2025,PODUL,2025-08-10T12:00:00Z,21.6,136.0,NaN
2025219N18148,2025,PODUL,2025-08-10T15:00:00Z,21.4,135.3,NaN
2025219N18148,2025,PODUL,2025-08-10T18:00:00Z,21.3,134.7,NaN
2025219N18148,2025,PODUL,2025-08-10T21:00:00Z,21.3,134.0,NaN
2025219N18148,2025,PODUL,2025-08-11T00:00:00Z,21.2,133.4,NaN
2025219N18148,2025,PODUL,2025-08-11T03:00:00Z,20.9,132.8,NaN
2025219N18148,2025,PODUL,2025-08-11T06:00:00Z,20.7,132.2,NaN
2025219N18148,2025,PODUL,2025-08-11T09:00:00Z,20.8,131.6,NaN
2025219N18148,2025,PODUL,2025-08-11T12:00:00Z,21.0,130.9,NaN
2025219N18148,2025,PODUL,2025-08-11T15:00:00Z,20.8,130.1,NaN
2025219N18148,2025,PODUL,2025-08-11T18:00:00Z,20.6,129.3,NaN
2025219N18148,2025,PODUL,2025-08-11T21:00:00Z,20.7,128.7,NaN
2025219N18148,2025,PODUL,2025-08-12T00:00:00Z,20.9,128.1,NaN
2025219N18148,2025,PODUL,2025-08-12T03:00:00Z,21.1,127.3,NaN
2025219N18148,2025,PODUL,2025-08-12T06:00:00Z,21.3,126.5,NaN
2025219N18148,2025,PODUL,2025-08-12T09:00:00Z,21.4,125.7,NaN
2025219N18148,2025,PODUL,2025-08-12T12:00:00Z,21.6,125.0,NaN
2025219N18148,2025,PODUL,2025-08-12T15:00:00Z,21.8,124.2,NaN
2025219N18148,2025,PODUL,2025-08-12T18:00:00Z,22.0,123.4,NaN
2025219N18148,2025,PODUL,2025-08-12T21:00:00Z,22.0,122.7,NaN
2025219N18148,2025,PODUL,2025-08-13T00:00:00Z,22.1,122.0,NaN
2025219N18148,2025,PODUL,2025-08-13T03:00:00Z,22.5,121.3,NaN
2025219N18148,2025,PODUL,2025-08-13T06:00:00Z,22.9,120.6,NaN
2025219N18148,2025,PODUL,2025-08-13T09:00:00Z,23.2,119.7,NaN
2025219N18148,2025,PODUL,2025-08-13T12:00:00Z,23.4,118.8,NaN
2025230N20107,2025,UNNAMED,2025-08-18T06:00:00Z,19.5,107.3,NaN
2025230N20107,2025,UNNAMED,2025-08-18T09:00:00Z,19.8,107.3,NaN
2025230N20107,2025,UNNAMED,2025-08-18T12:00:00Z,20.1,107.3,NaN
2025230N20107,2025,UNNAMED,2025-08-18T15:00:00Z,20.7,107.3,NaN
2025230N20107,2025,UNNAMED,2025-08-18T18:00:00Z,21.2,107.3,NaN
2025231N27128,2025,LINGLING,2025-08-19T06:00:00Z,27.1,127.6,NaN
2025231N27128,2025,LINGLING,2025-08-19T09:00:00Z,27.5,127.4,NaN
2025231N27128,2025,LINGLING,2025-08-19T12:00:00Z,27.9,127.1,NaN
2025231N27128,2025,LINGLING,2025-08-19T15:00:00Z,28.2,126.9,NaN
2025231N27128,2025,LINGLING,2025-08-19T18:00:00Z,28.6,126.8,NaN
2025231N27128,2025,LINGLING,2025-08-19T21:00:00Z,29.0,127.0,NaN
2025231N27128,2025,LINGLING,2025-08-20T00:00:00Z,29.4,127.4,NaN
2025231N27128,2025,LINGLING,2025-08-20T03:00:00Z,29.8,127.7,NaN
2025231N27128,2025,LINGLING,2025-08-20T06:00:00Z,30.3,127.9,NaN
2025231N27128,2025,LINGLING,2025-08-20T09:00:00Z,30.8,127.9,NaN
2025231N27128,2025,LINGLING,2025-08-20T12:00:00Z,31.2,128.0,NaN
2025231N27128,2025,LINGLING,2025-08-20T15:00:00Z,31.6,128.4,NaN
2025231N27128,2025,LINGLING,2025-08-20T18:00:00Z,31.8,128.9,NaN
2025231N27128,2025,LINGLING,2025-08-20T21:00:00Z,32.0,129.1,NaN
2025231N27128,2025,LINGLING,2025-08-21T00:00:00Z,32.0,129.2,NaN
2025231N27128,2025,LINGLING,2025-08-21T03:00:00Z,31.9,129.5,NaN
2025231N27128,2025,LINGLING,2025-08-21T06:00:00Z,31.7,129.9,NaN
2025231N27128,2025,LINGLING,2025-08-21T09:00:00Z,31.6,130.4,NaN
2025231N27128,2025,LINGLING,2025-08-21T12:00:00Z,31.6,130.9,NaN
2025231N27128,2025,LINGLING,2025-08-21T15:00:00Z,31.7,131.2,NaN
2025231N27128,2025,LINGLING,2025-08-21T18:00:00Z,31.8,131.4,NaN
2025231N27128,2025,LINGLING,2025-08-21T21:00:00Z,31.9,131.7,NaN
2025231N27128,2025,LINGLING,2025-08-22T00:00:00Z,32.1,132.0,NaN
2025231N27128,2025,LINGLING,2025-08-22T03:00:00Z,32.3,132.3,NaN
2025231N27128,2025,LINGLING,2025-08-22T06:00:00Z,32.4,132.6,NaN
2025231N27128,2025,LINGLING,2025-08-22T09:00:00Z,32.5,132.9,NaN
2025231N27128,2025,LINGLING,2025-08-22T12:00:00Z,32.5,133.1,NaN
2025235N17117,2025,KAJIKI,2025-08-22T18:00:00Z,17.1,117.0,NaN
2025235N17117,2025,KAJIKI,2025-08-22T21:00:00Z,17.3,116.9,NaN
2025235N17117,2025,KAJIKI,2025-08-23T00:00:00Z,17.5,116.6,NaN
2025235N17117,2025,KAJIKI,2025-08-23T03:00:00Z,17.6,115.9,NaN
2025235N17117,2025,KAJIKI,2025-08-23T06:00:00Z,17.6,115.0,NaN
2025235N17117,2025,KAJIKI,2025-08-23T09:00:00Z,17.8,114.3,NaN
2025235N17117,2025,KAJIKI,2025-08-23T12:00:00Z,17.9,113.6,NaN
2025235N17117,2025,KAJIKI,2025-08-23T15:00:00Z,17.6,112.9,NaN
2025235N17117,2025,KAJIKI,2025-08-23T18:00:00Z,17.2,112.2,NaN
2025235N17117,2025,KAJIKI,2025-08-23T21:00:00Z,17.1,111.6,NaN
2025235N17117,2025,KAJIKI,2025-08-24T00:00:00Z,17.2,111.1,NaN
2025235N17117,2025,KAJIKI,2025-08-24T03:00:00Z,17.3,110.7,NaN
2025235N17117,2025,KAJIKI,2025-08-24T06:00:00Z,17.4,110.3,NaN
2025235N17117,2025,KAJIKI,2025-08-24T09:00:00Z,17.7,109.8,NaN
2025235N17117,2025,KAJIKI,2025-08-24T12:00:00Z,17.9,109.3,NaN
2025235N17117,2025,KAJIKI,2025-08-24T15:00:00Z,18.0,108.9,NaN
2025235N17117,2025,KAJIKI,2025-08-24T18:00:00Z,18.1,108.4,NaN
2025235N17117,2025,KAJIKI,2025-08-24T21:00:00Z,18.1,107.8,NaN
2025235N17117,2025,KAJIKI,2025-08-25T00:00:00Z,18.2,107.2,NaN
2025235N17117,2025,KAJIKI,2025-08-25T03:00:00Z,18.3,106.6,NaN
2025235N17117,2025,KAJIKI,2025-08-25T06:00:00Z,18.5,106.2,NaN
2025235N17117,2025,KAJIKI,2025-08-25T09:00:00Z,18.6,105.9,NaN
2025235N17117,2025,KAJIKI,2025-08-25T12:00:00Z,18.6,105.7,NaN
2025240N15116,2025,NONGFA,2025-08-28T06:00:00Z,14.9,115.9,NaN
2025240N15116,2025,NONGFA,2025-08-28T09:00:00Z,14.9,115.8,NaN
2025240N15116,2025,NONGFA,2025-08-28T12:00:00Z,15.0,115.5,NaN
2025240N15116,2025,NONGFA,2025-08-28T15:00:00Z,15.3,114.8,NaN
2025240N15116,2025,NONGFA,2025-08-28T18:00:00Z,15.6,114.1,NaN
2025240N15116,2025,NONGFA,2025-08-28T21:00:00Z,15.9,113.6,NaN
2025240N15116,2025,NONGFA,2025-08-29T00:00:00Z,16.1,113.2,NaN
2025240N15116,2025,NONGFA,2025-08-29T03:00:00Z,16.2,112.7,NaN
2025240N15116,2025,NONGFA,2025-08-29T06:00:00Z,16.4,112.2,NaN
2025240N15116,2025,NONGFA,2025-08-29T09:00:00Z,16.8,111.8,NaN
2025240N15116,2025,NONGFA,2025-08-29T12:00:00Z,17.2,111.2,NaN
2025240N15116,2025,NONGFA,2025-08-29T15:00:00Z,17.3,110.3,NaN
2025240N15116,2025,NONGFA,2025-08-29T18:00:00Z,17.3,109.3,NaN
2025240N15116,2025,NONGFA,2025-08-29T21:00:00Z,17.4,108.7,NaN
2025240N15116,2025,NONGFA,2025-08-30T00:00:00Z,17.5,108.2,NaN
2025240N15116,2025,NONGFA,2025-08-30T03:00:00Z,17.7,107.5,NaN
2025240N15116,2025,NONGFA,2025-08-30T06:00:00Z,17.9,106.6,NaN
2025240N15116,2025,NONGFA,2025-08-30T09:00:00Z,18.0,105.5,NaN
2025240N15116,2025,NONGFA,2025-08-30T12:00:00Z,18.0,104.4,NaN
2025247N27132,2025,PEIPAH,2025-09-03T12:00:00Z,27.0,131.6,NaN
2025247N27132,2025,PEIPAH,2025-09-03T15:00:00Z,27.5,131.3,NaN
2025247N27132,2025,PEIPAH,2025-09-03T18:00:00Z,28.1,131.1,NaN
2025247N27132,2025,PEIPAH,2025-09-03T21:00:00Z,28.9,131.0,NaN
2025247N27132,2025,PEIPAH,2025-09-04T00:00:00Z,29.7,131.1,NaN
2025247N27132,2025,PEIPAH,2025-09-04T03:00:00Z,30.4,131.3,NaN
2025247N27132,2025,PEIPAH,2025-09-04T06:00:00Z,31.0,131.5,NaN
2025247N27132,2025,PEIPAH,2025-09-04T09:00:00Z,31.7,131.7,NaN
2025247N27132,2025,PEIPAH,2025-09-04T12:00:00Z,32.3,132.0,NaN
2025247N27132,2025,PEIPAH,2025-09-04T15:00:00Z,32.7,132.2,NaN
2025247N27132,2025,PEIPAH,2025-09-04T18:00:00Z,33.1,132.8,NaN
2025247N27132,2025,PEIPAH,2025-09-04T21:00:00Z,33.5,133.9,NaN
2025247N27132,2025,PEIPAH,2025-09-05T00:00:00Z,33.9,135.5,NaN
2025247N27132,2025,PEIPAH,2025-09-05T03:00:00Z,34.4,137.3,NaN
2025247N27132,2025,PEIPAH,2025-09-05T06:00:00Z,34.9,139.3,NaN
2025247N27132,2025,PEIPAH,2025-09-05T09:00:00Z,35.3,141.1,NaN
2025247N27132,2025,PEIPAH,2025-09-05T12:00:00Z,35.6,142.9,NaN
2025249N18117,2025,TAPAH,2025-09-06T06:00:00Z,18.2,116.5,NaN
2025249N18117,2025,TAPAH,2025-09-06T09:00:00Z,18.4,116.3,NaN
2025249N18117,2025,TAPAH,2025-09-06T12:00:00Z,18.6,115.9,NaN
2025249N18117,2025,TAPAH,2025-09-06T15:00:00Z,18.6,115.3,NaN
2025249N18117,2025,TAPAH,2025-09-06T18:00:00Z,18.5,114.8,NaN
2025249N18117,2025,TAPAH,2025-09-06T21:00:00Z,18.3,114.6,NaN
2025249N18117,2025,TAPAH,2025-09-07T00:00:00Z,18.3,114.4,NaN
2025249N18117,2025,TAPAH,2025-09-07T03:00:00Z,18.7,114.1,NaN
2025249N18117,2025,TAPAH,2025-09-07T06:00:00Z,19.3,113.8,NaN
2025249N18117,2025,TAPAH,2025-09-07T09:00:00Z,19.7,113.7,NaN
2025249N18117,2025,TAPAH,2025-09-07T12:00:00Z,20.0,113.6,NaN
2025249N18117,2025,TAPAH,2025-09-07T15:00:00Z,20.4,113.4,NaN
2025249N18117,2025,TAPAH,2025-09-07T18:00:00Z,20.8,113.2,NaN
2025249N18117,2025,TAPAH,2025-09-07T21:00:00Z,21.3,112.9,NaN
2025249N18117,2025,TAPAH,2025-09-08T00:00:00Z,21.8,112.6,NaN
2025259N16124,2025,MITAG,2025-09-16T06:00:00Z,15.5,123.5,NaN
2025259N16124,2025,MITAG,2025-09-16T09:00:00Z,15.7,123.2,NaN
2025259N16124,2025,MITAG,2025-09-16T12:00:00Z,15.9,122.9,NaN
2025259N16124,2025,MITAG,2025-09-16T15:00:00Z,16.0,122.5,NaN
2025259N16124,2025,MITAG,2025-09-16T18:00:00Z,16.1,122.2,NaN
2025259N16124,2025,MITAG,2025-09-16T21:00:00Z,16.4,122.0,NaN
2025259N16124,2025,MITAG,2025-09-17T00:00:00Z,16.9,121.8,NaN
2025259N16124,2025,MITAG,2025-09-17T03:00:00Z,17.4,121.5,NaN
2025259N16124,2025,MITAG,2025-09-17T06:00:00Z,17.9,121.2,NaN
2025259N16124,2025,MITAG,2025-09-17T09:00:00Z,18.3,120.9,NaN
2025259N16124,2025,MITAG,2025-09-17T12:00:00Z,18.6,120.5,NaN
2025259N16124,2025,MITAG,2025-09-17T15:00:00Z,18.7,120.2,NaN
2025259N16124,2025,MITAG,2025-09-17T18:00:00Z,18.8,119.9,NaN
2025259N16124,2025,MITAG,2025-09-17T21:00:00Z,19.3,119.5,NaN
2025259N16124,2025,MITAG,2025-09-18T00:00:00Z,19.8,118.9,NaN
2025259N16124,2025,MITAG,2025-09-18T03:00:00Z,19.9,118.1,NaN
2025259N16124,2025,MITAG,2025-09-18T06:00:00Z,19.9,117.4,NaN
2025259N16124,2025,MITAG,2025-09-18T09:00:00Z,19.9,117.0,NaN
2025259N16124,2025,MITAG,2025-09-18T12:00:00Z,20.1,116.8,NaN
2025259N16124,2025,MITAG,2025-09-18T15:00:00Z,20.6,116.7,NaN
2025259N16124,2025,MITAG,2025-09-18T18:00:00Z,21.3,116.5,NaN
2025259N16124,2025,MITAG,2025-09-18T21:00:00Z,21.9,116.2,NaN
2025259N16124,2025,MITAG,2025-09-19T00:00:00Z,22.3,115.8,NaN
2025259N16124,2025,MITAG,2025-09-19T03:00:00Z,22.6,115.6,NaN
2025259N16124,2025,MITAG,2025-09-19T06:00:00Z,22.8,115.4,NaN
2025259N16124,2025,MITAG,2025-09-19T09:00:00Z,23.1,115.1,NaN
2025259N16124,2025,MITAG,2025-09-19T12:00:00Z,23.4,114.7,NaN
2025262N16133,2025,RAGASA,2025-09-18T12:00:00Z,15.9,133.0,NaN
2025262N16133,2025,RAGASA,2025-09-18T15:00:00Z,16.1,132.7,NaN
2025262N16133,2025,RAGASA,2025-09-18T18:00:00Z,16.2,132.3,NaN
2025262N16133,2025,RAGASA,2025-09-18T21:00:00Z,16.1,131.8,NaN
2025262N16133,2025,RAGASA,2025-09-19T00:00:00Z,16.0,131.3,NaN
2025262N16133,2025,RAGASA,2025-09-19T03:00:00Z,16.0,131.0,NaN
2025262N16133,2025,RAGASA,2025-09-19T06:00:00Z,16.1,130.7,NaN
2025262N16133,2025,RAGASA,2025-09-19T09:00:00Z,16.2,130.4,NaN
2025262N16133,2025,RAGASA,2025-09-19T12:00:00Z,16.3,130.1,NaN
2025262N16133,2025,RAGASA,2025-09-19T15:00:00Z,16.3,130.0,NaN
2025262N16133,2025,RAGASA,2025-09-19T18:00:00Z,16.2,130.0,NaN
2025262N16133,2025,RAGASA,2025-09-19T21:00:00Z,16.2,129.8,NaN
2025262N16133,2025,RAGASA,2025-09-20T00:00:00Z,16.3,129.6,NaN
2025262N16133,2025,RAGASA,2025-09-20T03:00:00Z,16.5,129.4,NaN
2025262N16133,2025,RAGASA,2025-09-20T06:00:00Z,16.7,129.1,NaN
2025262N16133,2025,RAGASA,2025-09-20T09:00:00Z,16.9,128.9,NaN
2025262N16133,2025,RAGASA,2025-09-20T12:00:00Z,17.2,128.7,NaN
2025262N16133,2025,RAGASA,2025-09-20T15:00:00Z,17.5,128.3,NaN
2025262N16133,2025,RAGASA,2025-09-20T18:00:00Z,17.8,127.9,NaN
2025262N16133,2025,RAGASA,2025-09-20T21:00:00Z,17.9,127.4,NaN
2025262N16133,2025,RAGASA,2025-09-21T00:00:00Z,17.9,127.0,NaN
2025262N16133,2025,RAGASA,2025-09-21T03:00:00Z,18.1,126.6,NaN
2025262N16133,2025,RAGASA,2025-09-21T06:00:00Z,18.3,126.3,NaN
2025262N16133,2025,RAGASA,2025-09-21T09:00:00Z,18.6,125.9,NaN
2025262N16133,2025,RAGASA,2025-09-21T12:00:00Z,18.9,125.4,NaN
2025262N16133,2025,RAGASA,2025-09-21T15:00:00Z,19.0,124.8,NaN
2025262N16133,2025,RAGASA,2025-09-21T18:00:00Z,19.1,124.1,NaN
2025262N16133,2025,RAGASA,2025-09-21T21:00:00Z,19.2,123.5,NaN
2025262N16133,2025,RAGASA,2025-09-22T00:00:00Z,19.3,122.9,NaN
2025262N16133,2025,RAGASA,2025-09-22T03:00:00Z,19.3,122.3,NaN
2025262N16133,2025,RAGASA,2025-09-22T06:00:00Z,19.3,121.7,NaN
2025262N16133,2025,RAGASA,2025-09-22T09:00:00Z,19.3,121.1,NaN
2025262N16133,2025,RAGASA,2025-09-22T12:00:00Z,19.4,120.5,NaN
2025262N16133,2025,RAGASA,2025-09-22T15:00:00Z,19.5,119.9,NaN
2025262N16133,2025,RAGASA,2025-09-22T18:00:00Z,19.6,119.3,NaN
2025262N16133,2025,RAGASA,2025-09-22T21:00:00Z,19.8,118.7,NaN
2025262N16133,2025,RAGASA,2025-09-23T00:00:00Z,20.0,118.2,NaN
2025262N16133,2025,RAGASA,2025-09-23T03:00:00Z,20.2,117.6,NaN
2025262N16133,2025,RAGASA,2025-09-23T06:00:00Z,20.4,117.1,NaN
2025262N16133,2025,RAGASA,2025-09-23T09:00:00Z,20.6,116.6,NaN
2025262N16133,2025,RAGASA,2025-09-23T12:00:00Z,20.8,116.0,NaN
2025262N16133,2025,RAGASA,2025-09-23T15:00:00Z,21.0,115.4,NaN
2025262N16133,2025,RAGASA,2025-09-23T18:00:00Z,21.1,114.8,NaN
2025262N16133,2025,RAGASA,2025-09-23T21:00:00Z,21.1,114.3,NaN
2025262N16133,2025,RAGASA,2025-09-24T00:00:00Z,21.2,113.8,NaN
2025262N16133,2025,RAGASA,2025-09-24T03:00:00Z,21.4,113.2,NaN
2025262N16133,2025,RAGASA,2025-09-24T06:00:00Z,21.6,112.6,NaN
2025262N16133,2025,RAGASA,2025-09-24T09:00:00Z,21.7,111.9,NaN
2025262N16133,2025,RAGASA,2025-09-24T12:00:00Z,21.8,111.1,NaN
2025262N23163,2025,NEOGURI,2025-09-18T12:00:00Z,23.0,162.9,NaN
2025262N23163,2025,NEOGURI,2025-09-18T15:00:00Z,23.3,162.6,NaN
2025262N23163,2025,NEOGURI,2025-09-18T18:00:00Z,23.5,162.3,NaN
2025262N23163,2025,NEOGURI,2025-09-18T21:00:00Z,23.6,161.9,NaN
2025262N23163,2025,NEOGURI,2025-09-19T00:00:00Z,23.7,161.4,NaN
2025262N23163,2025,NEOGURI,2025-09-19T03:00:00Z,23.9,160.9,NaN
2025262N23163,2025,NEOGURI,2025-09-19T06:00:00Z,24.1,160.3,NaN
2025262N23163,2025,NEOGURI,2025-09-19T09:00:00Z,24.4,159.6,NaN
2025262N23163,2025,NEOGURI,2025-09-19T12:00:00Z,24.7,159.0,NaN
2025262N23163,2025,NEOGURI,2025-09-19T15:00:00Z,24.9,158.5,NaN
2025262N23163,2025,NEOGURI,2025-09-19T18:00:00Z,25.1,158.0,NaN
2025262N23163,2025,NEOGURI,2025-09-19T21:00:00Z,25.3,157.4,NaN
2025262N23163,2025,NEOGURI,2025-09-20T00:00:00Z,25.5,156.9,NaN
2025262N23163,2025,NEOGURI,2025-09-20T03:00:00Z,25.7,156.5,NaN
2025262N23163,2025,NEOGURI,2025-09-20T06:00:00Z,25.9,156.1,NaN
2025262N23163,2025,NEOGURI,2025-09-20T09:00:00Z,26.0,155.6,NaN
2025262N23163,2025,NEOGURI,2025-09-20T12:00:00Z,26.2,155.0,NaN
2025262N23163,2025,NEOGURI,2025-09-20T15:00:00Z,26.5,154.4,NaN
2025262N23163,2025,NEOGURI,2025-09-20T18:00:00Z,26.8,153.8,NaN
2025262N23163,2025,NEOGURI,2025-09-20T21:00:00Z,27.0,153.2,NaN
2025262N23163,2025,NEOGURI,2025-09-21T00:00:00Z,27.2,152.7,NaN
2025262N23163,2025,NEOGURI,2025-09-21T03:00:00Z,27.4,152.2,NaN
2025262N23163,2025,NEOGURI,2025-09-21T06:00:00Z,27.7,151.8,NaN
2025262N23163,2025,NEOGURI,2025-09-21T09:00:00Z,28.1,151.6,NaN
2025262N23163,2025,NEOGURI,2025-09-21T12:00:00Z,28.5,151.4,NaN
2025262N23163,2025,NEOGURI,2025-09-21T15:00:00Z,28.9,151.1,NaN
2025262N23163,2025,NEOGURI,2025-09-21T18:00:00Z,29.3,150.9,NaN
2025262N23163,2025,NEOGURI,2025-09-21T21:00:00Z,29.5,150.9,NaN
2025262N23163,2025,NEOGURI,2025-09-22T00:00:00Z,29.7,151.0,NaN
2025262N23163,2025,NEOGURI,2025-09-22T03:00:00Z,30.0,151.3,NaN
2025262N23163,2025,NEOGURI,2025-09-22T06:00:00Z,30.2,151.8,NaN
2025262N23163,2025,NEOGURI,2025-09-22T09:00:00Z,30.3,152.2,NaN
2025262N23163,2025,NEOGURI,2025-09-22T12:00:00Z,30.3,152.6,NaN
2025262N23163,2025,NEOGURI,2025-09-22T15:00:00Z,30.4,152.7,NaN
2025262N23163,2025,NEOGURI,2025-09-22T18:00:00Z,30.5,152.8,NaN
2025262N23163,2025,NEOGURI,2025-09-22T21:00:00Z,30.5,153.0,NaN
2025262N23163,2025,NEOGURI,2025-09-23T00:00:00Z,30.5,153.1,NaN
2025262N23163,2025,NEOGURI,2025-09-23T03:00:00Z,30.6,153.2,NaN
2025262N23163,2025,NEOGURI,2025-09-23T06:00:00Z,30.7,153.3,NaN
2025262N23163,2025,NEOGURI,2025-09-23T09:00:00Z,30.7,153.3,NaN
2025262N23163,2025,NEOGURI,2025-09-23T12:00:00Z,30.6,153.3,NaN
2025262N23163,2025,NEOGURI,2025-09-23T15:00:00Z,30.5,153.5,NaN
2025262N23163,2025,NEOGURI,2025-09-23T18:00:00Z,30.4,153.7,NaN
2025262N23163,2025,NEOGURI,2025-09-23T21:00:00Z,30.4,153.9,NaN
2025262N23163,2025,NEOGURI,2025-09-24T00:00:00Z,30.4,154.3,NaN
2025262N23163,2025,NEOGURI,2025-09-24T03:00:00Z,30.4,154.8,NaN
2025262N23163,2025,NEOGURI,2025-09-24T06:00:00Z,30.5,155.4,NaN
2025262N23163,2025,NEOGURI,2025-09-24T09:00:00Z,30.8,156.1,NaN
2025262N23163,2025,NEOGURI,2025-09-24T12:00:00Z,31.2,156.8,NaN
2025262N23163,2025,NEOGURI,2025-09-24T15:00:00Z,31.8,157.2,NaN
2025262N23163,2025,NEOGURI,2025-09-24T18:00:00Z,32.3,157.3,NaN
2025262N23163,2025,NEOGURI,2025-09-24T21:00:00Z,32.6,157.4,NaN
2025262N23163,2025,NEOGURI,2025-09-25T00:00:00Z,32.8,157.2,NaN
2025262N23163,2025,NEOGURI,2025-09-25T03:00:00Z,33.0,156.7,NaN
2025262N23163,2025,NEOGURI,2025-09-25T06:00:00Z,33.0,156.1,NaN
2025262N23163,2025,NEOGURI,2025-09-25T09:00:00Z,32.7,155.5,NaN
2025262N23163,2025,NEOGURI,2025-09-25T12:00:00Z,32.4,154.9,NaN
2025262N23163,2025,NEOGURI,2025-09-25T15:00:00Z,32.2,154.5,NaN
2025262N23163,2025,NEOGURI,2025-09-25T18:00:00Z,32.1,154.2,NaN
2025262N23163,2025,NEOGURI,2025-09-25T21:00:00Z,32.0,153.9,NaN
2025262N23163,2025,NEOGURI,2025-09-26T00:00:00Z,32.0,153.7,NaN
2025262N23163,2025,NEOGURI,2025-09-26T03:00:00Z,32.1,153.6,NaN
2025262N23163,2025,NEOGURI,2025-09-26T06:00:00Z,32.1,153.6,NaN
2025262N23163,2025,NEOGURI,2025-09-26T09:00:00Z,32.0,153.6,NaN
2025262N23163,2025,NEOGURI,2025-09-26T12:00:00Z,31.9,153.7,NaN
2025262N23163,2025,NEOGURI,2025-09-26T15:00:00Z,31.7,154.0,NaN
2025262N23163,2025,NEOGURI,2025-09-26T18:00:00Z,31.6,154.4,NaN
2025262N23163,2025,NEOGURI,2025-09-26T21:00:00Z,31.5,154.9,NaN
2025262N23163,2025,NEOGURI,2025-09-27T00:00:00Z,31.5,155.5,NaN
2025262N23163,2025,NEOGURI,2025-09-27T03:00:00Z,31.7,156.3,NaN
2025262N23163,2025,NEOGURI,2025-09-27T06:00:00Z,31.9,157.1,NaN
2025262N23163,2025,NEOGURI,2025-09-27T09:00:00Z,32.1,157.9,NaN
2025262N23163,2025,NEOGURI,2025-09-27T12:00:00Z,32.3,158.8,NaN
2025262N23163,2025,NEOGURI,2025-09-27T15:00:00Z,32.7,159.6,NaN
2025262N23163,2025,NEOGURI,2025-09-27T18:00:00Z,33.2,160.5,NaN
2025262N23163,2025,NEOGURI,2025-09-27T21:00:00Z,33.7,161.4,NaN
2025262N23163,2025,NEOGURI,2025-09-28T00:00:00Z,34.3,162.4,NaN
2025262N23163,2025,NEOGURI,2025-09-28T03:00:00Z,35.0,163.6,NaN
2025262N23163,2025,NEOGURI,2025-09-28T06:00:00Z,35.8,164.8,NaN
2025262N23163,2025,NEOGURI,2025-09-28T09:00:00Z,36.8,166.1,NaN
2025262N23163,2025,NEOGURI,2025-09-28T12:00:00Z,38.0,167.3,NaN
2025262N23163,2025,NEOGURI,2025-09-28T15:00:00Z,39.2,168.5,NaN
2025262N23163,2025,NEOGURI,2025-09-28T18:00:00Z,40.3,169.7,NaN
2025262N23163,2025,NEOGURI,2025-09-28T21:00:00Z,41.4,171.0,NaN
2025262N23163,2025,NEOGURI,2025-09-29T00:00:00Z,42.4,172.4,NaN
2025267N10134,2025,BUALOI,2025-09-23T12:00:00Z,9.9,134.4,NaN
2025267N10134,2025,BUALOI,2025-09-23T15:00:00Z,9.7,134.0,NaN
2025267N10134,2025,BUALOI,2025-09-23T18:00:00Z,9.5,133.7,NaN
2025267N10134,2025,BUALOI,2025-09-23T21:00:00Z,9.4,133.4,NaN
2025267N10134,2025,BUALOI,2025-09-24T00:00:00Z,9.5,133.0,NaN
2025267N10134,2025,BUALOI,2025-09-24T03:00:00Z,9.7,132.4,NaN
2025267N10134,2025,BUALOI,2025-09-24T06:00:00Z,10.0,131.8,NaN
2025267N10134,2025,BUALOI,2025-09-24T09:00:00Z,10.2,131.4,NaN
2025267N10134,2025,BUALOI,2025-09-24T12:00:00Z,10.4,131.0,NaN
2025267N10134,2025,BUALOI,2025-09-24T15:00:00Z,10.5,130.6,NaN
2025267N10134,2025,BUALOI,2025-09-24T18:00:00Z,10.7,130.1,NaN
2025267N10134,2025,BUALOI,2025-09-24T21:00:00Z,11.0,129.7,NaN
2025267N10134,2025,BUALOI,2025-09-25T00:00:00Z,11.2,129.2,NaN
2025267N10134,2025,BUALOI,2025-09-25T03:00:00Z,11.2,128.7,NaN
2025267N10134,2025,BUALOI,2025-09-25T06:00:00Z,11.3,128.1,NaN
2025267N10134,2025,BUALOI,2025-09-25T09:00:00Z,11.6,127.5,NaN
2025267N10134,2025,BUALOI,2025-09-25T12:00:00Z,12.0,126.8,NaN
2025267N10134,2025,BUALOI,2025-09-25T15:00:00Z,12.1,126.2,NaN
2025267N10134,2025,BUALOI,2025-09-25T18:00:00Z,12.1,125.5,NaN
2025267N10134,2025,BUALOI,2025-09-25T21:00:00Z,12.2,124.5,NaN
2025267N10134,2025,BUALOI,2025-09-26T00:00:00Z,12.3,123.3,NaN
2025267N10134,2025,BUALOI,2025-09-26T03:00:00Z,12.5,121.9,NaN
2025267N10134,2025,BUALOI,2025-09-26T06:00:00Z,12.7,120.6,NaN
2025267N10134,2025,BUALOI,2025-09-26T09:00:00Z,12.9,119.8,NaN
2025267N10134,2025,BUALOI,2025-09-26T12:00:00Z,13.1,119.2,NaN
2025267N10134,2025,BUALOI,2025-09-26T15:00:00Z,13.4,118.3,NaN
2025267N10134,2025,BUALOI,2025-09-26T18:00:00Z,13.8,117.3,NaN
2025267N10134,2025,BUALOI,2025-09-26T21:00:00Z,14.3,116.2,NaN
2025267N10134,2025,BUALOI,2025-09-27T00:00:00Z,14.8,115.1,NaN
2025267N10134,2025,BUALOI,2025-09-27T03:00:00Z,15.0,114.4,NaN
2025267N10134,2025,BUALOI,2025-09-27T06:00:00Z,15.2,113.8,NaN
2025267N10134,2025,BUALOI,2025-09-27T09:00:00Z,15.5,113.0,NaN
2025267N10134,2025,BUALOI,2025-09-27T12:00:00Z,15.8,112.1,NaN
2025267N10134,2025,BUALOI,2025-09-27T15:00:00Z,15.8,111.3,NaN
2025267N10134,2025,BUALOI,2025-09-27T18:00:00Z,15.8,110.6,NaN
2025267N10134,2025,BUALOI,2025-09-27T21:00:00Z,16.1,110.0,NaN
2025267N10134,2025,BUALOI,2025-09-28T00:00:00Z,16.4,109.4,NaN
2025267N10134,2025,BUALOI,2025-09-28T03:00:00Z,16.7,108.7,NaN
2025267N10134,2025,BUALOI,2025-09-28T06:00:00Z,17.0,108.1,NaN
2025267N10134,2025,BUALOI,2025-09-28T09:00:00Z,17.4,107.6,NaN
2025267N10134,2025,BUALOI,2025-09-28T12:00:00Z,17.7,107.1,NaN
2025267N10134,2025,BUALOI,2025-09-28T15:00:00Z,18.0,106.6,NaN
2025267N10134,2025,BUALOI,2025-09-28T18:00:00Z,18.2,106.2,NaN
2025274N15131,2025,MATMO,2025-10-01T06:00:00Z,14.7,130.8,NaN
2025274N15131,2025,MATMO,2025-10-01T09:00:00Z,14.6,130.3,NaN
2025274N15131,2025,MATMO,2025-10-01T12:00:00Z,14.6,129.7,NaN
2025274N15131,2025,MATMO,2025-10-01T15:00:00Z,14.7,129.0,NaN
2025274N15131,2025,MATMO,2025-10-01T18:00:00Z,14.9,128.2,NaN
2025274N15131,2025,MATMO,2025-10-01T21:00:00Z,15.1,127.5,NaN
2025274N15131,2025,MATMO,2025-10-02T00:00:00Z,15.2,127.0,NaN
2025274N15131,2025,MATMO,2025-10-02T03:00:00Z,15.2,126.8,NaN
2025274N15131,2025,MATMO,2025-10-02T06:00:00Z,15.2,126.5,NaN
2025274N15131,2025,MATMO,2025-10-02T09:00:00Z,15.4,125.8,NaN
2025274N15131,2025,MATMO,2025-10-02T12:00:00Z,15.6,125.0,NaN
2025274N15131,2025,MATMO,2025-10-02T15:00:00Z,15.8,124.3,NaN
2025274N15131,2025,MATMO,2025-10-02T18:00:00Z,16.0,123.7,NaN
2025274N15131,2025,MATMO,2025-10-02T21:00:00Z,16.2,123.2,NaN
2025274N15131,2025,MATMO,2025-10-03T00:00:00Z,16.4,122.6,NaN
2025274N15131,2025,MATMO,2025-10-03T03:00:00Z,16.7,121.8,NaN
2025274N15131,2025,MATMO,2025-10-03T06:00:00Z,17.0,120.9,NaN
2025274N15131,2025,MATMO,2025-10-03T09:00:00Z,17.3,120.1,NaN
2025274N15131,2025,MATMO,2025-10-03T12:00:00Z,17.5,119.4,NaN
2025274N15131,2025,MATMO,2025-10-03T15:00:00Z,17.6,118.8,NaN
2025274N15131,2025,MATMO,2025-10-03T18:00:00Z,17.7,118.2,NaN
2025274N15131,2025,MATMO,2025-10-03T21:00:00Z,18.0,117.5,NaN
2025274N15131,2025,MATMO,2025-10-04T00:00:00Z,18.2,116.7,NaN
2025274N15131,2025,MATMO,2025-10-04T03:00:00Z,18.2,115.9,NaN
2025274N15131,2025,MATMO,2025-10-04T06:00:00Z,18.2,115.2,NaN
2025274N15131,2025,MATMO,2025-10-04T09:00:00Z,18.5,114.6,NaN
2025274N15131,2025,MATMO,2025-10-04T12:00:00Z,19.0,114.0,NaN
2025274N15131,2025,MATMO,2025-10-04T15:00:00Z,19.4,113.4,NaN
2025274N15131,2025,MATMO,2025-10-04T18:00:00Z,19.8,112.8,NaN
2025274N15131,2025,MATMO,2025-10-04T21:00:00Z,20.0,112.2,NaN
2025274N15131,2025,MATMO,2025-10-05T00:00:00Z,20.2,111.6,NaN
2025274N15131,2025,MATMO,2025-10-05T03:00:00Z,20.5,111.0,NaN
2025274N15131,2025,MATMO,2025-10-05T06:00:00Z,20.8,110.5,NaN
2025274N15131,2025,MATMO,2025-10-05T09:00:00Z,21.1,110.0,NaN
2025274N15131,2025,MATMO,2025-10-05T12:00:00Z,21.4,109.5,NaN
2025274N15131,2025,MATMO,2025-10-05T15:00:00Z,21.7,109.0,NaN
2025274N15131,2025,MATMO,2025-10-05T18:00:00Z,21.9,108.5,NaN
2025278N25143,2025,HALONG,2025-10-04T12:00:00Z,24.8,143.3,NaN
2025278N25143,2025,HALONG,2025-10-04T15:00:00Z,24.9,142.8,NaN
2025278N25143,2025,HALONG,2025-10-04T18:00:00Z,24.9,142.5,NaN
2025278N25143,2025,HALONG,2025-10-04T21:00:00Z,24.8,142.6,NaN
2025278N25143,2025,HALONG,2025-10-05T00:00:00Z,24.8,142.7,NaN
2025278N25143,2025,HALONG,2025-10-05T03:00:00Z,24.8,142.5,NaN
2025278N25143,2025,HALONG,2025-10-05T06:00:00Z,24.9,142.3,NaN
2025278N25143,2025,HALONG,2025-10-05T09:00:00Z,25.0,142.4,NaN
2025278N25143,2025,HALONG,2025-10-05T12:00:00Z,25.2,142.4,NaN
2025278N25143,2025,HALONG,2025-10-05T15:00:00Z,25.4,142.2,NaN
2025278N25143,2025,HALONG,2025-10-05T18:00:00Z,25.5,141.9,NaN
2025278N25143,2025,HALONG,2025-10-05T21:00:00Z,25.6,141.7,NaN
2025278N25143,2025,HALONG,2025-10-06T00:00:00Z,25.6,141.5,NaN
2025278N25143,2025,HALONG,2025-10-06T03:00:00Z,25.6,141.2,NaN
2025278N25143,2025,HALONG,2025-10-06T06:00:00Z,25.7,140.9,NaN
2025278N25143,2025,HALONG,2025-10-06T09:00:00Z,25.9,140.5,NaN
2025278N25143,2025,HALONG,2025-10-06T12:00:00Z,26.2,140.0,NaN
2025278N25143,2025,HALONG,2025-10-06T15:00:00Z,26.4,139.6,NaN
2025278N25143,2025,HALONG,2025-10-06T18:00:00Z,26.6,139.2,NaN
2025278N25143,2025,HALONG,2025-10-06T21:00:00Z,26.7,138.9,NaN
2025278N25143,2025,HALONG,2025-10-07T00:00:00Z,26.9,138.6,NaN
2025278N25143,2025,HALONG,2025-10-07T03:00:00Z,27.2,138.3,NaN
2025278N25143,2025,HALONG,2025-10-07T06:00:00Z,27.6,137.9,NaN
2025278N25143,2025,HALONG,2025-10-07T09:00:00Z,27.9,137.6,NaN
2025278N25143,2025,HALONG,2025-10-07T12:00:00Z,28.1,137.3,NaN
2025278N25143,2025,HALONG,2025-10-07T15:00:00Z,28.4,137.1,NaN
2025278N25143,2025,HALONG,2025-10-07T18:00:00Z,28.8,137.0,NaN
2025278N25143,2025,HALONG,2025-10-07T21:00:00Z,29.2,137.0,NaN
2025278N25143,2025,HALONG,2025-10-08T00:00:00Z,29.7,137.1,NaN
2025278N25143,2025,HALONG,2025-10-08T03:00:00Z,30.1,137.4,NaN
2025278N25143,2025,HALONG,2025-10-08T06:00:00Z,30.5,137.8,NaN
2025278N25143,2025,HALONG,2025-10-08T09:00:00Z,31.0,138.1,NaN
2025278N25143,2025,HALONG,2025-10-08T12:00:00Z,31.5,138.5,NaN
2025278N25143,2025,HALONG,2025-10-08T15:00:00Z,32.0,138.9,NaN
2025278N25143,2025,HALONG,2025-10-08T18:00:00Z,32.5,139.4,NaN
2025278N25143,2025,HALONG,2025-10-08T21:00:00Z,32.8,140.1,NaN
2025278N25143,2025,HALONG,2025-10-09T00:00:00Z,33.0,141.1,NaN
2025278N25143,2025,HALONG,2025-10-09T03:00:00Z,33.3,142.2,NaN
2025278N25143,2025,HALONG,2025-10-09T06:00:00Z,33.6,143.6,NaN
2025278N25143,2025,HALONG,2025-10-09T09:00:00Z,33.8,145.1,NaN
2025278N25143,2025,HALONG,2025-10-09T12:00:00Z,33.9,146.7,NaN
2025278N25143,2025,HALONG,2025-10-09T15:00:00Z,34.0,148.3,NaN
2025278N25143,2025,HALONG,2025-10-09T18:00:00Z,34.1,149.9,NaN
2025278N25143,2025,HALONG,2025-10-09T21:00:00Z,34.1,151.4,NaN
2025278N25143,2025,HALONG,2025-10-10T00:00:00Z,34.1,153.2,NaN
2025278N25143,2025,HALONG,2025-10-10T03:00:00Z,34.3,155.8,NaN
2025278N25143,2025,HALONG,2025-10-10T06:00:00Z,34.6,159.0,NaN
2025281N19139,2025,NAKRI,2025-10-08T06:00:00Z,19.0,138.5,NaN
2025281N19139,2025,NAKRI,2025-10-08T09:00:00Z,19.8,137.9,NaN
2025281N19139,2025,NAKRI,2025-10-08T12:00:00Z,20.5,137.3,NaN
2025281N19139,2025,NAKRI,2025-10-08T15:00:00Z,21.2,136.8,NaN
2025281N19139,2025,NAKRI,2025-10-08T18:00:00Z,21.8,136.3,NaN
2025281N19139,2025,NAKRI,2025-10-08T21:00:00Z,22.4,136.0,NaN
2025281N19139,2025,NAKRI,2025-10-09T00:00:00Z,22.9,135.7,NaN
2025281N19139,2025,NAKRI,2025-10-09T03:00:00Z,23.5,135.2,NaN
2025281N19139,2025,NAKRI,2025-10-09T06:00:00Z,24.1,134.8,NaN
2025281N19139,2025,NAKRI,2025-10-09T09:00:00Z,24.4,134.5,NaN
2025281N19139,2025,NAKRI,2025-10-09T12:00:00Z,24.7,134.3,NaN
2025281N19139,2025,NAKRI,2025-10-09T15:00:00Z,25.2,134.2,NaN
2025281N19139,2025,NAKRI,2025-10-09T18:00:00Z,25.8,133.9,NaN
2025281N19139,2025,NAKRI,2025-10-09T21:00:00Z,26.3,133.4,NaN
2025281N19139,2025,NAKRI,2025-10-10T00:00:00Z,26.7,132.7,NaN
2025281N19139,2025,NAKRI,2025-10-10T03:00:00Z,27.1,132.1,NaN
2025281N19139,2025,NAKRI,2025-10-10T06:00:00Z,27.2,131.6,NaN
2025281N19139,2025,NAKRI,2025-10-10T09:00:00Z,26.9,131.1,NaN
2025281N19139,2025,NAKRI,2025-10-10T12:00:00Z,26.5,130.8,NaN
2025281N19139,2025,NAKRI,2025-10-10T15:00:00Z,26.5,130.7,NaN
2025281N19139,2025,NAKRI,2025-10-10T18:00:00Z,26.7,130.6,NaN
2025281N19139,2025,NAKRI,2025-10-10T21:00:00Z,26.9,130.4,NaN
2025281N19139,2025,NAKRI,2025-10-11T00:00:00Z,27.2,130.3,NaN
2025281N19139,2025,NAKRI,2025-10-11T03:00:00Z,27.4,130.6,NaN
2025281N19139,2025,NAKRI,2025-10-11T06:00:00Z,27.7,131.0,NaN
2025281N19139,2025,NAKRI,2025-10-11T09:00:00Z,28.2,131.3,NaN
2025281N19139,2025,NAKRI,2025-10-11T12:00:00Z,28.7,131.5,NaN
2025281N19139,2025,NAKRI,2025-10-11T15:00:00Z,29.0,131.6,NaN
2025281N19139,2025,NAKRI,2025-10-11T18:00:00Z,29.3,131.8,NaN
2025281N19139,2025,NAKRI,2025-10-11T21:00:00Z,29.7,132.5,NaN
2025281N19139,2025,NAKRI,2025-10-12T00:00:00Z,30.1,133.5,NaN
2025281N19139,2025,NAKRI,2025-10-12T03:00:00Z,30.5,134.4,NaN
2025281N19139,2025,NAKRI,2025-10-12T06:00:00Z,30.9,135.2,NaN
2025281N19139,2025,NAKRI,2025-10-12T09:00:00Z,31.3,135.8,NaN
2025281N19139,2025,NAKRI,2025-10-12T12:00:00Z,31.7,136.5,NaN
2025281N19139,2025,NAKRI,2025-10-12T15:00:00Z,31.9,137.3,NaN
2025281N19139,2025,NAKRI,2025-10-12T18:00:00Z,32.2,138.3,NaN
2025281N19139,2025,NAKRI,2025-10-12T21:00:00Z,32.6,139.2,NaN
2025281N19139,2025,NAKRI,2025-10-13T00:00:00Z,33.1,140.3,NaN
2025281N19139,2025,NAKRI,2025-10-13T03:00:00Z,33.5,141.5,NaN
2025281N19139,2025,NAKRI,2025-10-13T06:00:00Z,33.8,142.8,NaN
2025281N19139,2025,NAKRI,2025-10-13T09:00:00Z,34.1,144.1,NaN
2025281N19139,2025,NAKRI,2025-10-13T12:00:00Z,34.3,145.3,NaN
2025281N19139,2025,NAKRI,2025-10-13T15:00:00Z,34.2,146.4,NaN
2025281N19139,2025,NAKRI,2025-10-13T18:00:00Z,34.2,147.7,NaN
2025281N19139,2025,NAKRI,2025-10-13T21:00:00Z,34.5,149.3,NaN
2025281N19139,2025,NAKRI,2025-10-14T00:00:00Z,34.9,151.0,NaN
2025281N19139,2025,NAKRI,2025-10-14T03:00:00Z,35.0,152.8,NaN
2025281N19139,2025,NAKRI,2025-10-14T06:00:00Z,35.0,154.6,NaN
2025281N19139,2025,NAKRI,2025-10-14T09:00:00Z,35.2,156.3,NaN
2025281N19139,2025,NAKRI,2025-10-14T12:00:00Z,35.4,158.0,NaN
2025281N19139,2025,NAKRI,2025-10-14T15:00:00Z,35.5,159.7,NaN
2025281N19139,2025,NAKRI,2025-10-14T18:00:00Z,35.6,161.4,NaN
2025291N13126,2025,FENGSHEN,2025-10-18T00:00:00Z,13.5,125.8,NaN
2025291N13126,2025,FENGSHEN,2025-10-18T03:00:00Z,13.1,125.1,NaN
2025291N13126,2025,FENGSHEN,2025-10-18T06:00:00Z,13.0,124.7,NaN
2025291N13126,2025,FENGSHEN,2025-10-18T09:00:00Z,13.3,124.5,NaN
2025291N13126,2025,FENGSHEN,2025-10-18T12:00:00Z,13.7,124.3,NaN
2025291N13126,2025,FENGSHEN,2025-10-18T15:00:00Z,13.8,123.5,NaN
2025291N13126,2025,FENGSHEN,2025-10-18T18:00:00Z,13.9,122.6,NaN
2025291N13126,2025,FENGSHEN,2025-10-18T21:00:00Z,14.1,122.1,NaN
2025291N13126,2025,FENGSHEN,2025-10-19T00:00:00Z,14.4,121.6,NaN
2025291N13126,2025,FENGSHEN,2025-10-19T03:00:00Z,14.5,120.6,NaN
2025291N13126,2025,FENGSHEN,2025-10-19T06:00:00Z,14.8,119.7,NaN
2025291N13126,2025,FENGSHEN,2025-10-19T09:00:00Z,15.4,119.2,NaN
2025291N13126,2025,FENGSHEN,2025-10-19T12:00:00Z,16.1,118.8,NaN
2025291N13126,2025,FENGSHEN,2025-10-19T15:00:00Z,16.7,118.1,NaN
2025291N13126,2025,FENGSHEN,2025-10-19T18:00:00Z,17.3,117.5,NaN
2025291N13126,2025,FENGSHEN,2025-10-19T21:00:00Z,17.7,117.1,NaN
2025291N13126,2025,FENGSHEN,2025-10-20T00:00:00Z,18.0,116.7,NaN
2025291N13126,2025,FENGSHEN,2025-10-20T03:00:00Z,18.3,116.0,NaN
2025291N13126,2025,FENGSHEN,2025-10-20T06:00:00Z,18.5,115.3,NaN
2025291N13126,2025,FENGSHEN,2025-10-20T09:00:00Z,18.6,114.7,NaN
2025291N13126,2025,FENGSHEN,2025-10-20T12:00:00Z,18.5,114.2,NaN
2025291N13126,2025,FENGSHEN,2025-10-20T15:00:00Z,18.2,113.5,NaN
2025291N13126,2025,FENGSHEN,2025-10-20T18:00:00Z,17.9,112.9,NaN
2025291N13126,2025,FENGSHEN,2025-10-20T21:00:00Z,17.6,112.5,NaN
2025291N13126,2025,FENGSHEN,2025-10-21T00:00:00Z,17.3,112.2,NaN
2025291N13126,2025,FENGSHEN,2025-10-21T03:00:00Z,17.2,111.9,NaN
2025291N13126,2025,FENGSHEN,2025-10-21T06:00:00Z,17.1,111.6,NaN
2025291N13126,2025,FENGSHEN,2025-10-21T09:00:00Z,17.0,111.4,NaN
2025291N13126,2025,FENGSHEN,2025-10-21T12:00:00Z,17.0,111.4,NaN
2025291N13126,2025,FENGSHEN,2025-10-21T15:00:00Z,17.2,111.6,NaN
2025291N13126,2025,FENGSHEN,2025-10-21T18:00:00Z,17.3,111.8,NaN
2025291N13126,2025,FENGSHEN,2025-10-21T21:00:00Z,17.2,111.9,NaN
2025291N13126,2025,FENGSHEN,2025-10-22T00:00:00Z,17.2,111.8,NaN
2025291N13126,2025,FENGSHEN,2025-10-22T03:00:00Z,17.4,111.1,NaN
2025291N13126,2025,FENGSHEN,2025-10-22T06:00:00Z,17.5,110.3,NaN
2025291N13126,2025,FENGSHEN,2025-10-22T09:00:00Z,17.4,109.9,NaN
2025291N13126,2025,FENGSHEN,2025-10-22T12:00:00Z,17.2,109.6,NaN
2025291N13126,2025,FENGSHEN,2025-10-22T15:00:00Z,16.9,109.1,NaN
2025291N13126,2025,FENGSHEN,2025-10-22T18:00:00Z,16.5,108.7,NaN
2025291N13126,2025,FENGSHEN,2025-10-22T21:00:00Z,16.2,108.6,NaN
2025291N13126,2025,FENGSHEN,2025-10-23T00:00:00Z,16.0,108.6,NaN
2025305N10138,2025,KALMAEGI,2025-11-01T06:00:00Z,9.8,138.1,NaN
2025305N10138,2025,KALMAEGI,2025-11-01T09:00:00Z,10.0,137.6,NaN
2025305N10138,2025,KALMAEGI,2025-11-01T12:00:00Z,10.2,137.2,NaN
2025305N10138,2025,KALMAEGI,2025-11-01T15:00:00Z,10.4,136.8,NaN
2025305N10138,2025,KALMAEGI,2025-11-01T18:00:00Z,10.6,136.4,NaN
2025305N10138,2025,KALMAEGI,2025-11-01T21:00:00Z,10.7,135.8,NaN
2025305N10138,2025,KALMAEGI,2025-11-02T00:00:00Z,10.8,135.1,NaN
2025305N10138,2025,KALMAEGI,2025-11-02T03:00:00Z,11.1,134.2,NaN
2025305N10138,2025,KALMAEGI,2025-11-02T06:00:00Z,11.3,133.3,NaN
2025305N10138,2025,KALMAEGI,2025-11-02T09:00:00Z,11.4,132.5,NaN
2025305N10138,2025,KALMAEGI,2025-11-02T12:00:00Z,11.3,131.8,NaN
2025305N10138,2025,KALMAEGI,2025-11-02T15:00:00Z,11.2,130.9,NaN
2025305N10138,2025,KALMAEGI,2025-11-02T18:00:00Z,11.0,130.1,NaN
2025305N10138,2025,KALMAEGI,2025-11-02T21:00:00Z,10.7,129.5,NaN
2025305N10138,2025,KALMAEGI,2025-11-03T00:00:00Z,10.5,128.9,NaN
2025305N10138,2025,KALMAEGI,2025-11-03T03:00:00Z,10.4,128.3,NaN
2025305N10138,2025,KALMAEGI,2025-11-03T06:00:00Z,10.4,127.7,NaN
2025305N10138,2025,KALMAEGI,2025-11-03T09:00:00Z,10.5,127.1,NaN
2025305N10138,2025,KALMAEGI,2025-11-03T12:00:00Z,10.6,126.3,NaN
2025305N10138,2025,KALMAEGI,2025-11-03T15:00:00Z,10.9,125.3,NaN
2025305N10138,2025,KALMAEGI,2025-11-03T18:00:00Z,11.1,124.4,NaN
2025305N10138,2025,KALMAEGI,2025-11-03T21:00:00Z,10.9,123.8,NaN
2025305N10138,2025,KALMAEGI,2025-11-04T00:00:00Z,10.6,123.2,NaN
2025305N10138,2025,KALMAEGI,2025-11-04T03:00:00Z,10.4,122.5,NaN
2025305N10138,2025,KALMAEGI,2025-11-04T06:00:00Z,10.4,121.8,NaN
2025305N10138,2025,KALMAEGI,2025-11-04T09:00:00Z,10.5,121.3,NaN
2025305N10138,2025,KALMAEGI,2025-11-04T12:00:00Z,10.6,120.8,NaN
2025305N10138,2025,KALMAEGI,2025-11-04T15:00:00Z,10.7,120.3,NaN
2025305N10138,2025,KALMAEGI,2025-11-04T18:00:00Z,10.9,119.9,NaN
2025305N10138,2025,KALMAEGI,2025-11-04T21:00:00Z,11.1,119.6,NaN
2025305N10138,2025,KALMAEGI,2025-11-05T00:00:00Z,11.4,119.1,NaN
2025305N10138,2025,KALMAEGI,2025-11-05T03:00:00Z,11.8,118.1,NaN
2025305N10138,2025,KALMAEGI,2025-11-05T06:00:00Z,12.1,117.1,NaN
2025305N10138,2025,KALMAEGI,2025-11-05T09:00:00Z,12.3,116.5,NaN
2025305N10138,2025,KALMAEGI,2025-11-05T12:00:00Z,12.5,115.9,NaN
2025305N10138,2025,KALMAEGI,2025-11-05T15:00:00Z,12.9,115.2,NaN
2025305N10138,2025,KALMAEGI,2025-11-05T18:00:00Z,13.2,114.3,NaN
2025305N10138,2025,KALMAEGI,2025-11-05T21:00:00Z,13.2,113.2,NaN
2025305N10138,2025,KALMAEGI,2025-11-06T00:00:00Z,13.2,112.1,NaN
2025305N10138,2025,KALMAEGI,2025-11-06T03:00:00Z,13.2,111.3,NaN
2025305N10138,2025,KALMAEGI,2025-11-06T06:00:00Z,13.3,110.6,NaN
2025305N10138,2025,KALMAEGI,2025-11-06T09:00:00Z,13.4,109.9,NaN
2025305N10138,2025,KALMAEGI,2025-11-06T12:00:00Z,13.6,109.1,NaN
2025308N10143,2025,FUNG-WONG,2025-11-04T06:00:00Z,9.6,142.9,NaN
2025308N10143,2025,FUNG-WONG,2025-11-04T09:00:00Z,9.3,142.2,NaN
2025308N10143,2025,FUNG-WONG,2025-11-04T12:00:00Z,8.9,141.7,NaN
2025308N10143,2025,FUNG-WONG,2025-11-04T15:00:00Z,8.5,141.5,NaN
2025308N10143,2025,FUNG-WONG,2025-11-04T18:00:00Z,8.2,141.7,NaN
2025308N10143,2025,FUNG-WONG,2025-11-04T21:00:00Z,8.1,142.6,NaN
2025308N10143,2025,FUNG-WONG,2025-11-05T00:00:00Z,8.1,143.4,NaN
2025308N10143,2025,FUNG-WONG,2025-11-05T03:00:00Z,8.3,143.5,NaN
2025308N10143,2025,FUNG-WONG,2025-11-05T06:00:00Z,8.5,143.2,NaN
2025308N10143,2025,FUNG-WONG,2025-11-05T09:00:00Z,8.5,143.0,NaN
2025308N10143,2025,FUNG-WONG,2025-11-05T12:00:00Z,8.6,142.5,NaN
2025308N10143,2025,FUNG-WONG,2025-11-05T15:00:00Z,8.9,141.7,NaN
2025308N10143,2025,FUNG-WONG,2025-11-05T18:00:00Z,9.4,140.9,NaN
2025308N10143,2025,FUNG-WONG,2025-11-05T21:00:00Z,9.9,140.3,NaN
2025308N10143,2025,FUNG-WONG,2025-11-06T00:00:00Z,10.2,140.0,NaN
2025308N10143,2025,FUNG-WONG,2025-11-06T03:00:00Z,10.0,140.3,NaN
2025308N10143,2025,FUNG-WONG,2025-11-06T06:00:00Z,9.7,140.6,NaN
2025308N10143,2025,FUNG-WONG,2025-11-06T09:00:00Z,9.9,140.2,NaN
2025308N10143,2025,FUNG-WONG,2025-11-06T12:00:00Z,10.2,139.6,NaN
2025308N10143,2025,FUNG-WONG,2025-11-06T15:00:00Z,10.4,139.1,NaN
2025308N10143,2025,FUNG-WONG,2025-11-06T18:00:00Z,10.7,138.6,NaN
2025308N10143,2025,FUNG-WONG,2025-11-06T21:00:00Z,11.1,138.3,NaN
2025308N10143,2025,FUNG-WONG,2025-11-07T00:00:00Z,11.4,137.9,NaN
2025308N10143,2025,FUNG-WONG,2025-11-07T03:00:00Z,11.5,137.3,NaN
2025308N10143,2025,FUNG-WONG,2025-11-07T06:00:00Z,11.6,136.6,NaN
2025308N10143,2025,FUNG-WONG,2025-11-07T09:00:00Z,11.7,136.0,NaN
2025308N10143,2025,FUNG-WONG,2025-11-07T12:00:00Z,11.9,135.4,NaN
2025308N10143,2025,FUNG-WONG,2025-11-07T15:00:00Z,12.0,134.6,NaN
2025308N10143,2025,FUNG-WONG,2025-11-07T18:00:00Z,12.2,133.8,NaN
2025308N10143,2025,FUNG-WONG,2025-11-07T21:00:00Z,12.3,132.9,NaN
2025308N10143,2025,FUNG-WONG,2025-11-08T00:00:00Z,12.5,132.1,NaN
2025308N10143,2025,FUNG-WONG,2025-11-08T03:00:00Z,12.7,131.4,NaN
2025308N10143,2025,FUNG-WONG,2025-11-08T06:00:00Z,13.0,130.6,NaN
2025308N10143,2025,FUNG-WONG,2025-11-08T09:00:00Z,13.2,129.3,NaN
2025308N10143,2025,FUNG-WONG,2025-11-08T12:00:00Z,13.3,128.1,NaN
2025308N10143,2025,FUNG-WONG,2025-11-08T15:00:00Z,13.5,127.3,NaN
2025308N10143,2025,FUNG-WONG,2025-11-08T18:00:00Z,13.7,126.6,NaN
2025308N10143,2025,FUNG-WONG,2025-11-08T21:00:00Z,13.8,125.7,NaN
2025308N10143,2025,FUNG-WONG,2025-11-09T00:00:00Z,14.0,124.8,NaN
2025308N10143,2025,FUNG-WONG,2025-11-09T03:00:00Z,14.4,124.0,NaN
2025308N10143,2025,FUNG-WONG,2025-11-09T06:00:00Z,14.9,123.2,NaN
2025308N10143,2025,FUNG-WONG,2025-11-09T09:00:00Z,15.5,122.5,NaN
2025308N10143,2025,FUNG-WONG,2025-11-09T12:00:00Z,16.1,121.8,NaN
2025308N10143,2025,FUNG-WONG,2025-11-09T15:00:00Z,16.3,121.0,NaN
2025308N10143,2025,FUNG-WONG,2025-11-09T18:00:00Z,16.5,120.3,NaN
2025308N10143,2025,FUNG-WONG,2025-11-09T21:00:00Z,16.9,119.7,NaN
2025308N10143,2025,FUNG-WONG,2025-11-10T00:00:00Z,17.3,119.2,NaN
2025308N10143,2025,FUNG-WONG,2025-11-10T03:00:00Z,17.4,118.9,NaN
2025308N10143,2025,FUNG-WONG,2025-11-10T06:00:00Z,17.6,118.8,NaN
2025308N10143,2025,FUNG-WONG,2025-11-10T09:00:00Z,18.0,118.6,NaN
2025308N10143,2025,FUNG-WONG,2025-11-10T12:00:00Z,18.5,118.5,NaN
2025308N10143,2025,FUNG-WONG,2025-11-10T15:00:00Z,18.7,118.4,NaN
2025308N10143,2025,FUNG-WONG,2025-11-10T18:00:00Z,18.8,118.3,NaN
2025308N10143,2025,FUNG-WONG,2025-11-10T21:00:00Z,19.1,118.3,NaN
2025308N10143,2025,FUNG-WONG,2025-11-11T00:00:00Z,19.4,118.4,NaN
2025308N10143,2025,FUNG-WONG,2025-11-11T03:00:00Z,19.8,118.5,NaN
2025308N10143,2025,FUNG-WONG,2025-11-11T06:00:00Z,20.1,118.6,NaN
2025308N10143,2025,FUNG-WONG,2025-11-11T09:00:00Z,20.3,118.9,NaN
2025308N10143,2025,FUNG-WONG,2025-11-11T12:00:00Z,20.6,119.1,NaN
2025308N10143,2025,FUNG-WONG,2025-11-11T15:00:00Z,21.0,119.1,NaN
2025308N10143,2025,FUNG-WONG,2025-11-11T18:00:00Z,21.4,119.0,NaN
2025308N10143,2025,FUNG-WONG,2025-11-11T21:00:00Z,21.4,119.1,NaN
2025308N10143,2025,FUNG-WONG,2025-11-12T00:00:00Z,21.4,119.3,NaN
2025308N10143,2025,FUNG-WONG,2025-11-12T03:00:00Z,21.6,119.5,NaN
2025308N10143,2025,FUNG-WONG,2025-11-12T06:00:00Z,21.8,119.8,NaN
2025308N10143,2025,FUNG-WONG,2025-11-12T09:00:00Z,22.0,120.1,NaN
2025308N10143,2025,FUNG-WONG,2025-11-12T12:00:00Z,22.2,120.6,NaN
2025308N10143,2025,FUNG-WONG,2025-11-12T15:00:00Z,22.6,121.2,NaN
2025308N10143,2025,FUNG-WONG,2025-11-12T18:00:00Z,23.1,121.8,NaN
2025308N10143,2025,FUNG-WONG,2025-11-12T21:00:00Z,23.7,122.2,NaN
2025308N10143,2025,FUNG-WONG,2025-11-13T00:00:00Z,24.4,122.8,NaN
2025308N10143,2025,FUNG-WONG,2025-11-13T03:00:00Z,25.2,123.9,NaN
2025308N10143,2025,FUNG-WONG,2025-11-13T06:00:00Z,25.8,125.3,NaN
2025308N10143,2025,FUNG-WONG,2025-11-13T09:00:00Z,26.1,126.8,NaN
2025308N10143,2025,FUNG-WONG,2025-11-13T12:00:00Z,26.3,128.3,NaN
2025329N10124,2025,KOTO,2025-11-24T18:00:00Z,9.8,123.7,NaN
2025329N10124,2025,KOTO,2025-11-24T21:00:00Z,10.2,123.0,NaN
2025329N10124,2025,KOTO,2025-11-25T00:00:00Z,10.6,122.4,NaN
2025329N10124,2025,KOTO,2025-11-25T03:00:00Z,10.8,121.8,NaN
2025329N10124,2025,KOTO,2025-11-25T06:00:00Z,11.0,121.2,NaN
2025329N10124,2025,KOTO,2025-11-25T09:00:00Z,11.2,120.6,NaN
2025329N10124,2025,KOTO,2025-11-25T12:00:00Z,11.4,120.1,NaN
2025329N10124,2025,KOTO,2025-11-25T15:00:00Z,11.7,119.7,NaN
2025329N10124,2025,KOTO,2025-11-25T18:00:00Z,12.1,119.3,NaN
2025329N10124,2025,KOTO,2025-11-25T21:00:00Z,12.4,118.5,NaN
2025329N10124,2025,KOTO,2025-11-26T00:00:00Z,12.5,117.6,NaN
2025329N10124,2025,KOTO,2025-11-26T03:00:00Z,12.2,117.0,NaN
2025329N10124,2025,KOTO,2025-11-26T06:00:00Z,11.9,116.4,NaN
2025329N10124,2025,KOTO,2025-11-26T09:00:00Z,12.1,115.8,NaN
2025329N10124,2025,KOTO,2025-11-26T12:00:00Z,12.5,115.3,NaN
2025329N10124,2025,KOTO,2025-11-26T15:00:00Z,12.9,115.0,NaN
2025329N10124,2025,KOTO,2025-11-26T18:00:00Z,13.2,114.8,NaN
2025329N10124,2025,KOTO,2025-11-26T21:00:00Z,13.3,114.3,NaN
2025329N10124,2025,KOTO,2025-11-27T00:00:00Z,13.2,113.9,NaN
2025329N10124,2025,KOTO,2025-11-27T03:00:00Z,13.2,113.8,NaN
2025329N10124,2025,KOTO,2025-11-27T06:00:00Z,13.1,113.8,NaN
2025329N10124,2025,KOTO,2025-11-27T09:00:00Z,13.0,113.8,NaN
2025329N10124,2025,KOTO,2025-11-27T12:00:00Z,12.8,113.8,NaN
2025329N10124,2025,KOTO,2025-11-27T15:00:00Z,12.5,113.7,NaN
2025329N10124,2025,KOTO,2025-11-27T18:00:00Z,12.3,113.6,NaN
2025329N10124,2025,KOTO,2025-11-27T21:00:00Z,12.2,113.3,NaN
2025329N10124,2025,KOTO,2025-11-28T00:00:00Z,12.3,113.0,NaN
2025329N10124,2025,KOTO,2025-11-28T03:00:00Z,12.4,112.8,NaN
2025329N10124,2025,KOTO,2025-11-28T06:00:00Z,12.5,112.7,NaN
2025329N10124,2025,KOTO,2025-11-28T09:00:00Z,12.6,112.5,NaN
2025329N10124,2025,KOTO,2025-11-28T12:00:00Z,12.7,112.4,NaN
2025329N10124,2025,KOTO,2025-11-28T15:00:00Z,13.0,112.4,NaN
2025329N10124,2025,KOTO,2025-11-28T18:00:00Z,13.3,112.4,NaN
2025329N10124,2025,KOTO,2025-11-28T21:00:00Z,13.2,112.3,NaN
2025329N10124,2025,KOTO,2025-11-29T00:00:00Z,13.0,112.2,NaN
2025329N10124,2025,KOTO,2025-11-29T03:00:00Z,13.1,112.1,NaN
2025329N10124,2025,KOTO,2025-11-29T06:00:00Z,13.3,112.0,NaN
2025329N10124,2025,KOTO,2025-11-29T09:00:00Z,13.4,112.0,NaN
2025329N10124,2025,KOTO,2025-11-29T12:00:00Z,13.5,112.0,NaN
2025329N10124,2025,KOTO,2025-11-29T15:00:00Z,13.6,112.1,NaN
2025329N10124,2025,KOTO,2025-11-29T18:00:00Z,13.7,112.2,NaN
2025329N10124,2025,KOTO,2025-11-29T21:00:00Z,13.8,112.3,NaN
2025329N10124,2025,KOTO,2025-11-30T00:00:00Z,14.0,112.4,NaN
2025329N10124,2025,KOTO,2025-11-30T03:00:00Z,14.2,112.4,NaN
2025329N10124,2025,KOTO,2025-11-30T06:00:00Z,14.3,112.3,NaN
2025329N10124,2025,KOTO,2025-11-30T09:00:00Z,14.3,112.3,NaN
2025329N10124,2025,KOTO,2025-11-30T12:00:00Z,14.4,112.2,NaN
2025329N10124,2025,KOTO,2025-11-30T15:00:00Z,14.7,112.0,NaN
2025329N10124,2025,KOTO,2025-11-30T18:00:00Z,14.9,111.8,NaN
2025329N10124,2025,KOTO,2025-11-30T21:00:00Z,14.8,111.7,NaN
2025329N10124,2025,KOTO,2025-12-01T00:00:00Z,14.7,111.6,NaN
2025329N10124,2025,KOTO,2025-12-01T03:00:00Z,14.6,111.5,NaN
2025329N10124,2025,KOTO,2025-12-01T06:00:00Z,14.6,111.5,NaN
2025329N10124,2025,KOTO,2025-12-01T09:00:00Z,14.6,111.5,NaN
2025329N10124,2025,KOTO,2025-12-01T12:00:00Z,14.6,111.5,NaN
2025329N10124,2025,KOTO,2025-12-01T15:00:00Z,14.5,111.3,NaN
2025329N10124,2025,KOTO,2025-12-01T18:00:00Z,14.3,111.2,NaN
2025329N10124,2025,KOTO,2025-12-01T21:00:00Z,14.2,111.3,NaN
2025329N10124,2025,KOTO,2025-12-02T00:00:00Z,14.0,111.5,NaN
2025329N10124,2025,KOTO,2025-12-02T03:00:00Z,13.8,111.6,NaN
2025329N10124,2025,KOTO,2025-12-02T06:00:00Z,13.7,111.7,NaN
2025329N10124,2025,KOTO,2025-12-02T09:00:00Z,13.7,111.8,NaN
2025329N10124,2025,KOTO,2025-12-02T12:00:00Z,13.7,111.7,NaN
2025329N10124,2025,KOTO,2025-12-02T15:00:00Z,13.6,111.5,NaN
2025329N10124,2025,KOTO,2025-12-02T18:00:00Z,13.5,111.2,NaN
2025329N10124,2025,KOTO,2025-12-02T21:00:00Z,13.4,110.9,NaN
2025329N10124,2025,KOTO,2025-12-03T00:00:00Z,13.3,110.6,NaN
2025330N05099,2025,SENYAR,2025-11-26T21:00:00Z,3.6,100.2,NaN
2025330N05099,2025,SENYAR,2025-11-27T00:00:00Z,3.6,100.4,NaN
2025330N05099,2025,SENYAR,2025-11-27T03:00:00Z,3.6,100.4,NaN
2025330N05099,2025,SENYAR,2025-11-27T06:00:00Z,3.6,100.4,NaN
2025330N05099,2025,SENYAR,2025-11-27T09:00:00Z,3.6,100.6,NaN
2025330N05099,2025,SENYAR,2025-11-27T12:00:00Z,3.6,100.9,NaN
2025330N05099,2025,SENYAR,2025-11-27T15:00:00Z,3.6,101.1,NaN
2025330N05099,2025,SENYAR,2025-11-27T18:00:00Z,3.6,101.2,NaN
2025330N05099,2025,SENYAR,2025-11-27T21:00:00Z,3.6,101.4,NaN
2025330N05099,2025,SENYAR,2025-11-28T00:00:00Z,3.7,101.5,NaN
2025330N05099,2025,SENYAR,2025-11-28T03:00:00Z,3.7,101.5,NaN
2025330N05099,2025,SENYAR,2025-11-28T06:00:00Z,3.8,101.8,NaN
2025330N05099,2025,SENYAR,2025-11-28T09:00:00Z,4.0,102.8,NaN
2025330N05099,2025,SENYAR,2025-11-28T12:00:00Z,4.3,104.3,NaN
2025333N05105,2025,UNNAMED,2025-11-28T18:00:00Z,4.5,105.1,NaN
2025333N05105,2025,UNNAMED,2025-11-28T21:00:00Z,4.8,105.5,NaN
2025333N05105,2025,UNNAMED,2025-11-29T00:00:00Z,5.0,105.9,NaN
2025333N05105,2025,UNNAMED,2025-11-29T03:00:00Z,4.9,106.4,NaN
2025333N05105,2025,UNNAMED,2025-11-29T06:00:00Z,4.8,106.8,NaN
2025333N05105,2025,UNNAMED,2025-11-29T09:00:00Z,5.0,107.1,NaN
2025333N05105,2025,UNNAMED,2025-11-29T12:00:00Z,5.2,107.5,NaN
2025333N05105,2025,UNNAMED,2025-11-29T15:00:00Z,5.4,108.0,NaN
2025333N05105,2025,UNNAMED,2025-11-29T18:00:00Z,5.6,108.5,NaN
2025333N05105,2025,UNNAMED,2025-11-29T21:00:00Z,6.0,108.9,NaN
2025333N05105,2025,UNNAMED,2025-11-30T00:00:00Z,6.4,109.1,NaN
2025333N05105,2025,UNNAMED,2025-11-30T03:00:00Z,6.9,109.2,NaN
2025333N05105,2025,UNNAMED,2025-11-30T06:00:00Z,7.4,109.2,NaN
